#pragma once
typedef struct { const char* path; const unsigned char* data; unsigned int size; } WagnerAsset;
static const unsigned char asset_0[] = {
  0x89, 0x50, 0x4e, 0x47, 0x0d, 0x0a, 0x1a, 0x0a, 0x00, 0x00, 0x00, 0x0d,
  0x49, 0x48, 0x44, 0x52, 0x00, 0x00, 0x00, 0x10, 0x00, 0x00, 0x00, 0x10,
  0x01, 0x03, 0x00, 0x00, 0x00, 0x25, 0x3d, 0x6d, 0x22, 0x00, 0x00, 0x00,
  0x06, 0x50, 0x4c, 0x54, 0x45, 0x03, 0x03, 0x03, 0xff, 0xff, 0xff, 0x76,
  0x58, 0x38, 0x4d, 0x00, 0x00, 0x00, 0x37, 0x49, 0x44, 0x41, 0x54, 0x78,
  0x5e, 0x1d, 0xc4, 0xb1, 0x09, 0x00, 0x20, 0x10, 0xc0, 0xc0, 0x14, 0x82,
  0x82, 0x0f, 0x2f, 0x4e, 0x62, 0xe9, 0x16, 0x8e, 0xe2, 0x0a, 0x4e, 0x69,
  0xed, 0x08, 0x62, 0x61, 0x2d, 0x6f, 0x38, 0x82, 0x35, 0x6c, 0x7e, 0xa1,
  0x97, 0x38, 0xd1, 0x43, 0xc8, 0x14, 0xa1, 0x6d, 0xd3, 0x3f, 0xc0, 0x25,
  0xa4, 0x3e, 0xe6, 0x78, 0x0a, 0x39, 0x05, 0xa6, 0xe9, 0x3c, 0x00, 0x00,
  0x00, 0x00, 0x49, 0x45, 0x4e, 0x44, 0xae, 0x42, 0x60, 0x82
};
static const unsigned char asset_1[] = {
  0x89, 0x50, 0x4e, 0x47, 0x0d, 0x0a, 0x1a, 0x0a, 0x00, 0x00, 0x00, 0x0d,
  0x49, 0x48, 0x44, 0x52, 0x00, 0x00, 0x00, 0x10, 0x00, 0x00, 0x00, 0x10,
  0x01, 0x03, 0x00, 0x00, 0x00, 0x25, 0x3d, 0x6d, 0x22, 0x00, 0x00, 0x00,
  0x06, 0x50, 0x4c, 0x54, 0x45, 0x03, 0x03, 0x03, 0xff, 0xff, 0xff, 0x76,
  0x58, 0x38, 0x4d, 0x00, 0x00, 0x00, 0x36, 0x49, 0x44, 0x41, 0x54, 0x78,
  0x5e, 0x3d, 0xca, 0xa1, 0x0d, 0x00, 0x20, 0x10, 0xc5, 0xd0, 0x06, 0x85,
  0x64, 0x88, 0x1b, 0x04, 0x8d, 0x64, 0x88, 0x2f, 0x91, 0xa0, 0x08, 0x9b,
  0x31, 0x12, 0x23, 0x10, 0x82, 0xb9, 0xe6, 0xc9, 0xe2, 0xa5, 0x88, 0x19,
  0xd2, 0xd7, 0x1b, 0xeb, 0x32, 0x37, 0xe3, 0x50, 0x0b, 0x39, 0xf8, 0xf5,
  0x00, 0xae, 0xea, 0x07, 0xd8, 0xf3, 0xc8, 0x8a, 0xb2, 0x00, 0x00, 0x00,
  0x00, 0x49, 0x45, 0x4e, 0x44, 0xae, 0x42, 0x60, 0x82
};
static const unsigned char asset_2[] = {
  0x89, 0x50, 0x4e, 0x47, 0x0d, 0x0a, 0x1a, 0x0a, 0x00, 0x00, 0x00, 0x0d,
  0x49, 0x48, 0x44, 0x52, 0x00, 0x00, 0x00, 0x10, 0x00, 0x00, 0x00, 0x10,
  0x01, 0x03, 0x00, 0x00, 0x00, 0x25, 0x3d, 0x6d, 0x22, 0x00, 0x00, 0x00,
  0x06, 0x50, 0x4c, 0x54, 0x45, 0xff, 0xff, 0xff, 0x03, 0x03, 0x03, 0xe5,
  0xa0, 0x6f, 0x5e, 0x00, 0x00, 0x00, 0x41, 0x49, 0x44, 0x41, 0x54, 0x78,
  0x5e, 0x15, 0xc4, 0xb1, 0x09, 0x80, 0x30, 0x10, 0x40, 0xd1, 0x7f, 0x04,
  0x8b, 0x94, 0x29, 0x33, 0x4f, 0x16, 0x3b, 0x11, 0xe4, 0xf6, 0x0a, 0x82,
  0xad, 0x85, 0x7d, 0xa2, 0x16, 0x96, 0x3a, 0xc1, 0x89, 0xcd, 0xc3, 0x9d,
  0x2b, 0x72, 0x0f, 0x3c, 0x81, 0x26, 0x1c, 0xe9, 0x77, 0x3b, 0xb1, 0x85,
  0x39, 0x33, 0xbd, 0x8c, 0x1d, 0x15, 0xb4, 0x60, 0x95, 0x75, 0xff, 0x00,
  0xb8, 0xb5, 0x12, 0x23, 0xd9, 0x12, 0x67, 0xee, 0x00, 0x00, 0x00, 0x00,
  0x49, 0x45, 0x4e, 0x44, 0xae, 0x42, 0x60, 0x82
};
static const unsigned char asset_3[] = {
  0x89, 0x50, 0x4e, 0x47, 0x0d, 0x0a, 0x1a, 0x0a, 0x00, 0x00, 0x00, 0x0d,
  0x49, 0x48, 0x44, 0x52, 0x00, 0x00, 0x00, 0x10, 0x00, 0x00, 0x00, 0x10,
  0x01, 0x03, 0x00, 0x00, 0x00, 0x25, 0x3d, 0x6d, 0x22, 0x00, 0x00, 0x00,
  0x06, 0x50, 0x4c, 0x54, 0x45, 0x03, 0x03, 0x03, 0xff, 0xff, 0xff, 0x76,
  0x58, 0x38, 0x4d, 0x00, 0x00, 0x00, 0x36, 0x49, 0x44, 0x41, 0x54, 0x78,
  0x5e, 0x3d, 0xc2, 0x31, 0x0e, 0x00, 0x11, 0x14, 0x40, 0xc1, 0x57, 0x6c,
  0xd8, 0x56, 0x21, 0x9f, 0x90, 0xd0, 0xb9, 0x92, 0xa3, 0x3a, 0x8e, 0x52,
  0xa9, 0xfc, 0xa5, 0x68, 0x4c, 0x86, 0xe7, 0xfb, 0x31, 0x01, 0xab, 0x34,
  0xc5, 0x2f, 0x64, 0x20, 0x9d, 0xb4, 0xc9, 0x50, 0xe6, 0x1d, 0x2b, 0xae,
  0x1e, 0x9c, 0x23, 0x08, 0x13, 0xd9, 0x25, 0x11, 0xd1, 0x00, 0x00, 0x00,
  0x00, 0x49, 0x45, 0x4e, 0x44, 0xae, 0x42, 0x60, 0x82
};
static const unsigned char asset_4[] = {
  0x89, 0x50, 0x4e, 0x47, 0x0d, 0x0a, 0x1a, 0x0a, 0x00, 0x00, 0x00, 0x0d,
  0x49, 0x48, 0x44, 0x52, 0x00, 0x00, 0x00, 0x10, 0x00, 0x00, 0x00, 0x10,
  0x01, 0x03, 0x00, 0x00, 0x00, 0x25, 0x3d, 0x6d, 0x22, 0x00, 0x00, 0x00,
  0x06, 0x50, 0x4c, 0x54, 0x45, 0x03, 0x03, 0x03, 0xff, 0xff, 0xff, 0x76,
  0x58, 0x38, 0x4d, 0x00, 0x00, 0x00, 0x3b, 0x49, 0x44, 0x41, 0x54, 0x78,
  0x5e, 0x05, 0xc0, 0xb1, 0x0d, 0x40, 0x50, 0x10, 0x00, 0xd0, 0x47, 0x24,
  0xa2, 0x52, 0xe8, 0x9d, 0x0d, 0xfe, 0x0a, 0x46, 0x33, 0x82, 0x31, 0x8c,
  0x62, 0x0c, 0x23, 0x28, 0xae, 0xb8, 0x42, 0x21, 0xb0, 0xee, 0xe2, 0x34,
  0x3f, 0x96, 0x34, 0x94, 0xee, 0xd3, 0x4a, 0xa4, 0x38, 0xc4, 0xa6, 0xdd,
  0xc6, 0xd7, 0x74, 0xe9, 0x0b, 0x3f, 0x0f, 0x59, 0x0b, 0xae, 0x59, 0x4e,
  0x4c, 0x3d, 0x00, 0x00, 0x00, 0x00, 0x49, 0x45, 0x4e, 0x44, 0xae, 0x42,
  0x60, 0x82
};
static const unsigned char asset_5[] = {
  0x89, 0x50, 0x4e, 0x47, 0x0d, 0x0a, 0x1a, 0x0a, 0x00, 0x00, 0x00, 0x0d,
  0x49, 0x48, 0x44, 0x52, 0x00, 0x00, 0x00, 0x10, 0x00, 0x00, 0x00, 0x10,
  0x01, 0x03, 0x00, 0x00, 0x00, 0x25, 0x3d, 0x6d, 0x22, 0x00, 0x00, 0x00,
  0x06, 0x50, 0x4c, 0x54, 0x45, 0x03, 0x03, 0x03, 0xff, 0xff, 0xff, 0x76,
  0x58, 0x38, 0x4d, 0x00, 0x00, 0x00, 0x42, 0x49, 0x44, 0x41, 0x54, 0x78,
  0x5e, 0x15, 0xc4, 0xb1, 0x09, 0xc0, 0x20, 0x14, 0x40, 0xc1, 0x17, 0x08,
  0xd8, 0x08, 0x6e, 0xf0, 0x71, 0x84, 0x54, 0x29, 0x75, 0x04, 0x17, 0x11,
  0x2c, 0xfd, 0x45, 0x8a, 0x8c, 0xea, 0x04, 0x12, 0x52, 0xa4, 0xb2, 0xd0,
  0xc0, 0x71, 0x00, 0xdb, 0x72, 0x63, 0x1a, 0xee, 0xc1, 0x1e, 0x88, 0x12,
  0x07, 0x57, 0xa0, 0x76, 0x54, 0x28, 0x1f, 0xe9, 0xfd, 0xcf, 0x27, 0xbb,
  0x9f, 0xf0, 0xb1, 0x0b, 0xfc, 0xc0, 0x5d, 0x60, 0x1c, 0x00, 0x00, 0x00,
  0x00, 0x49, 0x45, 0x4e, 0x44, 0xae, 0x42, 0x60, 0x82
};
static const unsigned char asset_6[] = {
  0x89, 0x50, 0x4e, 0x47, 0x0d, 0x0a, 0x1a, 0x0a, 0x00, 0x00, 0x00, 0x0d,
  0x49, 0x48, 0x44, 0x52, 0x00, 0x00, 0x00, 0x10, 0x00, 0x00, 0x00, 0x10,
  0x01, 0x03, 0x00, 0x00, 0x00, 0x25, 0x3d, 0x6d, 0x22, 0x00, 0x00, 0x00,
  0x06, 0x50, 0x4c, 0x54, 0x45, 0x03, 0x03, 0x03, 0xff, 0xff, 0xff, 0x76,
  0x58, 0x38, 0x4d, 0x00, 0x00, 0x00, 0x44, 0x49, 0x44, 0x41, 0x54, 0x78,
  0x5e, 0x15, 0xc9, 0xb1, 0x09, 0xc0, 0x20, 0x14, 0x00, 0xd1, 0x43, 0x85,
  0x6c, 0x11, 0x32, 0x81, 0x10, 0x2c, 0x2c, 0x6c, 0x32, 0x88, 0x0b, 0xd8,
  0x0b, 0x3a, 0x84, 0xb5, 0xf3, 0x38, 0x80, 0x43, 0x64, 0x80, 0xe0, 0x0c,
  0xe6, 0xc3, 0x55, 0xef, 0x00, 0xf4, 0xe0, 0x78, 0xf1, 0x1f, 0x65, 0xf1,
  0x28, 0x52, 0xc7, 0x66, 0xc1, 0x10, 0xa9, 0xa7, 0xac, 0xbb, 0xe1, 0x26,
  0xe6, 0xfa, 0xdb, 0x15, 0x1e, 0x0a, 0xf1, 0x09, 0xbe, 0x20, 0x43, 0x00,
  0x00, 0x00, 0x00, 0x49, 0x45, 0x4e, 0x44, 0xae, 0x42, 0x60, 0x82
};
static const unsigned char asset_7[] = {
  0x89, 0x50, 0x4e, 0x47, 0x0d, 0x0a, 0x1a, 0x0a, 0x00, 0x00, 0x00, 0x0d,
  0x49, 0x48, 0x44, 0x52, 0x00, 0x00, 0x00, 0x10, 0x00, 0x00, 0x00, 0x10,
  0x01, 0x03, 0x00, 0x00, 0x00, 0x25, 0x3d, 0x6d, 0x22, 0x00, 0x00, 0x00,
  0x06, 0x50, 0x4c, 0x54, 0x45, 0x03, 0x03, 0x03, 0xff, 0xff, 0xff, 0x76,
  0x58, 0x38, 0x4d, 0x00, 0x00, 0x00, 0x35, 0x49, 0x44, 0x41, 0x54, 0x78,
  0x5e, 0x3d, 0xc4, 0xb1, 0x0a, 0x00, 0x10, 0x18, 0x00, 0xe1, 0x5b, 0xc4,
  0x20, 0xb2, 0x51, 0xca, 0xbf, 0x19, 0xbc, 0xbc, 0x47, 0x32, 0x7a, 0x04,
  0x83, 0x41, 0xff, 0xe2, 0xfa, 0x3a, 0x7e, 0x0e, 0x7c, 0x20, 0x5e, 0xec,
  0xc1, 0x6c, 0x7d, 0xcf, 0x8c, 0x49, 0x85, 0xb6, 0x54, 0x11, 0x92, 0x3c,
  0x94, 0xed, 0x07, 0xb7, 0xdc, 0x68, 0x26, 0xf7, 0x00, 0x00, 0x00, 0x00,
  0x49, 0x45, 0x4e, 0x44, 0xae, 0x42, 0x60, 0x82
};
static const unsigned char asset_8[] = {
  0x89, 0x50, 0x4e, 0x47, 0x0d, 0x0a, 0x1a, 0x0a, 0x00, 0x00, 0x00, 0x0d,
  0x49, 0x48, 0x44, 0x52, 0x00, 0x00, 0x00, 0x10, 0x00, 0x00, 0x00, 0x10,
  0x01, 0x03, 0x00, 0x00, 0x00, 0x25, 0x3d, 0x6d, 0x22, 0x00, 0x00, 0x00,
  0x06, 0x50, 0x4c, 0x54, 0x45, 0x03, 0x03, 0x03, 0xff, 0xff, 0xff, 0x76,
  0x58, 0x38, 0x4d, 0x00, 0x00, 0x00, 0x40, 0x49, 0x44, 0x41, 0x54, 0x78,
  0x5e, 0x05, 0xc0, 0xb1, 0x0d, 0x40, 0x40, 0x14, 0x00, 0xd0, 0x17, 0x03,
  0x30, 0xc2, 0xf5, 0x16, 0xb8, 0x08, 0xf1, 0x27, 0xd1, 0xab, 0x4d, 0xa0,
  0x64, 0x0f, 0x95, 0x19, 0x14, 0x86, 0x30, 0x84, 0x21, 0x2e, 0x22, 0x30,
  0x1d, 0x72, 0x51, 0x17, 0xe9, 0x91, 0x56, 0xfd, 0xa6, 0x7b, 0x0d, 0xbb,
  0x71, 0x11, 0x95, 0xf8, 0xc4, 0xad, 0xb9, 0xe4, 0xd3, 0xdc, 0xfe, 0x2f,
  0xe1, 0x0c, 0xe5, 0xdb, 0x2c, 0xb9, 0xf5, 0x00, 0x00, 0x00, 0x00, 0x49,
  0x45, 0x4e, 0x44, 0xae, 0x42, 0x60, 0x82
};
static const unsigned char asset_9[] = {
  0x89, 0x50, 0x4e, 0x47, 0x0d, 0x0a, 0x1a, 0x0a, 0x00, 0x00, 0x00, 0x0d,
  0x49, 0x48, 0x44, 0x52, 0x00, 0x00, 0x00, 0x10, 0x00, 0x00, 0x00, 0x10,
  0x01, 0x03, 0x00, 0x00, 0x00, 0x25, 0x3d, 0x6d, 0x22, 0x00, 0x00, 0x00,
  0x06, 0x50, 0x4c, 0x54, 0x45, 0x03, 0x03, 0x03, 0xff, 0xff, 0xff, 0x76,
  0x58, 0x38, 0x4d, 0x00, 0x00, 0x00, 0x44, 0x49, 0x44, 0x41, 0x54, 0x78,
  0x5e, 0x0d, 0xc2, 0xb1, 0x0d, 0x80, 0x20, 0x14, 0x40, 0xc1, 0x87, 0x0d,
  0x1d, 0x96, 0x86, 0x60, 0xfc, 0x3d, 0x2b, 0xb8, 0x80, 0x73, 0x30, 0x89,
  0x2b, 0xd0, 0x51, 0x52, 0x33, 0x03, 0x05, 0x23, 0x30, 0x8a, 0xa5, 0x95,
  0xf1, 0x5f, 0x0e, 0x65, 0x2a, 0xf6, 0xc1, 0xbd, 0x88, 0x2e, 0x84, 0x1b,
  0x3f, 0xd9, 0x33, 0x47, 0x42, 0x16, 0xe4, 0x63, 0x1d, 0x6c, 0x9d, 0xb3,
  0x71, 0xc5, 0x1f, 0x07, 0x1d, 0x0b, 0x55, 0xe9, 0xb4, 0x34, 0x9e, 0x00,
  0x00, 0x00, 0x00, 0x49, 0x45, 0x4e, 0x44, 0xae, 0x42, 0x60, 0x82
};
static const unsigned char asset_10[] = {
  0x89, 0x50, 0x4e, 0x47, 0x0d, 0x0a, 0x1a, 0x0a, 0x00, 0x00, 0x00, 0x0d,
  0x49, 0x48, 0x44, 0x52, 0x00, 0x00, 0x00, 0x10, 0x00, 0x00, 0x00, 0x10,
  0x01, 0x03, 0x00, 0x00, 0x00, 0x25, 0x3d, 0x6d, 0x22, 0x00, 0x00, 0x00,
  0x06, 0x50, 0x4c, 0x54, 0x45, 0xff, 0xff, 0xff, 0x03, 0x03, 0x03, 0xe5,
  0xa0, 0x6f, 0x5e, 0x00, 0x00, 0x00, 0x42, 0x49, 0x44, 0x41, 0x54, 0x78,
  0x5e, 0x25, 0xc8, 0xb1, 0x09, 0xc0, 0x20, 0x14, 0x00, 0xd1, 0x03, 0x0b,
  0xc7, 0x10, 0x67, 0x48, 0x69, 0xe5, 0x68, 0x62, 0x61, 0xa1, 0x55, 0xfa,
  0xec, 0x62, 0xb0, 0x70, 0x8d, 0x74, 0x59, 0x21, 0x4d, 0xf8, 0xf2, 0x11,
  0xae, 0x78, 0x1c, 0x22, 0x7c, 0x8e, 0xc7, 0xd2, 0x0d, 0x33, 0xd3, 0x6e,
  0x6a, 0xdc, 0xa9, 0x4b, 0xd2, 0x3f, 0x02, 0xef, 0xcf, 0x75, 0x70, 0xfa,
  0x05, 0xb4, 0x62, 0x11, 0x38, 0xd5, 0xb6, 0x93, 0x79, 0x00, 0x00, 0x00,
  0x00, 0x49, 0x45, 0x4e, 0x44, 0xae, 0x42, 0x60, 0x82
};
static const unsigned char asset_11[] = {
  0x89, 0x50, 0x4e, 0x47, 0x0d, 0x0a, 0x1a, 0x0a, 0x00, 0x00, 0x00, 0x0d,
  0x49, 0x48, 0x44, 0x52, 0x00, 0x00, 0x00, 0x10, 0x00, 0x00, 0x00, 0x10,
  0x01, 0x03, 0x00, 0x00, 0x00, 0x25, 0x3d, 0x6d, 0x22, 0x00, 0x00, 0x00,
  0x06, 0x50, 0x4c, 0x54, 0x45, 0x03, 0x03, 0x03, 0xff, 0xff, 0xff, 0x76,
  0x58, 0x38, 0x4d, 0x00, 0x00, 0x00, 0x3b, 0x49, 0x44, 0x41, 0x54, 0x78,
  0x5e, 0x1d, 0xc2, 0xb1, 0x09, 0xc0, 0x20, 0x10, 0x40, 0xd1, 0x0f, 0x29,
  0x52, 0x3a, 0x80, 0x68, 0x16, 0x39, 0x5c, 0xc5, 0x45, 0xd4, 0xb9, 0x6e,
  0x16, 0x2b, 0x47, 0xb0, 0x3c, 0xc4, 0x22, 0xe8, 0xe3, 0x01, 0xbc, 0x03,
  0x37, 0x09, 0x86, 0x57, 0x72, 0xa7, 0x36, 0x4a, 0x42, 0x84, 0xa8, 0x7c,
  0x76, 0xba, 0xc5, 0xb3, 0xb9, 0x7e, 0x33, 0xe8, 0x0c, 0x41, 0x63, 0xa8,
  0x1b, 0x39, 0x00, 0x00, 0x00, 0x00, 0x49, 0x45, 0x4e, 0x44, 0xae, 0x42,
  0x60, 0x82
};
static const unsigned char asset_12[] = {
  0x89, 0x50, 0x4e, 0x47, 0x0d, 0x0a, 0x1a, 0x0a, 0x00, 0x00, 0x00, 0x0d,
  0x49, 0x48, 0x44, 0x52, 0x00, 0x00, 0x00, 0x10, 0x00, 0x00, 0x00, 0x10,
  0x01, 0x03, 0x00, 0x00, 0x00, 0x25, 0x3d, 0x6d, 0x22, 0x00, 0x00, 0x00,
  0x06, 0x50, 0x4c, 0x54, 0x45, 0x03, 0x03, 0x03, 0xff, 0xff, 0xff, 0x76,
  0x58, 0x38, 0x4d, 0x00, 0x00, 0x00, 0x36, 0x49, 0x44, 0x41, 0x54, 0x78,
  0x5e, 0x5d, 0xc0, 0xa1, 0x11, 0x00, 0x10, 0x00, 0x40, 0xd1, 0x7f, 0x0a,
  0x8d, 0x0d, 0x44, 0x5d, 0x20, 0xb9, 0x33, 0x80, 0x51, 0x74, 0xcb, 0x19,
  0x46, 0x10, 0x9d, 0x13, 0x45, 0xdd, 0xe3, 0xd3, 0x36, 0xa9, 0xa3, 0x0f,
  0x72, 0xa0, 0x0c, 0xf6, 0x12, 0x17, 0x6e, 0x12, 0x2a, 0xbe, 0x20, 0xf2,
  0x03, 0xa8, 0x36, 0x09, 0x04, 0x4a, 0x3e, 0xc1, 0xa9, 0x00, 0x00, 0x00,
  0x00, 0x49, 0x45, 0x4e, 0x44, 0xae, 0x42, 0x60, 0x82
};
static const unsigned char asset_13[] = {
  0x89, 0x50, 0x4e, 0x47, 0x0d, 0x0a, 0x1a, 0x0a, 0x00, 0x00, 0x00, 0x0d,
  0x49, 0x48, 0x44, 0x52, 0x00, 0x00, 0x00, 0x10, 0x00, 0x00, 0x00, 0x10,
  0x01, 0x03, 0x00, 0x00, 0x00, 0x25, 0x3d, 0x6d, 0x22, 0x00, 0x00, 0x00,
  0x06, 0x50, 0x4c, 0x54, 0x45, 0x03, 0x03, 0x03, 0xff, 0xff, 0xff, 0x76,
  0x58, 0x38, 0x4d, 0x00, 0x00, 0x00, 0x37, 0x49, 0x44, 0x41, 0x54, 0x78,
  0x5e, 0x2d, 0xc4, 0x21, 0x0e, 0x00, 0x10, 0x00, 0x40, 0xd1, 0x2f, 0x29,
  0x36, 0x9b, 0xec, 0x10, 0xa2, 0x23, 0xb8, 0x89, 0x46, 0xa3, 0x3a, 0xaa,
  0x24, 0x9a, 0x24, 0x63, 0xb3, 0xbd, 0x3d, 0x00, 0xd9, 0x3f, 0xd1, 0xa8,
  0x93, 0x92, 0xee, 0x4f, 0x1c, 0x04, 0x43, 0xde, 0x8f, 0x5e, 0x28, 0x87,
  0xf5, 0x07, 0x4d, 0xbb, 0x0e, 0x4a, 0xb6, 0x7b, 0x5a, 0x3a, 0x00, 0x00,
  0x00, 0x00, 0x49, 0x45, 0x4e, 0x44, 0xae, 0x42, 0x60, 0x82
};
static const unsigned char asset_14[] = {
  0x89, 0x50, 0x4e, 0x47, 0x0d, 0x0a, 0x1a, 0x0a, 0x00, 0x00, 0x00, 0x0d,
  0x49, 0x48, 0x44, 0x52, 0x00, 0x00, 0x00, 0x10, 0x00, 0x00, 0x00, 0x10,
  0x01, 0x03, 0x00, 0x00, 0x00, 0x25, 0x3d, 0x6d, 0x22, 0x00, 0x00, 0x00,
  0x06, 0x50, 0x4c, 0x54, 0x45, 0x03, 0x03, 0x03, 0xff, 0xff, 0xff, 0x76,
  0x58, 0x38, 0x4d, 0x00, 0x00, 0x00, 0x33, 0x49, 0x44, 0x41, 0x54, 0x78,
  0x5e, 0x55, 0xc6, 0xa1, 0x0d, 0x00, 0x20, 0x0c, 0x00, 0xc1, 0x17, 0x88,
  0x4a, 0x24, 0x49, 0x07, 0x60, 0xbd, 0xca, 0x4a, 0x04, 0xe3, 0x75, 0x18,
  0x24, 0xa2, 0x82, 0xa4, 0x8e, 0xcf, 0x8b, 0xe3, 0x6b, 0xd4, 0xbd, 0xec,
  0x60, 0x70, 0xd0, 0xcb, 0x4c, 0x5a, 0x20, 0x1b, 0x59, 0x0f, 0x4b, 0xbb,
  0x06, 0x33, 0xf6, 0x01, 0x86, 0xab, 0x00, 0x00, 0x00, 0x00, 0x49, 0x45,
  0x4e, 0x44, 0xae, 0x42, 0x60, 0x82
};
static const unsigned char asset_15[] = {
  0x89, 0x50, 0x4e, 0x47, 0x0d, 0x0a, 0x1a, 0x0a, 0x00, 0x00, 0x00, 0x0d,
  0x49, 0x48, 0x44, 0x52, 0x00, 0x00, 0x00, 0x10, 0x00, 0x00, 0x00, 0x10,
  0x01, 0x03, 0x00, 0x00, 0x00, 0x25, 0x3d, 0x6d, 0x22, 0x00, 0x00, 0x00,
  0x06, 0x50, 0x4c, 0x54, 0x45, 0x03, 0x03, 0x03, 0xff, 0xff, 0xff, 0x76,
  0x58, 0x38, 0x4d, 0x00, 0x00, 0x00, 0x3e, 0x49, 0x44, 0x41, 0x54, 0x78,
  0x5e, 0x3d, 0xc4, 0xa1, 0x0d, 0xc0, 0x20, 0x10, 0x40, 0xd1, 0x2f, 0xea,
  0xd8, 0xe1, 0xda, 0x29, 0xc0, 0xdc, 0x0e, 0x2c, 0x42, 0x82, 0xe4, 0x44,
  0x67, 0x63, 0x06, 0x06, 0x21, 0x08, 0x44, 0x83, 0x6c, 0x30, 0x3c, 0xf1,
  0x38, 0x42, 0xe7, 0x5e, 0xb8, 0x86, 0x18, 0xaa, 0xbc, 0x95, 0x32, 0x30,
  0x21, 0x7f, 0xc4, 0xb9, 0x4f, 0x9e, 0xeb, 0xf9, 0x01, 0xf3, 0xaa, 0x0c,
  0x2a, 0xe0, 0x06, 0x06, 0xfa, 0x00, 0x00, 0x00, 0x00, 0x49, 0x45, 0x4e,
  0x44, 0xae, 0x42, 0x60, 0x82
};
static const unsigned char asset_16[] = {
  0x89, 0x50, 0x4e, 0x47, 0x0d, 0x0a, 0x1a, 0x0a, 0x00, 0x00, 0x00, 0x0d,
  0x49, 0x48, 0x44, 0x52, 0x00, 0x00, 0x00, 0x10, 0x00, 0x00, 0x00, 0x10,
  0x01, 0x03, 0x00, 0x00, 0x00, 0x25, 0x3d, 0x6d, 0x22, 0x00, 0x00, 0x00,
  0x06, 0x50, 0x4c, 0x54, 0x45, 0x03, 0x03, 0x03, 0xff, 0xff, 0xff, 0x76,
  0x58, 0x38, 0x4d, 0x00, 0x00, 0x00, 0x3e, 0x49, 0x44, 0x41, 0x54, 0x78,
  0x5e, 0x15, 0xc6, 0xb1, 0x11, 0x80, 0x20, 0x0c, 0x40, 0xd1, 0x7f, 0x69,
  0xec, 0xf0, 0xce, 0x1a, 0x2f, 0x39, 0x16, 0x80, 0x0d, 0x74, 0x1a, 0xe6,
  0x70, 0xb4, 0x8c, 0x63, 0x91, 0x22, 0x23, 0x70, 0x74, 0x0f, 0x79, 0x39,
  0x3e, 0x8a, 0x73, 0x26, 0x9a, 0xdc, 0x4e, 0x1d, 0x28, 0xdb, 0xfa, 0xf3,
  0x04, 0x3d, 0x68, 0x93, 0x66, 0x5c, 0x86, 0xd8, 0x02, 0x07, 0x72, 0x0a,
  0x68, 0xc9, 0xd4, 0x34, 0x8b, 0x00, 0x00, 0x00, 0x00, 0x49, 0x45, 0x4e,
  0x44, 0xae, 0x42, 0x60, 0x82
};
static const unsigned char asset_17[] = {
  0x89, 0x50, 0x4e, 0x47, 0x0d, 0x0a, 0x1a, 0x0a, 0x00, 0x00, 0x00, 0x0d,
  0x49, 0x48, 0x44, 0x52, 0x00, 0x00, 0x00, 0x10, 0x00, 0x00, 0x00, 0x10,
  0x01, 0x03, 0x00, 0x00, 0x00, 0x25, 0x3d, 0x6d, 0x22, 0x00, 0x00, 0x00,
  0x06, 0x50, 0x4c, 0x54, 0x45, 0x03, 0x03, 0x03, 0xff, 0xff, 0xff, 0x76,
  0x58, 0x38, 0x4d, 0x00, 0x00, 0x00, 0x3d, 0x49, 0x44, 0x41, 0x54, 0x78,
  0x5e, 0x15, 0xc4, 0xb1, 0x0d, 0x40, 0x50, 0x14, 0x00, 0xc0, 0x23, 0x82,
  0xea, 0xe7, 0x15, 0x24, 0x86, 0x50, 0x1a, 0x40, 0x62, 0x08, 0xc6, 0x30,
  0x9a, 0x11, 0xd4, 0xa6, 0x78, 0x31, 0x89, 0x68, 0x0e, 0xea, 0xd0, 0xae,
  0x9a, 0x5b, 0x95, 0xba, 0x54, 0x2e, 0xe3, 0x29, 0x26, 0xc3, 0xf1, 0xdb,
  0x87, 0x65, 0xb6, 0x3f, 0xb6, 0x97, 0xf8, 0x00, 0xa6, 0xd2, 0x07, 0xb2,
  0x6e, 0xeb, 0x41, 0x85, 0x00, 0x00, 0x00, 0x00, 0x49, 0x45, 0x4e, 0x44,
  0xae, 0x42, 0x60, 0x82
};
static const unsigned char asset_18[] = {
  0x89, 0x50, 0x4e, 0x47, 0x0d, 0x0a, 0x1a, 0x0a, 0x00, 0x00, 0x00, 0x0d,
  0x49, 0x48, 0x44, 0x52, 0x00, 0x00, 0x00, 0x10, 0x00, 0x00, 0x00, 0x10,
  0x01, 0x03, 0x00, 0x00, 0x00, 0x25, 0x3d, 0x6d, 0x22, 0x00, 0x00, 0x00,
  0x06, 0x50, 0x4c, 0x54, 0x45, 0x03, 0x03, 0x03, 0xff, 0xff, 0xff, 0x76,
  0x58, 0x38, 0x4d, 0x00, 0x00, 0x00, 0x36, 0x49, 0x44, 0x41, 0x54, 0x78,
  0x5e, 0x4d, 0xc8, 0xb1, 0x0d, 0x00, 0x10, 0x10, 0x40, 0xd1, 0x9f, 0x28,
  0x88, 0x48, 0x28, 0x0c, 0xa1, 0xd4, 0xbb, 0x21, 0x6c, 0x62, 0x61, 0x03,
  0x28, 0xaf, 0x52, 0xbb, 0xd2, 0x2b, 0x1f, 0x3f, 0xa7, 0xf8, 0x43, 0x56,
  0x52, 0x27, 0x4e, 0x42, 0xa1, 0x36, 0xc6, 0x46, 0x84, 0x75, 0x2d, 0x6d,
  0x1e, 0x8b, 0x56, 0x07, 0x14, 0x27, 0x58, 0x3d, 0x37, 0x00, 0x00, 0x00,
  0x00, 0x49, 0x45, 0x4e, 0x44, 0xae, 0x42, 0x60, 0x82
};
static const unsigned char asset_19[] = {
  0x89, 0x50, 0x4e, 0x47, 0x0d, 0x0a, 0x1a, 0x0a, 0x00, 0x00, 0x00, 0x0d,
  0x49, 0x48, 0x44, 0x52, 0x00, 0x00, 0x00, 0x10, 0x00, 0x00, 0x00, 0x10,
  0x01, 0x03, 0x00, 0x00, 0x00, 0x25, 0x3d, 0x6d, 0x22, 0x00, 0x00, 0x00,
  0x06, 0x50, 0x4c, 0x54, 0x45, 0x03, 0x03, 0x03, 0xff, 0xff, 0xff, 0x76,
  0x58, 0x38, 0x4d, 0x00, 0x00, 0x00, 0x3c, 0x49, 0x44, 0x41, 0x54, 0x78,
  0x5e, 0x15, 0xc2, 0x31, 0x0d, 0xc0, 0x20, 0x14, 0x86, 0xc1, 0x6f, 0xf8,
  0xd3, 0xb5, 0x75, 0xd0, 0x37, 0x10, 0x26, 0x12, 0x1c, 0x80, 0x2d, 0x04,
  0x30, 0x20, 0x00, 0x49, 0x28, 0x40, 0x09, 0x12, 0xc8, 0xbb, 0x1c, 0xee,
  0x83, 0xc7, 0xbf, 0x87, 0x7f, 0x50, 0x97, 0xcf, 0x1d, 0x0b, 0x44, 0x91,
  0x84, 0x4d, 0x4c, 0x14, 0xd1, 0xf6, 0x05, 0x96, 0x7b, 0x07, 0x7e, 0x3a,
  0x5b, 0x3a, 0x46, 0x00, 0x00, 0x00, 0x00, 0x49, 0x45, 0x4e, 0x44, 0xae,
  0x42, 0x60, 0x82
};
static const unsigned char asset_20[] = {
  0x89, 0x50, 0x4e, 0x47, 0x0d, 0x0a, 0x1a, 0x0a, 0x00, 0x00, 0x00, 0x0d,
  0x49, 0x48, 0x44, 0x52, 0x00, 0x00, 0x00, 0x10, 0x00, 0x00, 0x00, 0x10,
  0x01, 0x03, 0x00, 0x00, 0x00, 0x25, 0x3d, 0x6d, 0x22, 0x00, 0x00, 0x00,
  0x06, 0x50, 0x4c, 0x54, 0x45, 0x03, 0x03, 0x03, 0xff, 0xff, 0xff, 0x76,
  0x58, 0x38, 0x4d, 0x00, 0x00, 0x00, 0x41, 0x49, 0x44, 0x41, 0x54, 0x78,
  0x5e, 0x05, 0xc0, 0xa1, 0x0d, 0x84, 0x30, 0x14, 0x00, 0xd0, 0x27, 0x6e,
  0x80, 0x3f, 0xc2, 0x9f, 0x01, 0x81, 0x23, 0xe9, 0x06, 0x27, 0xd1, 0x80,
  0xe8, 0x00, 0xf8, 0x4e, 0x86, 0x62, 0x0e, 0x24, 0x8a, 0xa0, 0x3a, 0x01,
  0x81, 0x0c, 0x91, 0x62, 0x95, 0x3f, 0xcb, 0x6d, 0xeb, 0xea, 0xa9, 0x1e,
  0xf6, 0xa6, 0x74, 0xd3, 0xa3, 0xbd, 0xfe, 0xc5, 0x3c, 0x18, 0xaf, 0x0f,
  0xf5, 0x29, 0x0c, 0xbb, 0x2c, 0x51, 0x15, 0xfc, 0x00, 0x00, 0x00, 0x00,
  0x49, 0x45, 0x4e, 0x44, 0xae, 0x42, 0x60, 0x82
};
static const unsigned char asset_21[] = {
  0x89, 0x50, 0x4e, 0x47, 0x0d, 0x0a, 0x1a, 0x0a, 0x00, 0x00, 0x00, 0x0d,
  0x49, 0x48, 0x44, 0x52, 0x00, 0x00, 0x00, 0x10, 0x00, 0x00, 0x00, 0x10,
  0x01, 0x03, 0x00, 0x00, 0x00, 0x25, 0x3d, 0x6d, 0x22, 0x00, 0x00, 0x00,
  0x06, 0x50, 0x4c, 0x54, 0x45, 0x03, 0x03, 0x03, 0xff, 0xff, 0xff, 0x76,
  0x58, 0x38, 0x4d, 0x00, 0x00, 0x00, 0x3f, 0x49, 0x44, 0x41, 0x54, 0x78,
  0x5e, 0x05, 0xc0, 0xb1, 0x11, 0x40, 0x30, 0x00, 0x00, 0xc0, 0x6f, 0x44,
  0x93, 0x11, 0x52, 0x29, 0x52, 0x18, 0x80, 0xc6, 0x49, 0x61, 0x00, 0x13,
  0x50, 0x19, 0xca, 0x70, 0xc6, 0x48, 0xe5, 0x5c, 0xce, 0x41, 0x08, 0xba,
  0x57, 0xdf, 0x0c, 0xd5, 0xf6, 0xd9, 0xa3, 0xe3, 0x76, 0x5e, 0xd6, 0xaa,
  0x44, 0xe5, 0x31, 0x27, 0x53, 0x92, 0x17, 0x79, 0xfc, 0x01, 0x01, 0xfd,
  0x0a, 0x67, 0x58, 0xa5, 0x5e, 0x6b, 0x00, 0x00, 0x00, 0x00, 0x49, 0x45,
  0x4e, 0x44, 0xae, 0x42, 0x60, 0x82
};
static const unsigned char asset_22[] = {
  0x89, 0x50, 0x4e, 0x47, 0x0d, 0x0a, 0x1a, 0x0a, 0x00, 0x00, 0x00, 0x0d,
  0x49, 0x48, 0x44, 0x52, 0x00, 0x00, 0x00, 0x10, 0x00, 0x00, 0x00, 0x10,
  0x01, 0x03, 0x00, 0x00, 0x00, 0x25, 0x3d, 0x6d, 0x22, 0x00, 0x00, 0x00,
  0x06, 0x50, 0x4c, 0x54, 0x45, 0x03, 0x03, 0x03, 0xff, 0xff, 0xff, 0x76,
  0x58, 0x38, 0x4d, 0x00, 0x00, 0x00, 0x3f, 0x49, 0x44, 0x41, 0x54, 0x78,
  0x5e, 0x25, 0xc0, 0xa1, 0x0d, 0xc0, 0x20, 0x10, 0x40, 0xd1, 0x9f, 0x54,
  0x9c, 0xec, 0x00, 0x08, 0x24, 0x96, 0xa4, 0x02, 0x47, 0x17, 0x60, 0x20,
  0x26, 0x44, 0x57, 0x22, 0x11, 0x08, 0xe4, 0xc9, 0x13, 0x88, 0x0a, 0x1e,
  0x87, 0x0c, 0x6e, 0xc5, 0x1b, 0xae, 0xf3, 0x1a, 0xb9, 0x92, 0x16, 0xcf,
  0x47, 0x89, 0xf8, 0x49, 0x6a, 0x48, 0x40, 0x36, 0x97, 0xfe, 0x12, 0x4e,
  0x0c, 0xa0, 0x7e, 0x1d, 0x09, 0xf2, 0x00, 0x00, 0x00, 0x00, 0x49, 0x45,
  0x4e, 0x44, 0xae, 0x42, 0x60, 0x82
};
static const unsigned char asset_23[] = {
  0x89, 0x50, 0x4e, 0x47, 0x0d, 0x0a, 0x1a, 0x0a, 0x00, 0x00, 0x00, 0x0d,
  0x49, 0x48, 0x44, 0x52, 0x00, 0x00, 0x00, 0x10, 0x00, 0x00, 0x00, 0x10,
  0x01, 0x03, 0x00, 0x00, 0x00, 0x25, 0x3d, 0x6d, 0x22, 0x00, 0x00, 0x00,
  0x06, 0x50, 0x4c, 0x54, 0x45, 0x03, 0x03, 0x03, 0xff, 0xff, 0xff, 0x76,
  0x58, 0x38, 0x4d, 0x00, 0x00, 0x00, 0x33, 0x49, 0x44, 0x41, 0x54, 0x78,
  0x5e, 0x2d, 0xc4, 0xb1, 0x0d, 0x00, 0x20, 0x08, 0x00, 0xc1, 0x2f, 0x0c,
  0x52, 0x5a, 0x32, 0x91, 0x53, 0xb8, 0x05, 0x03, 0xb0, 0x90, 0xa5, 0xa5,
  0xc3, 0x89, 0xd1, 0xcf, 0xe5, 0x79, 0xd5, 0x41, 0x11, 0x10, 0xb4, 0xdf,
  0xfb, 0x22, 0xd2, 0x24, 0xf6, 0x07, 0x68, 0xc3, 0xec, 0x00, 0x9d, 0x10,
  0x08, 0x46, 0x24, 0x30, 0xf2, 0x6e, 0x00, 0x00, 0x00, 0x00, 0x49, 0x45,
  0x4e, 0x44, 0xae, 0x42, 0x60, 0x82
};
static const unsigned char asset_24[] = {
  0x89, 0x50, 0x4e, 0x47, 0x0d, 0x0a, 0x1a, 0x0a, 0x00, 0x00, 0x00, 0x0d,
  0x49, 0x48, 0x44, 0x52, 0x00, 0x00, 0x00, 0x10, 0x00, 0x00, 0x00, 0x10,
  0x01, 0x03, 0x00, 0x00, 0x00, 0x25, 0x3d, 0x6d, 0x22, 0x00, 0x00, 0x00,
  0x06, 0x50, 0x4c, 0x54, 0x45, 0x03, 0x03, 0x03, 0xff, 0xff, 0xff, 0x76,
  0x58, 0x38, 0x4d, 0x00, 0x00, 0x00, 0x42, 0x49, 0x44, 0x41, 0x54, 0x78,
  0x5e, 0x15, 0xc6, 0xb1, 0x09, 0xc0, 0x20, 0x14, 0x40, 0xc1, 0x57, 0x28,
  0xd8, 0x29, 0xd8, 0x7f, 0x33, 0x45, 0x70, 0x0b, 0x17, 0x70, 0x04, 0xc1,
  0x52, 0x21, 0xcb, 0x38, 0x4e, 0xa6, 0x91, 0x90, 0x22, 0x58, 0x06, 0x9b,
  0xe3, 0x00, 0x8c, 0xc3, 0xdf, 0x84, 0x85, 0x7d, 0xd0, 0x63, 0x27, 0x66,
  0x2e, 0xa1, 0x4d, 0xba, 0x50, 0x3f, 0xd2, 0xbb, 0x2d, 0x27, 0xea, 0xf8,
  0x01, 0x11, 0x6e, 0x0c, 0xbf, 0xa3, 0xee, 0xda, 0x42, 0x00, 0x00, 0x00,
  0x00, 0x49, 0x45, 0x4e, 0x44, 0xae, 0x42, 0x60, 0x82
};
static const unsigned char asset_25[] = {
  0x89, 0x50, 0x4e, 0x47, 0x0d, 0x0a, 0x1a, 0x0a, 0x00, 0x00, 0x00, 0x0d,
  0x49, 0x48, 0x44, 0x52, 0x00, 0x00, 0x00, 0x10, 0x00, 0x00, 0x00, 0x10,
  0x01, 0x03, 0x00, 0x00, 0x00, 0x25, 0x3d, 0x6d, 0x22, 0x00, 0x00, 0x00,
  0x06, 0x50, 0x4c, 0x54, 0x45, 0x03, 0x03, 0x03, 0xff, 0xff, 0xff, 0x76,
  0x58, 0x38, 0x4d, 0x00, 0x00, 0x00, 0x33, 0x49, 0x44, 0x41, 0x54, 0x78,
  0x5e, 0x4d, 0xc2, 0xa1, 0x0d, 0x00, 0x20, 0x0c, 0x45, 0xc1, 0xe7, 0x2a,
  0x10, 0x95, 0xb0, 0x0d, 0x5b, 0xa0, 0x19, 0x85, 0xd1, 0x18, 0x03, 0x4d,
  0x3a, 0xc2, 0x1f, 0x80, 0xd4, 0x71, 0x39, 0x7e, 0x6d, 0x66, 0x5f, 0x8c,
  0x4d, 0xbf, 0x10, 0x98, 0x70, 0x51, 0x85, 0x65, 0xca, 0x79, 0xa7, 0x3f,
  0x0a, 0x7d, 0x75, 0x80, 0xc6, 0x0a, 0x00, 0x00, 0x00, 0x00, 0x49, 0x45,
  0x4e, 0x44, 0xae, 0x42, 0x60, 0x82
};
static const unsigned char asset_26[] = {
  0x89, 0x50, 0x4e, 0x47, 0x0d, 0x0a, 0x1a, 0x0a, 0x00, 0x00, 0x00, 0x0d,
  0x49, 0x48, 0x44, 0x52, 0x00, 0x00, 0x00, 0x10, 0x00, 0x00, 0x00, 0x10,
  0x01, 0x03, 0x00, 0x00, 0x00, 0x25, 0x3d, 0x6d, 0x22, 0x00, 0x00, 0x00,
  0x06, 0x50, 0x4c, 0x54, 0x45, 0x03, 0x03, 0x03, 0xff, 0xff, 0xff, 0x76,
  0x58, 0x38, 0x4d, 0x00, 0x00, 0x00, 0x41, 0x49, 0x44, 0x41, 0x54, 0x78,
  0x5e, 0x15, 0xc2, 0xa1, 0x0d, 0xc0, 0x20, 0x10, 0x40, 0xd1, 0x3f, 0x02,
  0x1b, 0x55, 0x1e, 0xa2, 0x09, 0x21, 0x97, 0x60, 0x11, 0x98, 0x6e, 0x00,
  0x23, 0x74, 0xb4, 0x8e, 0x80, 0x44, 0x30, 0xc0, 0x49, 0x04, 0xa2, 0x21,
  0x79, 0x00, 0xc5, 0xa8, 0x83, 0x60, 0x78, 0x47, 0x7c, 0x8f, 0xf4, 0xa0,
  0x1f, 0xea, 0x69, 0x8e, 0x6b, 0x91, 0x37, 0x32, 0x11, 0xe3, 0xee, 0x3f,
  0x49, 0xfc, 0x0f, 0x08, 0xf9, 0x64, 0xbe, 0xd8, 0x00, 0x00, 0x00, 0x00,
  0x49, 0x45, 0x4e, 0x44, 0xae, 0x42, 0x60, 0x82
};
static const unsigned char asset_27[] = {
  0x89, 0x50, 0x4e, 0x47, 0x0d, 0x0a, 0x1a, 0x0a, 0x00, 0x00, 0x00, 0x0d,
  0x49, 0x48, 0x44, 0x52, 0x00, 0x00, 0x00, 0x10, 0x00, 0x00, 0x00, 0x10,
  0x01, 0x03, 0x00, 0x00, 0x00, 0x25, 0x3d, 0x6d, 0x22, 0x00, 0x00, 0x00,
  0x06, 0x50, 0x4c, 0x54, 0x45, 0x03, 0x03, 0x03, 0xff, 0xff, 0xff, 0x76,
  0x58, 0x38, 0x4d, 0x00, 0x00, 0x00, 0x3d, 0x49, 0x44, 0x41, 0x54, 0x78,
  0x5e, 0x15, 0xc2, 0xb1, 0x09, 0x80, 0x30, 0x00, 0x00, 0xb0, 0x80, 0x43,
  0xeb, 0x22, 0x45, 0x0a, 0x82, 0x4b, 0x1d, 0xfb, 0x84, 0xe0, 0xd8, 0x13,
  0xfc, 0xc5, 0xc5, 0xc3, 0x1c, 0xbc, 0x44, 0x3c, 0x45, 0x84, 0xc0, 0x40,
  0x61, 0x22, 0x6d, 0xfa, 0x93, 0x45, 0x77, 0x8b, 0x49, 0x78, 0x7f, 0xeb,
  0xe5, 0x78, 0xec, 0xb3, 0x36, 0xaa, 0xf9, 0x03, 0x7e, 0xf3, 0x07, 0x41,
  0xb6, 0xa8, 0x9a, 0x8b, 0x00, 0x00, 0x00, 0x00, 0x49, 0x45, 0x4e, 0x44,
  0xae, 0x42, 0x60, 0x82
};
static const unsigned char asset_28[] = {
  0x89, 0x50, 0x4e, 0x47, 0x0d, 0x0a, 0x1a, 0x0a, 0x00, 0x00, 0x00, 0x0d,
  0x49, 0x48, 0x44, 0x52, 0x00, 0x00, 0x00, 0x10, 0x00, 0x00, 0x00, 0x10,
  0x01, 0x03, 0x00, 0x00, 0x00, 0x25, 0x3d, 0x6d, 0x22, 0x00, 0x00, 0x00,
  0x06, 0x50, 0x4c, 0x54, 0x45, 0x03, 0x03, 0x03, 0xff, 0xff, 0xff, 0x76,
  0x58, 0x38, 0x4d, 0x00, 0x00, 0x00, 0x3e, 0x49, 0x44, 0x41, 0x54, 0x78,
  0x5e, 0x25, 0xc2, 0xb1, 0x09, 0xc0, 0x20, 0x10, 0x40, 0xd1, 0x0f, 0x27,
  0x88, 0x8d, 0xb6, 0x57, 0xda, 0x59, 0x4b, 0x16, 0xc8, 0x48, 0x19, 0xc4,
  0xc2, 0x91, 0x1c, 0xc0, 0x21, 0x52, 0x64, 0x00, 0x47, 0x30, 0x87, 0x8f,
  0xc7, 0xe1, 0x5f, 0xd2, 0xb2, 0xa1, 0xdb, 0xf8, 0x20, 0x03, 0xb9, 0x51,
  0xa5, 0x7c, 0xd4, 0xc6, 0x35, 0x71, 0xf9, 0xbf, 0x01, 0xd0, 0xe1, 0x08,
  0xdb, 0xd2, 0x1c, 0xc6, 0x78, 0x00, 0x00, 0x00, 0x00, 0x49, 0x45, 0x4e,
  0x44, 0xae, 0x42, 0x60, 0x82
};
static const unsigned char asset_29[] = {
  0x89, 0x50, 0x4e, 0x47, 0x0d, 0x0a, 0x1a, 0x0a, 0x00, 0x00, 0x00, 0x0d,
  0x49, 0x48, 0x44, 0x52, 0x00, 0x00, 0x00, 0x10, 0x00, 0x00, 0x00, 0x10,
  0x01, 0x03, 0x00, 0x00, 0x00, 0x25, 0x3d, 0x6d, 0x22, 0x00, 0x00, 0x00,
  0x06, 0x50, 0x4c, 0x54, 0x45, 0x03, 0x03, 0x03, 0xff, 0xff, 0xff, 0x76,
  0x58, 0x38, 0x4d, 0x00, 0x00, 0x00, 0x34, 0x49, 0x44, 0x41, 0x54, 0x78,
  0x5e, 0x15, 0xc6, 0xa1, 0x0d, 0x80, 0x30, 0x10, 0x00, 0xc0, 0x73, 0x98,
  0x26, 0x45, 0x36, 0xcd, 0x0b, 0x1c, 0xeb, 0x75, 0x08, 0xc6, 0xeb, 0x30,
  0x2f, 0x5f, 0x02, 0xc9, 0x89, 0x83, 0x8b, 0xc5, 0x9d, 0x7a, 0x89, 0x30,
  0x9a, 0xd8, 0xbf, 0xf9, 0xbd, 0xf4, 0x74, 0x3c, 0x70, 0xc2, 0x0b, 0xc0,
  0xce, 0x07, 0xbb, 0x8c, 0x87, 0x69, 0xf9, 0x00, 0x00, 0x00, 0x00, 0x49,
  0x45, 0x4e, 0x44, 0xae, 0x42, 0x60, 0x82
};
static const unsigned char asset_30[] = {
  0x89, 0x50, 0x4e, 0x47, 0x0d, 0x0a, 0x1a, 0x0a, 0x00, 0x00, 0x00, 0x0d,
  0x49, 0x48, 0x44, 0x52, 0x00, 0x00, 0x00, 0x10, 0x00, 0x00, 0x00, 0x10,
  0x01, 0x03, 0x00, 0x00, 0x00, 0x25, 0x3d, 0x6d, 0x22, 0x00, 0x00, 0x00,
  0x06, 0x50, 0x4c, 0x54, 0x45, 0x03, 0x03, 0x03, 0xff, 0xff, 0xff, 0x76,
  0x58, 0x38, 0x4d, 0x00, 0x00, 0x00, 0x3c, 0x49, 0x44, 0x41, 0x54, 0x78,
  0x5e, 0x4d, 0xc2, 0x31, 0x09, 0x40, 0x21, 0x14, 0x40, 0xd1, 0x0b, 0x0e,
  0x6e, 0x26, 0x10, 0x04, 0xdd, 0x0c, 0x62, 0x02, 0x53, 0x08, 0xaf, 0xc1,
  0xe7, 0x63, 0x1e, 0x23, 0x18, 0xc8, 0x0c, 0x0e, 0x6f, 0x10, 0x37, 0x0f,
  0x87, 0x97, 0xd9, 0x58, 0xbd, 0x5d, 0x41, 0x26, 0x32, 0xc8, 0x8d, 0xb8,
  0xf0, 0x3f, 0xe1, 0x23, 0x75, 0xaa, 0x1e, 0xba, 0x36, 0x0a, 0x58, 0x40,
  0xe7, 0xd5, 0xe5, 0x00, 0x00, 0x00, 0x00, 0x49, 0x45, 0x4e, 0x44, 0xae,
  0x42, 0x60, 0x82
};
static const unsigned char asset_31[] = {
  0x89, 0x50, 0x4e, 0x47, 0x0d, 0x0a, 0x1a, 0x0a, 0x00, 0x00, 0x00, 0x0d,
  0x49, 0x48, 0x44, 0x52, 0x00, 0x00, 0x00, 0x10, 0x00, 0x00, 0x00, 0x10,
  0x01, 0x03, 0x00, 0x00, 0x00, 0x25, 0x3d, 0x6d, 0x22, 0x00, 0x00, 0x00,
  0x06, 0x50, 0x4c, 0x54, 0x45, 0x03, 0x03, 0x03, 0xff, 0xff, 0xff, 0x76,
  0x58, 0x38, 0x4d, 0x00, 0x00, 0x00, 0x38, 0x49, 0x44, 0x41, 0x54, 0x78,
  0x5e, 0x05, 0xc0, 0xd1, 0x0d, 0x40, 0x30, 0x10, 0x00, 0xd0, 0x27, 0x24,
  0x84, 0x8f, 0xda, 0x80, 0x31, 0x8c, 0x61, 0x22, 0xed, 0x68, 0x46, 0x30,
  0x4a, 0x07, 0xb8, 0x5c, 0x04, 0x34, 0xa5, 0xb9, 0xa8, 0xa1, 0xa6, 0x23,
  0x79, 0x0c, 0x69, 0x0e, 0xdb, 0xa7, 0x74, 0xeb, 0x6d, 0xd9, 0x4d, 0xa7,
  0xf1, 0xfd, 0x01, 0x0b, 0x06, 0x0b, 0x10, 0x34, 0xf0, 0x89, 0x28, 0x00,
  0x00, 0x00, 0x00, 0x49, 0x45, 0x4e, 0x44, 0xae, 0x42, 0x60, 0x82
};
static const unsigned char asset_32[] = {
  0x89, 0x50, 0x4e, 0x47, 0x0d, 0x0a, 0x1a, 0x0a, 0x00, 0x00, 0x00, 0x0d,
  0x49, 0x48, 0x44, 0x52, 0x00, 0x00, 0x00, 0x10, 0x00, 0x00, 0x00, 0x10,
  0x01, 0x03, 0x00, 0x00, 0x00, 0x25, 0x3d, 0x6d, 0x22, 0x00, 0x00, 0x00,
  0x06, 0x50, 0x4c, 0x54, 0x45, 0x03, 0x03, 0x03, 0xff, 0xff, 0xff, 0x76,
  0x58, 0x38, 0x4d, 0x00, 0x00, 0x00, 0x42, 0x49, 0x44, 0x41, 0x54, 0x78,
  0x5e, 0x15, 0xc6, 0xa1, 0x0d, 0xc0, 0x20, 0x14, 0x40, 0xc1, 0x27, 0xbf,
  0x69, 0xf2, 0x43, 0x05, 0x23, 0x30, 0x04, 0x0b, 0x00, 0x92, 0x05, 0xd0,
  0x5d, 0x07, 0xc1, 0x1c, 0x8c, 0xc1, 0x10, 0x95, 0x88, 0xce, 0x50, 0x05,
  0x24, 0x27, 0x0e, 0xe0, 0x1e, 0xd8, 0x0f, 0x37, 0xb7, 0xf3, 0xa7, 0x51,
  0x7e, 0xae, 0x8e, 0x7f, 0x89, 0x95, 0x9c, 0x30, 0x01, 0x15, 0x44, 0xb7,
  0x05, 0x30, 0xa2, 0x0b, 0x11, 0x14, 0x16, 0xbd, 0xb3, 0x00, 0x00, 0x00,
  0x00, 0x49, 0x45, 0x4e, 0x44, 0xae, 0x42, 0x60, 0x82
};
static const unsigned char asset_33[] = {
  0x89, 0x50, 0x4e, 0x47, 0x0d, 0x0a, 0x1a, 0x0a, 0x00, 0x00, 0x00, 0x0d,
  0x49, 0x48, 0x44, 0x52, 0x00, 0x00, 0x00, 0x10, 0x00, 0x00, 0x00, 0x10,
  0x01, 0x03, 0x00, 0x00, 0x00, 0x25, 0x3d, 0x6d, 0x22, 0x00, 0x00, 0x00,
  0x06, 0x50, 0x4c, 0x54, 0x45, 0x03, 0x03, 0x03, 0xff, 0xff, 0xff, 0x76,
  0x58, 0x38, 0x4d, 0x00, 0x00, 0x00, 0x3a, 0x49, 0x44, 0x41, 0x54, 0x78,
  0x5e, 0x15, 0xc4, 0xa1, 0x0d, 0x40, 0x21, 0x0c, 0x00, 0xd1, 0x4b, 0x10,
  0x45, 0x90, 0x14, 0x81, 0x60, 0x04, 0x24, 0x9b, 0x20, 0x59, 0xfc, 0x8b,
  0x2f, 0x2b, 0x18, 0xa0, 0x23, 0x50, 0x5e, 0x2e, 0x47, 0x48, 0x8e, 0x18,
  0xea, 0xe4, 0x4a, 0xcd, 0xb4, 0x11, 0x7f, 0x85, 0xd9, 0xd9, 0x1f, 0xeb,
  0xa0, 0x86, 0x38, 0xe5, 0xbf, 0xaf, 0x57, 0x08, 0xe6, 0x1d, 0x4a, 0xa0,
  0xe7, 0x00, 0x00, 0x00, 0x00, 0x49, 0x45, 0x4e, 0x44, 0xae, 0x42, 0x60,
  0x82
};
static const unsigned char asset_34[] = {
  0x89, 0x50, 0x4e, 0x47, 0x0d, 0x0a, 0x1a, 0x0a, 0x00, 0x00, 0x00, 0x0d,
  0x49, 0x48, 0x44, 0x52, 0x00, 0x00, 0x00, 0x10, 0x00, 0x00, 0x00, 0x10,
  0x01, 0x03, 0x00, 0x00, 0x00, 0x25, 0x3d, 0x6d, 0x22, 0x00, 0x00, 0x00,
  0x06, 0x50, 0x4c, 0x54, 0x45, 0x03, 0x03, 0x03, 0xff, 0xff, 0xff, 0x76,
  0x58, 0x38, 0x4d, 0x00, 0x00, 0x00, 0x3d, 0x49, 0x44, 0x41, 0x54, 0x78,
  0x5e, 0x15, 0xc2, 0xb1, 0x09, 0xc0, 0x20, 0x14, 0x40, 0xc1, 0x47, 0x82,
  0x5f, 0x10, 0x97, 0x10, 0x27, 0xb0, 0xb4, 0x72, 0x15, 0x21, 0x6d, 0x70,
  0x05, 0x37, 0xb0, 0x72, 0xd0, 0x0c, 0xf0, 0x09, 0xea, 0x71, 0x00, 0x22,
  0x18, 0x87, 0xfd, 0xb9, 0x95, 0xf8, 0xf2, 0x28, 0xf5, 0xa3, 0x4d, 0xba,
  0xa7, 0xe8, 0x99, 0x07, 0xe9, 0x22, 0xb0, 0x2f, 0xf5, 0xb6, 0x0a, 0x9d,
  0x24, 0x80, 0xdb, 0x2b, 0x00, 0x00, 0x00, 0x00, 0x49, 0x45, 0x4e, 0x44,
  0xae, 0x42, 0x60, 0x82
};
static const unsigned char asset_35[] = {
  0x89, 0x50, 0x4e, 0x47, 0x0d, 0x0a, 0x1a, 0x0a, 0x00, 0x00, 0x00, 0x0d,
  0x49, 0x48, 0x44, 0x52, 0x00, 0x00, 0x00, 0x10, 0x00, 0x00, 0x00, 0x10,
  0x01, 0x03, 0x00, 0x00, 0x00, 0x25, 0x3d, 0x6d, 0x22, 0x00, 0x00, 0x00,
  0x06, 0x50, 0x4c, 0x54, 0x45, 0x03, 0x03, 0x03, 0xff, 0xff, 0xff, 0x76,
  0x58, 0x38, 0x4d, 0x00, 0x00, 0x00, 0x42, 0x49, 0x44, 0x41, 0x54, 0x78,
  0x5e, 0x15, 0xc6, 0xb1, 0x09, 0xc0, 0x20, 0x14, 0x00, 0xd1, 0xe3, 0x23,
  0x8a, 0x20, 0x58, 0x26, 0xb5, 0x03, 0x48, 0xca, 0x6c, 0x60, 0x6b, 0x67,
  0x9b, 0x11, 0x1d, 0xc5, 0xc2, 0x01, 0x7e, 0x91, 0x01, 0x1c, 0x21, 0xf1,
  0xb8, 0xe2, 0xb1, 0x13, 0x0e, 0x25, 0x2e, 0xfc, 0xff, 0xd8, 0xc8, 0x9d,
  0x70, 0x61, 0x12, 0xf7, 0x49, 0x9b, 0x94, 0x17, 0xa7, 0xd8, 0x07, 0xa9,
  0x1f, 0xea, 0x60, 0x0a, 0x4f, 0x23, 0x51, 0x88, 0x36, 0x00, 0x00, 0x00,
  0x00, 0x49, 0x45, 0x4e, 0x44, 0xae, 0x42, 0x60, 0x82
};
static const unsigned char asset_36[] = {
  0x89, 0x50, 0x4e, 0x47, 0x0d, 0x0a, 0x1a, 0x0a, 0x00, 0x00, 0x00, 0x0d,
  0x49, 0x48, 0x44, 0x52, 0x00, 0x00, 0x00, 0x10, 0x00, 0x00, 0x00, 0x10,
  0x01, 0x03, 0x00, 0x00, 0x00, 0x25, 0x3d, 0x6d, 0x22, 0x00, 0x00, 0x00,
  0x06, 0x50, 0x4c, 0x54, 0x45, 0xff, 0xff, 0xff, 0x03, 0x03, 0x03, 0xe5,
  0xa0, 0x6f, 0x5e, 0x00, 0x00, 0x00, 0x36, 0x49, 0x44, 0x41, 0x54, 0x78,
  0x5e, 0x25, 0x8a, 0xb1, 0x0d, 0x00, 0x10, 0x10, 0x00, 0x4f, 0x14, 0xa2,
  0x50, 0x28, 0x6d, 0x8b, 0x4a, 0x61, 0x00, 0xe3, 0x18, 0x85, 0x49, 0xde,
  0x7f, 0x24, 0x57, 0x5c, 0x72, 0x87, 0x88, 0x71, 0x02, 0xdb, 0x53, 0x9d,
  0xb1, 0x12, 0xb3, 0x30, 0xa2, 0x79, 0xbb, 0xf4, 0x6c, 0xe9, 0x84, 0x7f,
  0x3e, 0x8b, 0xae, 0x10, 0xa0, 0xe5, 0xc6, 0xa8, 0x54, 0x00, 0x00, 0x00,
  0x00, 0x49, 0x45, 0x4e, 0x44, 0xae, 0x42, 0x60, 0x82
};
static const unsigned char asset_37[] = {
  0x89, 0x50, 0x4e, 0x47, 0x0d, 0x0a, 0x1a, 0x0a, 0x00, 0x00, 0x00, 0x0d,
  0x49, 0x48, 0x44, 0x52, 0x00, 0x00, 0x00, 0x10, 0x00, 0x00, 0x00, 0x10,
  0x01, 0x03, 0x00, 0x00, 0x00, 0x25, 0x3d, 0x6d, 0x22, 0x00, 0x00, 0x00,
  0x06, 0x50, 0x4c, 0x54, 0x45, 0xff, 0xff, 0xff, 0x03, 0x03, 0x03, 0xe5,
  0xa0, 0x6f, 0x5e, 0x00, 0x00, 0x00, 0x31, 0x49, 0x44, 0x41, 0x54, 0x78,
  0x5e, 0x25, 0xca, 0xc1, 0x09, 0x00, 0x30, 0x08, 0x04, 0xc1, 0x0b, 0x41,
  0xd2, 0x76, 0x20, 0x1f, 0xcb, 0xd2, 0x4e, 0x84, 0x54, 0x90, 0x0a, 0x34,
  0x87, 0x30, 0x8f, 0x7d, 0x2c, 0x32, 0x29, 0x16, 0x6c, 0x62, 0x0f, 0x52,
  0x69, 0xec, 0xf3, 0xc8, 0xef, 0x1f, 0xfa, 0x2c, 0x9b, 0xa5, 0x12, 0x40,
  0xbc, 0x66, 0x74, 0x9e, 0x00, 0x00, 0x00, 0x00, 0x49, 0x45, 0x4e, 0x44,
  0xae, 0x42, 0x60, 0x82
};
static const unsigned char asset_38[] = {
  0x89, 0x50, 0x4e, 0x47, 0x0d, 0x0a, 0x1a, 0x0a, 0x00, 0x00, 0x00, 0x0d,
  0x49, 0x48, 0x44, 0x52, 0x00, 0x00, 0x00, 0x10, 0x00, 0x00, 0x00, 0x10,
  0x01, 0x03, 0x00, 0x00, 0x00, 0x25, 0x3d, 0x6d, 0x22, 0x00, 0x00, 0x00,
  0x06, 0x50, 0x4c, 0x54, 0x45, 0xff, 0xff, 0xff, 0x03, 0x03, 0x03, 0xe5,
  0xa0, 0x6f, 0x5e, 0x00, 0x00, 0x00, 0x36, 0x49, 0x44, 0x41, 0x54, 0x78,
  0x5e, 0x25, 0xca, 0xb1, 0x09, 0x00, 0x20, 0x10, 0x43, 0xd1, 0x88, 0x85,
  0x5c, 0xe9, 0x00, 0xee, 0xaa, 0x56, 0x0e, 0x71, 0xc3, 0x38, 0x8a, 0x4e,
  0x72, 0x26, 0x08, 0xaf, 0x08, 0xe4, 0x23, 0x42, 0x4e, 0xc1, 0xce, 0xe8,
  0x49, 0xbc, 0x61, 0x19, 0x69, 0xcf, 0x8a, 0x71, 0x79, 0x31, 0xf8, 0xe5,
  0x03, 0x89, 0x7d, 0x10, 0xa0, 0x39, 0xc2, 0x75, 0xd9, 0x00, 0x00, 0x00,
  0x00, 0x49, 0x45, 0x4e, 0x44, 0xae, 0x42, 0x60, 0x82
};
static const unsigned char asset_39[] = {
  0x89, 0x50, 0x4e, 0x47, 0x0d, 0x0a, 0x1a, 0x0a, 0x00, 0x00, 0x00, 0x0d,
  0x49, 0x48, 0x44, 0x52, 0x00, 0x00, 0x00, 0x10, 0x00, 0x00, 0x00, 0x10,
  0x01, 0x03, 0x00, 0x00, 0x00, 0x25, 0x3d, 0x6d, 0x22, 0x00, 0x00, 0x00,
  0x06, 0x50, 0x4c, 0x54, 0x45, 0x03, 0x03, 0x03, 0xff, 0xff, 0xff, 0x76,
  0x58, 0x38, 0x4d, 0x00, 0x00, 0x00, 0x35, 0x49, 0x44, 0x41, 0x54, 0x78,
  0x5e, 0x25, 0x8a, 0xb1, 0x0d, 0x00, 0x10, 0x00, 0x04, 0x6f, 0x00, 0x31,
  0x02, 0x8b, 0x48, 0x8c, 0x63, 0x00, 0xad, 0xb0, 0xad, 0x01, 0x54, 0x0a,
  0x11, 0x9e, 0xcb, 0xe7, 0x73, 0xc5, 0xf1, 0xf1, 0x93, 0xb8, 0x68, 0x5b,
  0x4b, 0x83, 0xdc, 0xef, 0xcb, 0xab, 0xa3, 0x58, 0x82, 0x51, 0x20, 0x38,
  0x5b, 0x19, 0x0d, 0x5a, 0x52, 0x4a, 0x2b, 0xbf, 0x00, 0x00, 0x00, 0x00,
  0x49, 0x45, 0x4e, 0x44, 0xae, 0x42, 0x60, 0x82
};
static const unsigned char asset_40[] = {
  0x89, 0x50, 0x4e, 0x47, 0x0d, 0x0a, 0x1a, 0x0a, 0x00, 0x00, 0x00, 0x0d,
  0x49, 0x48, 0x44, 0x52, 0x00, 0x00, 0x00, 0x10, 0x00, 0x00, 0x00, 0x10,
  0x01, 0x03, 0x00, 0x00, 0x00, 0x25, 0x3d, 0x6d, 0x22, 0x00, 0x00, 0x00,
  0x06, 0x50, 0x4c, 0x54, 0x45, 0x03, 0x03, 0x03, 0xff, 0xff, 0xff, 0x76,
  0x58, 0x38, 0x4d, 0x00, 0x00, 0x00, 0x31, 0x49, 0x44, 0x41, 0x54, 0x78,
  0x5e, 0x25, 0x8a, 0xc1, 0x0d, 0x00, 0x20, 0x08, 0x03, 0xbb, 0x89, 0x9b,
  0xe8, 0x46, 0x26, 0x4c, 0xc0, 0xa2, 0xbe, 0x98, 0x82, 0x07, 0x21, 0xb6,
  0x7a, 0xb9, 0xd7, 0xb5, 0xf8, 0x8c, 0xc4, 0x2a, 0x78, 0x4b, 0xb2, 0x8f,
  0xb4, 0x80, 0x4f, 0x95, 0x55, 0x3a, 0x3c, 0x2e, 0x46, 0xf7, 0x0d, 0xc0,
  0xd8, 0x22, 0x9e, 0x97, 0x00, 0x00, 0x00, 0x00, 0x49, 0x45, 0x4e, 0x44,
  0xae, 0x42, 0x60, 0x82
};
static const unsigned char asset_41[] = {
  0x89, 0x50, 0x4e, 0x47, 0x0d, 0x0a, 0x1a, 0x0a, 0x00, 0x00, 0x00, 0x0d,
  0x49, 0x48, 0x44, 0x52, 0x00, 0x00, 0x00, 0x10, 0x00, 0x00, 0x00, 0x10,
  0x01, 0x03, 0x00, 0x00, 0x00, 0x25, 0x3d, 0x6d, 0x22, 0x00, 0x00, 0x00,
  0x06, 0x50, 0x4c, 0x54, 0x45, 0xff, 0xff, 0xff, 0x03, 0x03, 0x03, 0xe5,
  0xa0, 0x6f, 0x5e, 0x00, 0x00, 0x00, 0x36, 0x49, 0x44, 0x41, 0x54, 0x78,
  0x5e, 0x25, 0x8a, 0xb1, 0x0d, 0x00, 0x10, 0x10, 0x00, 0x4f, 0x14, 0xa2,
  0x50, 0x28, 0x6d, 0x8b, 0x4a, 0x61, 0x00, 0xe3, 0x18, 0x85, 0x49, 0xde,
  0x7f, 0x24, 0x57, 0x5c, 0x72, 0x87, 0x88, 0x71, 0x02, 0xdb, 0x53, 0x9d,
  0x31, 0x0b, 0x2b, 0x31, 0xa2, 0x79, 0xbb, 0xf4, 0x6c, 0xe9, 0x84, 0x7f,
  0x3e, 0x8b, 0xae, 0x10, 0xa0, 0x3c, 0x75, 0x11, 0xf9, 0x00, 0x00, 0x00,
  0x00, 0x49, 0x45, 0x4e, 0x44, 0xae, 0x42, 0x60, 0x82
};
static const unsigned char asset_42[] = {
  0x89, 0x50, 0x4e, 0x47, 0x0d, 0x0a, 0x1a, 0x0a, 0x00, 0x00, 0x00, 0x0d,
  0x49, 0x48, 0x44, 0x52, 0x00, 0x00, 0x00, 0x10, 0x00, 0x00, 0x00, 0x10,
  0x01, 0x03, 0x00, 0x00, 0x00, 0x25, 0x3d, 0x6d, 0x22, 0x00, 0x00, 0x00,
  0x06, 0x50, 0x4c, 0x54, 0x45, 0xff, 0xff, 0xff, 0x03, 0x03, 0x03, 0xe5,
  0xa0, 0x6f, 0x5e, 0x00, 0x00, 0x00, 0x35, 0x49, 0x44, 0x41, 0x54, 0x78,
  0x5e, 0x25, 0xca, 0xc1, 0x09, 0x00, 0x20, 0x0c, 0x43, 0xd1, 0x48, 0x0f,
  0xe2, 0x10, 0xee, 0x2a, 0x78, 0xe9, 0x10, 0x1d, 0x26, 0xa3, 0xb8, 0x82,
  0x13, 0xd4, 0x06, 0xe1, 0x11, 0x72, 0xf8, 0xc8, 0x94, 0xd3, 0x41, 0xc3,
  0x6a, 0x12, 0x13, 0x3e, 0x8a, 0xfe, 0xbe, 0x5a, 0x5a, 0x05, 0xbf, 0x7c,
  0x8c, 0x20, 0x10, 0xa0, 0x12, 0xa9, 0xec, 0x0c, 0x00, 0x00, 0x00, 0x00,
  0x49, 0x45, 0x4e, 0x44, 0xae, 0x42, 0x60, 0x82
};
static const unsigned char asset_43[] = {
  0x89, 0x50, 0x4e, 0x47, 0x0d, 0x0a, 0x1a, 0x0a, 0x00, 0x00, 0x00, 0x0d,
  0x49, 0x48, 0x44, 0x52, 0x00, 0x00, 0x00, 0x10, 0x00, 0x00, 0x00, 0x10,
  0x01, 0x03, 0x00, 0x00, 0x00, 0x25, 0x3d, 0x6d, 0x22, 0x00, 0x00, 0x00,
  0x06, 0x50, 0x4c, 0x54, 0x45, 0xff, 0xff, 0xff, 0x03, 0x03, 0x03, 0xe5,
  0xa0, 0x6f, 0x5e, 0x00, 0x00, 0x00, 0x32, 0x49, 0x44, 0x41, 0x54, 0x78,
  0x5e, 0x2d, 0xca, 0xb1, 0x09, 0x00, 0x20, 0x14, 0xc4, 0xd0, 0x13, 0x0b,
  0x6b, 0x71, 0x02, 0x37, 0xf5, 0x83, 0x83, 0x89, 0x93, 0xe8, 0x24, 0x27,
  0x01, 0x21, 0xa4, 0x7a, 0xb2, 0xe9, 0x14, 0xad, 0xac, 0x91, 0x7e, 0xb3,
  0xf2, 0xe8, 0x8a, 0xcb, 0x77, 0x03, 0x20, 0xfd, 0x00, 0x88, 0x92, 0x10,
  0x9e, 0x3e, 0x34, 0xda, 0xa6, 0x00, 0x00, 0x00, 0x00, 0x49, 0x45, 0x4e,
  0x44, 0xae, 0x42, 0x60, 0x82
};
static const unsigned char asset_44[] = {
  0x89, 0x50, 0x4e, 0x47, 0x0d, 0x0a, 0x1a, 0x0a, 0x00, 0x00, 0x00, 0x0d,
  0x49, 0x48, 0x44, 0x52, 0x00, 0x00, 0x00, 0x10, 0x00, 0x00, 0x00, 0x10,
  0x01, 0x03, 0x00, 0x00, 0x00, 0x25, 0x3d, 0x6d, 0x22, 0x00, 0x00, 0x00,
  0x06, 0x50, 0x4c, 0x54, 0x45, 0xff, 0xff, 0xff, 0x03, 0x03, 0x03, 0xe5,
  0xa0, 0x6f, 0x5e, 0x00, 0x00, 0x00, 0x32, 0x49, 0x44, 0x41, 0x54, 0x78,
  0x5e, 0x2d, 0x8a, 0xdb, 0x09, 0x00, 0x20, 0x0c, 0x03, 0x23, 0x52, 0x9c,
  0xc1, 0x6d, 0xfd, 0x70, 0x88, 0x8e, 0xa3, 0x9b, 0xb8, 0x49, 0x4d, 0x1f,
  0x70, 0x84, 0x83, 0x1c, 0xcc, 0x9c, 0x37, 0x70, 0x3a, 0x56, 0x2b, 0xb6,
  0x40, 0x67, 0xf8, 0xe5, 0xf2, 0x62, 0x90, 0xe5, 0x07, 0x84, 0xb5, 0x10,
  0x4d, 0xc0, 0xb6, 0xf8, 0x88, 0x00, 0x00, 0x00, 0x00, 0x49, 0x45, 0x4e,
  0x44, 0xae, 0x42, 0x60, 0x82
};
static const unsigned char asset_45[] = {
  0x89, 0x50, 0x4e, 0x47, 0x0d, 0x0a, 0x1a, 0x0a, 0x00, 0x00, 0x00, 0x0d,
  0x49, 0x48, 0x44, 0x52, 0x00, 0x00, 0x00, 0x10, 0x00, 0x00, 0x00, 0x10,
  0x01, 0x03, 0x00, 0x00, 0x00, 0x25, 0x3d, 0x6d, 0x22, 0x00, 0x00, 0x00,
  0x06, 0x50, 0x4c, 0x54, 0x45, 0xff, 0xff, 0xff, 0x03, 0x03, 0x03, 0xe5,
  0xa0, 0x6f, 0x5e, 0x00, 0x00, 0x00, 0x34, 0x49, 0x44, 0x41, 0x54, 0x78,
  0x5e, 0x2d, 0x8a, 0xc1, 0x0d, 0x00, 0x20, 0x08, 0x03, 0x6b, 0x7c, 0xf8,
  0x66, 0x00, 0x76, 0xd5, 0x0d, 0x18, 0x80, 0x61, 0x74, 0x13, 0x36, 0xc1,
  0x12, 0x4d, 0xee, 0xd1, 0xe6, 0x0e, 0x99, 0x45, 0x0c, 0xec, 0x8e, 0xd9,
  0x3e, 0xae, 0x30, 0xa9, 0xb1, 0x78, 0x0f, 0x15, 0x83, 0x57, 0x5e, 0x85,
  0xe6, 0x10, 0x6e, 0x5d, 0xcb, 0xa5, 0x4f, 0x00, 0x00, 0x00, 0x00, 0x49,
  0x45, 0x4e, 0x44, 0xae, 0x42, 0x60, 0x82
};
static const unsigned char asset_46[] = {
  0x89, 0x50, 0x4e, 0x47, 0x0d, 0x0a, 0x1a, 0x0a, 0x00, 0x00, 0x00, 0x0d,
  0x49, 0x48, 0x44, 0x52, 0x00, 0x00, 0x00, 0x10, 0x00, 0x00, 0x00, 0x10,
  0x01, 0x03, 0x00, 0x00, 0x00, 0x25, 0x3d, 0x6d, 0x22, 0x00, 0x00, 0x00,
  0x06, 0x50, 0x4c, 0x54, 0x45, 0xff, 0xff, 0xff, 0x03, 0x03, 0x03, 0xe5,
  0xa0, 0x6f, 0x5e, 0x00, 0x00, 0x00, 0x3a, 0x49, 0x44, 0x41, 0x54, 0x78,
  0x5e, 0x25, 0xca, 0xb1, 0x0d, 0x00, 0x10, 0x14, 0x00, 0xd1, 0x13, 0x85,
  0x28, 0x0c, 0x60, 0x5b, 0xa2, 0x51, 0x18, 0xc0, 0x38, 0x12, 0x8b, 0x48,
  0x4c, 0xf0, 0x27, 0xc0, 0x8f, 0xe4, 0x15, 0x57, 0x1c, 0xe7, 0xa8, 0xe5,
  0x18, 0x96, 0x64, 0x54, 0x0f, 0xb4, 0x48, 0xf5, 0xda, 0x59, 0x28, 0xc2,
  0xdc, 0x6f, 0xf8, 0xe7, 0x05, 0xa0, 0xfd, 0x12, 0x74, 0xf0, 0xef, 0xf2,
  0x77, 0x00, 0x00, 0x00, 0x00, 0x49, 0x45, 0x4e, 0x44, 0xae, 0x42, 0x60,
  0x82
};
static const unsigned char asset_47[] = {
  0x89, 0x50, 0x4e, 0x47, 0x0d, 0x0a, 0x1a, 0x0a, 0x00, 0x00, 0x00, 0x0d,
  0x49, 0x48, 0x44, 0x52, 0x00, 0x00, 0x00, 0x10, 0x00, 0x00, 0x00, 0x10,
  0x01, 0x03, 0x00, 0x00, 0x00, 0x25, 0x3d, 0x6d, 0x22, 0x00, 0x00, 0x00,
  0x06, 0x50, 0x4c, 0x54, 0x45, 0x03, 0x03, 0x03, 0xff, 0xff, 0xff, 0x76,
  0x58, 0x38, 0x4d, 0x00, 0x00, 0x00, 0x3a, 0x49, 0x44, 0x41, 0x54, 0x78,
  0x5e, 0x25, 0xca, 0xb1, 0x09, 0x00, 0x20, 0x0c, 0x00, 0xc1, 0x9f, 0x40,
  0x47, 0x70, 0x08, 0x5b, 0xc1, 0x71, 0x1c, 0xc0, 0xc2, 0x26, 0xe0, 0x6e,
  0x19, 0xc5, 0x29, 0x52, 0x84, 0x20, 0xe2, 0x17, 0x5f, 0x1d, 0xbf, 0x6c,
  0x54, 0x47, 0x82, 0xdd, 0x18, 0xca, 0x54, 0xd6, 0x61, 0x07, 0x92, 0xde,
  0xbb, 0x53, 0xec, 0xc3, 0x0b, 0x4a, 0xdf, 0x0d, 0xf9, 0x2e, 0xca, 0x09,
  0x3f, 0x00, 0x00, 0x00, 0x00, 0x49, 0x45, 0x4e, 0x44, 0xae, 0x42, 0x60,
  0x82
};
static const unsigned char asset_48[] = {
  0x89, 0x50, 0x4e, 0x47, 0x0d, 0x0a, 0x1a, 0x0a, 0x00, 0x00, 0x00, 0x0d,
  0x49, 0x48, 0x44, 0x52, 0x00, 0x00, 0x00, 0x10, 0x00, 0x00, 0x00, 0x10,
  0x01, 0x03, 0x00, 0x00, 0x00, 0x25, 0x3d, 0x6d, 0x22, 0x00, 0x00, 0x00,
  0x06, 0x50, 0x4c, 0x54, 0x45, 0xff, 0xff, 0xff, 0x03, 0x03, 0x03, 0xe5,
  0xa0, 0x6f, 0x5e, 0x00, 0x00, 0x00, 0x2e, 0x49, 0x44, 0x41, 0x54, 0x78,
  0x5e, 0x4d, 0x89, 0xc1, 0x09, 0x00, 0x20, 0x0c, 0xc4, 0x72, 0xb8, 0xb8,
  0x7b, 0xf8, 0x71, 0x93, 0x76, 0x8d, 0x0e, 0x53, 0x6a, 0x41, 0x1f, 0xc2,
  0x71, 0x84, 0x84, 0x2a, 0xa6, 0xb0, 0x64, 0xeb, 0x5f, 0xcb, 0x4e, 0xef,
  0x63, 0xe1, 0xe3, 0xf2, 0x01, 0x8e, 0xa2, 0x11, 0x15, 0x45, 0x4e, 0x98,
  0xc3, 0x00, 0x00, 0x00, 0x00, 0x49, 0x45, 0x4e, 0x44, 0xae, 0x42, 0x60,
  0x82
};
static const unsigned char asset_49[] = {
  0x89, 0x50, 0x4e, 0x47, 0x0d, 0x0a, 0x1a, 0x0a, 0x00, 0x00, 0x00, 0x0d,
  0x49, 0x48, 0x44, 0x52, 0x00, 0x00, 0x00, 0x10, 0x00, 0x00, 0x00, 0x10,
  0x01, 0x03, 0x00, 0x00, 0x00, 0x25, 0x3d, 0x6d, 0x22, 0x00, 0x00, 0x00,
  0x06, 0x50, 0x4c, 0x54, 0x45, 0x03, 0x03, 0x03, 0xff, 0xff, 0xff, 0x76,
  0x58, 0x38, 0x4d, 0x00, 0x00, 0x00, 0x22, 0x49, 0x44, 0x41, 0x54, 0x78,
  0x5e, 0x65, 0xc9, 0x31, 0x15, 0x00, 0x00, 0x08, 0x84, 0x50, 0x36, 0x13,
  0x5a, 0x87, 0x40, 0xa6, 0x32, 0x8a, 0xcf, 0xf9, 0x18, 0x58, 0x3e, 0x59,
  0xed, 0xbf, 0x07, 0x4d, 0x3c, 0x42, 0xec, 0x02, 0xe3, 0x59, 0x43, 0xde,
  0x7c, 0x00, 0x00, 0x00, 0x00, 0x49, 0x45, 0x4e, 0x44, 0xae, 0x42, 0x60,
  0x82
};
static const unsigned char asset_50[] = {
  0x89, 0x50, 0x4e, 0x47, 0x0d, 0x0a, 0x1a, 0x0a, 0x00, 0x00, 0x00, 0x0d,
  0x49, 0x48, 0x44, 0x52, 0x00, 0x00, 0x00, 0x10, 0x00, 0x00, 0x00, 0x10,
  0x01, 0x03, 0x00, 0x00, 0x00, 0x25, 0x3d, 0x6d, 0x22, 0x00, 0x00, 0x00,
  0x06, 0x50, 0x4c, 0x54, 0x45, 0x03, 0x03, 0x03, 0xff, 0xff, 0xff, 0x76,
  0x58, 0x38, 0x4d, 0x00, 0x00, 0x00, 0x20, 0x49, 0x44, 0x41, 0x54, 0x78,
  0x5e, 0x55, 0xc4, 0xb1, 0x01, 0x00, 0x00, 0x04, 0x04, 0xb1, 0xc3, 0x62,
  0x46, 0x33, 0xda, 0x8f, 0x46, 0xf9, 0x52, 0x04, 0x97, 0xa2, 0xfa, 0x7d,
  0x62, 0x30, 0x0b, 0x5a, 0x16, 0x03, 0x91, 0x03, 0x9d, 0x07, 0x1d, 0x00,
  0x00, 0x00, 0x00, 0x49, 0x45, 0x4e, 0x44, 0xae, 0x42, 0x60, 0x82
};
static const unsigned char asset_51[] = {
  0x89, 0x50, 0x4e, 0x47, 0x0d, 0x0a, 0x1a, 0x0a, 0x00, 0x00, 0x00, 0x0d,
  0x49, 0x48, 0x44, 0x52, 0x00, 0x00, 0x00, 0x10, 0x00, 0x00, 0x00, 0x10,
  0x01, 0x03, 0x00, 0x00, 0x00, 0x25, 0x3d, 0x6d, 0x22, 0x00, 0x00, 0x00,
  0x06, 0x50, 0x4c, 0x54, 0x45, 0x03, 0x03, 0x03, 0xff, 0xff, 0xff, 0x76,
  0x58, 0x38, 0x4d, 0x00, 0x00, 0x00, 0x33, 0x49, 0x44, 0x41, 0x54, 0x78,
  0x5e, 0x45, 0xc5, 0xb1, 0x0d, 0x00, 0x20, 0x08, 0x44, 0xd1, 0x2b, 0x4c,
  0x6c, 0xd8, 0x41, 0x47, 0xa0, 0xa3, 0x74, 0xff, 0x2d, 0x18, 0x80, 0x01,
  0x28, 0x28, 0x3c, 0x63, 0xc1, 0xcf, 0xcb, 0x1d, 0xd8, 0x74, 0x58, 0x3c,
  0x7b, 0x60, 0x25, 0x4e, 0x35, 0xf6, 0x57, 0x85, 0xf8, 0x17, 0x2d, 0xb0,
  0x0b, 0x08, 0xb4, 0xea, 0x94, 0xa3, 0x00, 0x00, 0x00, 0x00, 0x49, 0x45,
  0x4e, 0x44, 0xae, 0x42, 0x60, 0x82
};
static const unsigned char asset_52[] = {
  0x89, 0x50, 0x4e, 0x47, 0x0d, 0x0a, 0x1a, 0x0a, 0x00, 0x00, 0x00, 0x0d,
  0x49, 0x48, 0x44, 0x52, 0x00, 0x00, 0x00, 0x10, 0x00, 0x00, 0x00, 0x10,
  0x01, 0x03, 0x00, 0x00, 0x00, 0x25, 0x3d, 0x6d, 0x22, 0x00, 0x00, 0x00,
  0x06, 0x50, 0x4c, 0x54, 0x45, 0x03, 0x03, 0x03, 0xff, 0xff, 0xff, 0x76,
  0x58, 0x38, 0x4d, 0x00, 0x00, 0x00, 0x40, 0x49, 0x44, 0x41, 0x54, 0x78,
  0x5e, 0x15, 0xca, 0xb1, 0x0d, 0x80, 0x20, 0x14, 0x40, 0xc1, 0x47, 0x61,
  0x41, 0xc9, 0x08, 0x8c, 0xe2, 0x66, 0x7e, 0x20, 0x81, 0x0e, 0x36, 0x80,
  0x4d, 0x8c, 0xa3, 0x38, 0x82, 0xa5, 0x05, 0xf9, 0x84, 0xe4, 0xca, 0x43,
  0x95, 0xcb, 0x70, 0x4f, 0xfa, 0x4f, 0xfd, 0xc8, 0x2f, 0xf1, 0x41, 0x64,
  0x0b, 0x27, 0xc9, 0x53, 0x1c, 0xcd, 0x32, 0x8e, 0xdd, 0x54, 0x17, 0xdc,
  0x0e, 0x11, 0xc2, 0xbc, 0x70, 0xe3, 0xc3, 0x00, 0x00, 0x00, 0x00, 0x49,
  0x45, 0x4e, 0x44, 0xae, 0x42, 0x60, 0x82
};
static const unsigned char asset_53[] = {
  0x89, 0x50, 0x4e, 0x47, 0x0d, 0x0a, 0x1a, 0x0a, 0x00, 0x00, 0x00, 0x0d,
  0x49, 0x48, 0x44, 0x52, 0x00, 0x00, 0x00, 0x10, 0x00, 0x00, 0x00, 0x10,
  0x01, 0x03, 0x00, 0x00, 0x00, 0x25, 0x3d, 0x6d, 0x22, 0x00, 0x00, 0x00,
  0x06, 0x50, 0x4c, 0x54, 0x45, 0xff, 0xff, 0xff, 0x03, 0x03, 0x03, 0xe5,
  0xa0, 0x6f, 0x5e, 0x00, 0x00, 0x00, 0x2f, 0x49, 0x44, 0x41, 0x54, 0x78,
  0x5e, 0x2d, 0xc6, 0x31, 0x0d, 0x00, 0x20, 0x10, 0x03, 0xc0, 0x22, 0x0e,
  0x09, 0xc8, 0xf9, 0x04, 0x2b, 0x0c, 0x2c, 0x8f, 0x88, 0x57, 0xd6, 0x3c,
  0x1d, 0x9a, 0xdc, 0x70, 0xe8, 0xc6, 0x1e, 0x56, 0xc4, 0x23, 0x32, 0xfc,
  0x3b, 0xc5, 0x3f, 0x4b, 0xf4, 0x0f, 0xa6, 0xc3, 0x10, 0xc8, 0x9b, 0xaa,
  0x3a, 0x84, 0x00, 0x00, 0x00, 0x00, 0x49, 0x45, 0x4e, 0x44, 0xae, 0x42,
  0x60, 0x82
};
static const unsigned char asset_54[] = {
  0x89, 0x50, 0x4e, 0x47, 0x0d, 0x0a, 0x1a, 0x0a, 0x00, 0x00, 0x00, 0x0d,
  0x49, 0x48, 0x44, 0x52, 0x00, 0x00, 0x00, 0x10, 0x00, 0x00, 0x00, 0x10,
  0x01, 0x03, 0x00, 0x00, 0x00, 0x25, 0x3d, 0x6d, 0x22, 0x00, 0x00, 0x00,
  0x06, 0x50, 0x4c, 0x54, 0x45, 0xff, 0xff, 0xff, 0x03, 0x03, 0x03, 0xe5,
  0xa0, 0x6f, 0x5e, 0x00, 0x00, 0x00, 0x39, 0x49, 0x44, 0x41, 0x54, 0x78,
  0x5e, 0x0d, 0xc2, 0xb1, 0x0d, 0x80, 0x30, 0x0c, 0x45, 0xc1, 0x67, 0xa5,
  0x70, 0x85, 0x28, 0x18, 0x80, 0x59, 0xbd, 0x1a, 0x93, 0xe0, 0xc8, 0x03,
  0xb8, 0x4c, 0x11, 0xe9, 0x83, 0x74, 0x48, 0xac, 0x9b, 0x3e, 0x69, 0xe7,
  0x75, 0x52, 0x4c, 0xa7, 0x06, 0x7b, 0x50, 0xc6, 0x63, 0xc4, 0xef, 0x20,
  0x2e, 0x22, 0x91, 0x3e, 0xb6, 0xf8, 0x11, 0x4e, 0x9e, 0xe5, 0x66, 0x26,
  0x00, 0x00, 0x00, 0x00, 0x49, 0x45, 0x4e, 0x44, 0xae, 0x42, 0x60, 0x82
};
static const unsigned char asset_55[] = {
  0x89, 0x50, 0x4e, 0x47, 0x0d, 0x0a, 0x1a, 0x0a, 0x00, 0x00, 0x00, 0x0d,
  0x49, 0x48, 0x44, 0x52, 0x00, 0x00, 0x00, 0x10, 0x00, 0x00, 0x00, 0x10,
  0x01, 0x03, 0x00, 0x00, 0x00, 0x25, 0x3d, 0x6d, 0x22, 0x00, 0x00, 0x00,
  0x06, 0x50, 0x4c, 0x54, 0x45, 0xff, 0xff, 0xff, 0x03, 0x03, 0x03, 0xe5,
  0xa0, 0x6f, 0x5e, 0x00, 0x00, 0x00, 0x20, 0x49, 0x44, 0x41, 0x54, 0x78,
  0x5e, 0x65, 0xca, 0xb1, 0x09, 0x00, 0x00, 0x08, 0x04, 0xb1, 0xe3, 0x27,
  0xf9, 0xfd, 0x97, 0x3c, 0x0b, 0x2b, 0x11, 0x52, 0x86, 0xf6, 0x50, 0x92,
  0x0f, 0xdd, 0x30, 0x84, 0x24, 0x05, 0xd9, 0x7a, 0x1d, 0xfe, 0x43, 0x00,
  0x00, 0x00, 0x00, 0x49, 0x45, 0x4e, 0x44, 0xae, 0x42, 0x60, 0x82
};
static const unsigned char asset_56[] = {
  0x89, 0x50, 0x4e, 0x47, 0x0d, 0x0a, 0x1a, 0x0a, 0x00, 0x00, 0x00, 0x0d,
  0x49, 0x48, 0x44, 0x52, 0x00, 0x00, 0x00, 0x10, 0x00, 0x00, 0x00, 0x10,
  0x01, 0x03, 0x00, 0x00, 0x00, 0x25, 0x3d, 0x6d, 0x22, 0x00, 0x00, 0x00,
  0x06, 0x50, 0x4c, 0x54, 0x45, 0xff, 0xff, 0xff, 0x03, 0x03, 0x03, 0xe5,
  0xa0, 0x6f, 0x5e, 0x00, 0x00, 0x00, 0x25, 0x49, 0x44, 0x41, 0x54, 0x78,
  0x5e, 0x55, 0xca, 0xb1, 0x0d, 0x00, 0x00, 0x08, 0x02, 0x30, 0xe2, 0x25,
  0x84, 0x47, 0xfc, 0xff, 0x29, 0x71, 0x90, 0xc5, 0xa4, 0x63, 0x41, 0x3e,
  0x36, 0x54, 0xd1, 0x03, 0x29, 0xec, 0x0b, 0x0b, 0xaf, 0x7c, 0x08, 0x32,
  0x8c, 0xe1, 0xde, 0x28, 0x00, 0x00, 0x00, 0x00, 0x49, 0x45, 0x4e, 0x44,
  0xae, 0x42, 0x60, 0x82
};
static const unsigned char asset_57[] = {
  0x89, 0x50, 0x4e, 0x47, 0x0d, 0x0a, 0x1a, 0x0a, 0x00, 0x00, 0x00, 0x0d,
  0x49, 0x48, 0x44, 0x52, 0x00, 0x00, 0x00, 0x10, 0x00, 0x00, 0x00, 0x10,
  0x01, 0x03, 0x00, 0x00, 0x00, 0x25, 0x3d, 0x6d, 0x22, 0x00, 0x00, 0x00,
  0x06, 0x50, 0x4c, 0x54, 0x45, 0xff, 0xff, 0xff, 0x03, 0x03, 0x03, 0xe5,
  0xa0, 0x6f, 0x5e, 0x00, 0x00, 0x00, 0x22, 0x49, 0x44, 0x41, 0x54, 0x78,
  0x5e, 0x5d, 0xca, 0xa1, 0x0d, 0x00, 0x00, 0x08, 0x03, 0xc1, 0x86, 0x2e,
  0xd2, 0xfd, 0x87, 0xe4, 0x11, 0x28, 0x48, 0x4e, 0x9e, 0x92, 0x03, 0xe4,
  0x96, 0xeb, 0x83, 0x0d, 0x03, 0xa0, 0x40, 0x06, 0xdc, 0xc7, 0x80, 0xc6,
  0x23, 0x00, 0x00, 0x00, 0x00, 0x49, 0x45, 0x4e, 0x44, 0xae, 0x42, 0x60,
  0x82
};
static const unsigned char asset_58[] = {
  0x89, 0x50, 0x4e, 0x47, 0x0d, 0x0a, 0x1a, 0x0a, 0x00, 0x00, 0x00, 0x0d,
  0x49, 0x48, 0x44, 0x52, 0x00, 0x00, 0x00, 0x10, 0x00, 0x00, 0x00, 0x10,
  0x01, 0x03, 0x00, 0x00, 0x00, 0x25, 0x3d, 0x6d, 0x22, 0x00, 0x00, 0x00,
  0x06, 0x50, 0x4c, 0x54, 0x45, 0x03, 0x03, 0x03, 0xff, 0xff, 0xff, 0x76,
  0x58, 0x38, 0x4d, 0x00, 0x00, 0x00, 0x2c, 0x49, 0x44, 0x41, 0x54, 0x78,
  0x5e, 0x3d, 0x89, 0xb1, 0x0d, 0x00, 0x30, 0x08, 0xc3, 0x32, 0x76, 0xec,
  0x14, 0xc6, 0xbe, 0xc7, 0xe9, 0x39, 0x81, 0x91, 0x22, 0x04, 0x56, 0x06,
  0xcb, 0xc1, 0xf2, 0x02, 0xf7, 0xc0, 0x54, 0xa3, 0x83, 0x6a, 0xff, 0xb1,
  0xae, 0x21, 0x01, 0xb8, 0x7b, 0x07, 0xd7, 0x23, 0x25, 0xd6, 0xb1, 0x00,
  0x00, 0x00, 0x00, 0x49, 0x45, 0x4e, 0x44, 0xae, 0x42, 0x60, 0x82
};
static const unsigned char asset_59[] = {
  0x89, 0x50, 0x4e, 0x47, 0x0d, 0x0a, 0x1a, 0x0a, 0x00, 0x00, 0x00, 0x0d,
  0x49, 0x48, 0x44, 0x52, 0x00, 0x00, 0x00, 0x10, 0x00, 0x00, 0x00, 0x10,
  0x01, 0x03, 0x00, 0x00, 0x00, 0x25, 0x3d, 0x6d, 0x22, 0x00, 0x00, 0x00,
  0x06, 0x50, 0x4c, 0x54, 0x45, 0x03, 0x03, 0x03, 0xff, 0xff, 0xff, 0x76,
  0x58, 0x38, 0x4d, 0x00, 0x00, 0x00, 0x2d, 0x49, 0x44, 0x41, 0x54, 0x78,
  0x5e, 0x3d, 0x89, 0xbb, 0x09, 0x00, 0x50, 0x08, 0x03, 0x53, 0xbe, 0xf2,
  0x41, 0x06, 0xb0, 0x75, 0x34, 0x47, 0x77, 0x04, 0x4b, 0x3f, 0xa0, 0xc7,
  0x15, 0xe1, 0x82, 0x43, 0x02, 0xff, 0xb5, 0xf4, 0x51, 0x41, 0xab, 0x51,
  0xa5, 0xaf, 0x25, 0x01, 0x8d, 0x60, 0x06, 0x1e, 0x10, 0xb5, 0x50, 0xe4,
  0x00, 0x00, 0x00, 0x00, 0x49, 0x45, 0x4e, 0x44, 0xae, 0x42, 0x60, 0x82
};
static const unsigned char asset_60[] = {
  0x89, 0x50, 0x4e, 0x47, 0x0d, 0x0a, 0x1a, 0x0a, 0x00, 0x00, 0x00, 0x0d,
  0x49, 0x48, 0x44, 0x52, 0x00, 0x00, 0x00, 0x10, 0x00, 0x00, 0x00, 0x10,
  0x01, 0x03, 0x00, 0x00, 0x00, 0x25, 0x3d, 0x6d, 0x22, 0x00, 0x00, 0x00,
  0x06, 0x50, 0x4c, 0x54, 0x45, 0x03, 0x03, 0x03, 0xff, 0xff, 0xff, 0x76,
  0x58, 0x38, 0x4d, 0x00, 0x00, 0x00, 0x40, 0x49, 0x44, 0x41, 0x54, 0x78,
  0x5e, 0x15, 0xc6, 0x31, 0x0a, 0x80, 0x20, 0x18, 0x80, 0xd1, 0x2f, 0x08,
  0xdd, 0x9d, 0x7e, 0x1c, 0xc4, 0x9b, 0x58, 0x0d, 0x36, 0xb6, 0x36, 0x7a,
  0x0c, 0x37, 0xc3, 0x93, 0x46, 0x47, 0x70, 0x16, 0x09, 0xb7, 0x07, 0xa0,
  0x5f, 0x44, 0xf0, 0x2b, 0xf1, 0x60, 0x33, 0xec, 0x75, 0xfa, 0xb6, 0x9c,
  0x1f, 0x49, 0x91, 0x1d, 0x65, 0x10, 0x3a, 0x57, 0x63, 0x79, 0x7e, 0xb7,
  0x0b, 0x0a, 0x0e, 0x52, 0x4c, 0x5f, 0xc3, 0x00, 0x00, 0x00, 0x00, 0x49,
  0x45, 0x4e, 0x44, 0xae, 0x42, 0x60, 0x82
};
static const unsigned char asset_61[] = {
  0x89, 0x50, 0x4e, 0x47, 0x0d, 0x0a, 0x1a, 0x0a, 0x00, 0x00, 0x00, 0x0d,
  0x49, 0x48, 0x44, 0x52, 0x00, 0x00, 0x00, 0x10, 0x00, 0x00, 0x00, 0x10,
  0x01, 0x03, 0x00, 0x00, 0x00, 0x25, 0x3d, 0x6d, 0x22, 0x00, 0x00, 0x00,
  0x06, 0x50, 0x4c, 0x54, 0x45, 0xff, 0xff, 0xff, 0x03, 0x03, 0x03, 0xe5,
  0xa0, 0x6f, 0x5e, 0x00, 0x00, 0x00, 0x27, 0x49, 0x44, 0x41, 0x54, 0x78,
  0x5e, 0x5d, 0xca, 0xc1, 0x0d, 0x00, 0x00, 0x04, 0xc5, 0x50, 0x36, 0x67,
  0x13, 0x2c, 0x62, 0x32, 0xf9, 0x22, 0x9c, 0x24, 0xef, 0xd4, 0x94, 0x80,
  0x21, 0xfc, 0x5c, 0x0c, 0x27, 0xd3, 0x91, 0xb5, 0x67, 0x03, 0x98, 0x94,
  0x12, 0xbf, 0x7c, 0x6c, 0x20, 0xc2, 0x00, 0x00, 0x00, 0x00, 0x49, 0x45,
  0x4e, 0x44, 0xae, 0x42, 0x60, 0x82
};
static const unsigned char asset_62[] = {
  0x89, 0x50, 0x4e, 0x47, 0x0d, 0x0a, 0x1a, 0x0a, 0x00, 0x00, 0x00, 0x0d,
  0x49, 0x48, 0x44, 0x52, 0x00, 0x00, 0x00, 0x10, 0x00, 0x00, 0x00, 0x10,
  0x01, 0x03, 0x00, 0x00, 0x00, 0x25, 0x3d, 0x6d, 0x22, 0x00, 0x00, 0x00,
  0x06, 0x50, 0x4c, 0x54, 0x45, 0xff, 0xff, 0xff, 0x03, 0x03, 0x03, 0xe5,
  0xa0, 0x6f, 0x5e, 0x00, 0x00, 0x00, 0x30, 0x49, 0x44, 0x41, 0x54, 0x78,
  0x5e, 0x55, 0xc7, 0x21, 0x11, 0x00, 0x20, 0x10, 0x00, 0xc1, 0xfb, 0x28,
  0x0c, 0x01, 0xa8, 0x88, 0x20, 0x10, 0x82, 0x08, 0x78, 0xca, 0xbc, 0x3f,
  0x0c, 0x86, 0x99, 0x35, 0x8b, 0x92, 0x8d, 0x5d, 0x19, 0xe5, 0x33, 0x83,
  0x23, 0xeb, 0x15, 0xa5, 0x07, 0x7a, 0x01, 0x7f, 0x5e, 0x10, 0x5d, 0x7a,
  0xd5, 0x32, 0x30, 0x00, 0x00, 0x00, 0x00, 0x49, 0x45, 0x4e, 0x44, 0xae,
  0x42, 0x60, 0x82
};
static const unsigned char asset_63[] = {
  0x89, 0x50, 0x4e, 0x47, 0x0d, 0x0a, 0x1a, 0x0a, 0x00, 0x00, 0x00, 0x0d,
  0x49, 0x48, 0x44, 0x52, 0x00, 0x00, 0x00, 0x10, 0x00, 0x00, 0x00, 0x10,
  0x01, 0x03, 0x00, 0x00, 0x00, 0x25, 0x3d, 0x6d, 0x22, 0x00, 0x00, 0x00,
  0x06, 0x50, 0x4c, 0x54, 0x45, 0x03, 0x03, 0x03, 0xff, 0xff, 0xff, 0x76,
  0x58, 0x38, 0x4d, 0x00, 0x00, 0x00, 0x27, 0x49, 0x44, 0x41, 0x54, 0x78,
  0x5e, 0x4d, 0xc7, 0xb1, 0x09, 0x00, 0x20, 0x0c, 0x00, 0xb0, 0x20, 0x4e,
  0x22, 0x1d, 0x1d, 0x4a, 0xe9, 0xff, 0x67, 0x3a, 0x09, 0x42, 0x96, 0x80,
  0x4d, 0x3f, 0xc1, 0x21, 0xa9, 0xaf, 0x8b, 0xc9, 0xc0, 0x05, 0x1d, 0x02,
  0x01, 0x13, 0x92, 0xcd, 0x27, 0xc5, 0x00, 0x00, 0x00, 0x00, 0x49, 0x45,
  0x4e, 0x44, 0xae, 0x42, 0x60, 0x82
};
static const unsigned char asset_64[] = {
  0x89, 0x50, 0x4e, 0x47, 0x0d, 0x0a, 0x1a, 0x0a, 0x00, 0x00, 0x00, 0x0d,
  0x49, 0x48, 0x44, 0x52, 0x00, 0x00, 0x00, 0x10, 0x00, 0x00, 0x00, 0x10,
  0x01, 0x03, 0x00, 0x00, 0x00, 0x25, 0x3d, 0x6d, 0x22, 0x00, 0x00, 0x00,
  0x06, 0x50, 0x4c, 0x54, 0x45, 0x03, 0x03, 0x03, 0xff, 0xff, 0xff, 0x76,
  0x58, 0x38, 0x4d, 0x00, 0x00, 0x00, 0x23, 0x49, 0x44, 0x41, 0x54, 0x78,
  0x5e, 0x65, 0xc6, 0xc1, 0x0d, 0x00, 0x00, 0x04, 0x00, 0xb1, 0x23, 0x61,
  0x2e, 0xa3, 0x18, 0xc5, 0x28, 0x46, 0x15, 0x5f, 0xfa, 0x2a, 0x87, 0x14,
  0xd6, 0x78, 0xa2, 0xb1, 0x7f, 0x06, 0x3b, 0x1f, 0x02, 0x50, 0xd6, 0xb1,
  0x1c, 0xda, 0x00, 0x00, 0x00, 0x00, 0x49, 0x45, 0x4e, 0x44, 0xae, 0x42,
  0x60, 0x82
};
static const unsigned char asset_65[] = {
  0x89, 0x50, 0x4e, 0x47, 0x0d, 0x0a, 0x1a, 0x0a, 0x00, 0x00, 0x00, 0x0d,
  0x49, 0x48, 0x44, 0x52, 0x00, 0x00, 0x00, 0x10, 0x00, 0x00, 0x00, 0x10,
  0x01, 0x03, 0x00, 0x00, 0x00, 0x25, 0x3d, 0x6d, 0x22, 0x00, 0x00, 0x00,
  0x06, 0x50, 0x4c, 0x54, 0x45, 0x03, 0x03, 0x03, 0xff, 0xff, 0xff, 0x76,
  0x58, 0x38, 0x4d, 0x00, 0x00, 0x00, 0x1e, 0x49, 0x44, 0x41, 0x54, 0x78,
  0x5e, 0x6d, 0xc2, 0xb1, 0x0d, 0x00, 0x00, 0x08, 0x02, 0xc1, 0x8f, 0x95,
  0x63, 0x3b, 0x0a, 0xa3, 0x62, 0x0f, 0x97, 0x23, 0xcd, 0x17, 0x7b, 0x34,
  0x06, 0x1b, 0xf6, 0x01, 0x2d, 0x92, 0xe5, 0x01, 0xd3, 0x00, 0x00, 0x00,
  0x00, 0x49, 0x45, 0x4e, 0x44, 0xae, 0x42, 0x60, 0x82
};
static const unsigned char asset_66[] = {
  0x89, 0x50, 0x4e, 0x47, 0x0d, 0x0a, 0x1a, 0x0a, 0x00, 0x00, 0x00, 0x0d,
  0x49, 0x48, 0x44, 0x52, 0x00, 0x00, 0x00, 0x10, 0x00, 0x00, 0x00, 0x10,
  0x01, 0x03, 0x00, 0x00, 0x00, 0x25, 0x3d, 0x6d, 0x22, 0x00, 0x00, 0x00,
  0x06, 0x50, 0x4c, 0x54, 0x45, 0x03, 0x03, 0x03, 0xff, 0xff, 0xff, 0x76,
  0x58, 0x38, 0x4d, 0x00, 0x00, 0x00, 0x31, 0x49, 0x44, 0x41, 0x54, 0x78,
  0x5e, 0x3d, 0x8a, 0xbb, 0x09, 0x00, 0x20, 0x0c, 0x05, 0x0f, 0x2b, 0x6b,
  0x07, 0xc8, 0x2a, 0x5a, 0x66, 0xa3, 0x94, 0x2e, 0x2e, 0x92, 0x4f, 0x11,
  0x78, 0x1c, 0x07, 0xf7, 0x00, 0xc6, 0x61, 0x29, 0xfb, 0x05, 0x73, 0xf6,
  0x4b, 0x26, 0x57, 0x82, 0x9d, 0xf2, 0x06, 0x0e, 0xb5, 0x36, 0x07, 0x5d,
  0x92, 0x75, 0xc6, 0xeb, 0x00, 0x00, 0x00, 0x00, 0x49, 0x45, 0x4e, 0x44,
  0xae, 0x42, 0x60, 0x82
};
static const unsigned char asset_67[] = {
  0x89, 0x50, 0x4e, 0x47, 0x0d, 0x0a, 0x1a, 0x0a, 0x00, 0x00, 0x00, 0x0d,
  0x49, 0x48, 0x44, 0x52, 0x00, 0x00, 0x00, 0x10, 0x00, 0x00, 0x00, 0x10,
  0x01, 0x03, 0x00, 0x00, 0x00, 0x25, 0x3d, 0x6d, 0x22, 0x00, 0x00, 0x00,
  0x06, 0x50, 0x4c, 0x54, 0x45, 0xff, 0xff, 0xff, 0x03, 0x03, 0x03, 0xe5,
  0xa0, 0x6f, 0x5e, 0x00, 0x00, 0x00, 0x2c, 0x49, 0x44, 0x41, 0x54, 0x78,
  0x5e, 0x4d, 0xc9, 0xc1, 0x09, 0x00, 0x30, 0x08, 0xc5, 0xd0, 0xd0, 0x11,
  0x3a, 0x51, 0x07, 0x10, 0x1c, 0xc9, 0x9d, 0x1d, 0xe0, 0x53, 0x3e, 0x5e,
  0x84, 0x77, 0x4a, 0x00, 0x4a, 0xbc, 0x63, 0xd9, 0x16, 0x77, 0x73, 0x99,
  0x5b, 0x02, 0x3e, 0xec, 0xf8, 0x09, 0x9c, 0x58, 0xc6, 0xe3, 0xb8, 0x00,
  0x00, 0x00, 0x00, 0x49, 0x45, 0x4e, 0x44, 0xae, 0x42, 0x60, 0x82
};
static const unsigned char asset_68[] = {
  0x89, 0x50, 0x4e, 0x47, 0x0d, 0x0a, 0x1a, 0x0a, 0x00, 0x00, 0x00, 0x0d,
  0x49, 0x48, 0x44, 0x52, 0x00, 0x00, 0x00, 0x10, 0x00, 0x00, 0x00, 0x10,
  0x01, 0x03, 0x00, 0x00, 0x00, 0x25, 0x3d, 0x6d, 0x22, 0x00, 0x00, 0x00,
  0x06, 0x50, 0x4c, 0x54, 0x45, 0xff, 0xff, 0xff, 0x03, 0x03, 0x03, 0xe5,
  0xa0, 0x6f, 0x5e, 0x00, 0x00, 0x00, 0x2d, 0x49, 0x44, 0x41, 0x54, 0x78,
  0x5e, 0x5d, 0xca, 0xc1, 0x09, 0x00, 0x20, 0x0c, 0xc0, 0xc0, 0xa3, 0x93,
  0x75, 0x8e, 0x82, 0x38, 0x8a, 0xfb, 0x38, 0xa2, 0x0f, 0x91, 0x7e, 0x85,
  0x90, 0x47, 0x08, 0xac, 0x2b, 0xc3, 0x3c, 0xcd, 0x28, 0xb5, 0x3f, 0x77,
  0xcf, 0xe8, 0x8d, 0x07, 0x46, 0x86, 0x0d, 0x72, 0x6f, 0x05, 0xa6, 0x4c,
  0x00, 0x00, 0x00, 0x00, 0x49, 0x45, 0x4e, 0x44, 0xae, 0x42, 0x60, 0x82
};
static const unsigned char asset_69[] = {
  0x89, 0x50, 0x4e, 0x47, 0x0d, 0x0a, 0x1a, 0x0a, 0x00, 0x00, 0x00, 0x0d,
  0x49, 0x48, 0x44, 0x52, 0x00, 0x00, 0x00, 0x10, 0x00, 0x00, 0x00, 0x10,
  0x01, 0x03, 0x00, 0x00, 0x00, 0x25, 0x3d, 0x6d, 0x22, 0x00, 0x00, 0x00,
  0x06, 0x50, 0x4c, 0x54, 0x45, 0x03, 0x03, 0x03, 0xff, 0xff, 0xff, 0x76,
  0x58, 0x38, 0x4d, 0x00, 0x00, 0x00, 0x23, 0x49, 0x44, 0x41, 0x54, 0x78,
  0x5e, 0x5d, 0xc9, 0x31, 0x0d, 0x00, 0x30, 0x08, 0x00, 0xb0, 0x66, 0x3c,
  0x93, 0x81, 0x34, 0xa4, 0x22, 0x05, 0x29, 0xfc, 0xf4, 0xad, 0xab, 0xbd,
  0xa1, 0x7c, 0x22, 0x85, 0x63, 0x01, 0x3d, 0x11, 0x02, 0x31, 0xc1, 0x72,
  0xe8, 0xc2, 0x00, 0x00, 0x00, 0x00, 0x49, 0x45, 0x4e, 0x44, 0xae, 0x42,
  0x60, 0x82
};
static const unsigned char asset_70[] = {
  0x89, 0x50, 0x4e, 0x47, 0x0d, 0x0a, 0x1a, 0x0a, 0x00, 0x00, 0x00, 0x0d,
  0x49, 0x48, 0x44, 0x52, 0x00, 0x00, 0x00, 0x10, 0x00, 0x00, 0x00, 0x10,
  0x01, 0x03, 0x00, 0x00, 0x00, 0x25, 0x3d, 0x6d, 0x22, 0x00, 0x00, 0x00,
  0x06, 0x50, 0x4c, 0x54, 0x45, 0x03, 0x03, 0x03, 0xff, 0xff, 0xff, 0x76,
  0x58, 0x38, 0x4d, 0x00, 0x00, 0x00, 0x24, 0x49, 0x44, 0x41, 0x54, 0x78,
  0x5e, 0x6d, 0xc4, 0xa1, 0x0d, 0x00, 0x00, 0x08, 0xc4, 0xc0, 0x1a, 0x0c,
  0x86, 0xd5, 0x18, 0x91, 0x11, 0x7f, 0x04, 0x08, 0x06, 0xc3, 0xa5, 0x29,
  0xa1, 0xbf, 0x61, 0x89, 0xd7, 0x7d, 0x35, 0x39, 0xf5, 0x0a, 0x4c, 0xbb,
  0x1d, 0xd3, 0xc3, 0x00, 0x00, 0x00, 0x00, 0x49, 0x45, 0x4e, 0x44, 0xae,
  0x42, 0x60, 0x82
};
static const unsigned char asset_71[] = {
  0x89, 0x50, 0x4e, 0x47, 0x0d, 0x0a, 0x1a, 0x0a, 0x00, 0x00, 0x00, 0x0d,
  0x49, 0x48, 0x44, 0x52, 0x00, 0x00, 0x00, 0x10, 0x00, 0x00, 0x00, 0x10,
  0x01, 0x03, 0x00, 0x00, 0x00, 0x25, 0x3d, 0x6d, 0x22, 0x00, 0x00, 0x00,
  0x06, 0x50, 0x4c, 0x54, 0x45, 0x03, 0x03, 0x03, 0xff, 0xff, 0xff, 0x76,
  0x58, 0x38, 0x4d, 0x00, 0x00, 0x00, 0x3e, 0x49, 0x44, 0x41, 0x54, 0x78,
  0x5e, 0x0d, 0xc6, 0x31, 0x0d, 0x80, 0x30, 0x10, 0x00, 0xc0, 0x0b, 0x90,
  0xb4, 0x0b, 0xcc, 0xbf, 0x51, 0x07, 0x95, 0x00, 0x52, 0x2a, 0x01, 0x09,
  0xc8, 0x41, 0x16, 0x22, 0x18, 0x18, 0x18, 0xe8, 0x72, 0x39, 0xc8, 0xbb,
  0xa1, 0x19, 0x8b, 0x74, 0x4a, 0xb7, 0xf9, 0xb0, 0x5c, 0x22, 0x8b, 0x50,
  0x1f, 0x65, 0xb2, 0x7d, 0xd6, 0xb7, 0xa7, 0xfb, 0x03, 0x9f, 0x3c, 0x08,
  0x93, 0x75, 0x8e, 0xa4, 0x26, 0x00, 0x00, 0x00, 0x00, 0x49, 0x45, 0x4e,
  0x44, 0xae, 0x42, 0x60, 0x82
};
static const unsigned char asset_72[] = {
  0x89, 0x50, 0x4e, 0x47, 0x0d, 0x0a, 0x1a, 0x0a, 0x00, 0x00, 0x00, 0x0d,
  0x49, 0x48, 0x44, 0x52, 0x00, 0x00, 0x00, 0x10, 0x00, 0x00, 0x00, 0x10,
  0x01, 0x03, 0x00, 0x00, 0x00, 0x25, 0x3d, 0x6d, 0x22, 0x00, 0x00, 0x00,
  0x06, 0x50, 0x4c, 0x54, 0x45, 0x03, 0x03, 0x03, 0xff, 0xff, 0xff, 0x76,
  0x58, 0x38, 0x4d, 0x00, 0x00, 0x00, 0x29, 0x49, 0x44, 0x41, 0x54, 0x78,
  0x5e, 0x3d, 0xc9, 0xc1, 0x0d, 0x00, 0x00, 0x04, 0x43, 0xd1, 0xba, 0x38,
  0x9a, 0xd1, 0x08, 0x36, 0x60, 0x72, 0xa1, 0x91, 0x68, 0x5e, 0xfe, 0xa5,
  0xd8, 0x49, 0x21, 0x9b, 0x5c, 0xd9, 0x30, 0xf6, 0xdc, 0xfb, 0x80, 0x01,
  0x49, 0x25, 0x0c, 0x58, 0xe0, 0xc3, 0xd0, 0xf4, 0x00, 0x00, 0x00, 0x00,
  0x49, 0x45, 0x4e, 0x44, 0xae, 0x42, 0x60, 0x82
};
static const unsigned char asset_73[] = {
  0x89, 0x50, 0x4e, 0x47, 0x0d, 0x0a, 0x1a, 0x0a, 0x00, 0x00, 0x00, 0x0d,
  0x49, 0x48, 0x44, 0x52, 0x00, 0x00, 0x00, 0x10, 0x00, 0x00, 0x00, 0x10,
  0x01, 0x03, 0x00, 0x00, 0x00, 0x25, 0x3d, 0x6d, 0x22, 0x00, 0x00, 0x00,
  0x06, 0x50, 0x4c, 0x54, 0x45, 0xff, 0xff, 0xff, 0x03, 0x03, 0x03, 0xe5,
  0xa0, 0x6f, 0x5e, 0x00, 0x00, 0x00, 0x2d, 0x49, 0x44, 0x41, 0x54, 0x78,
  0x5e, 0x55, 0x8a, 0xc1, 0x0d, 0x00, 0x20, 0x0c, 0x84, 0xc8, 0x4d, 0xd6,
  0x87, 0xc6, 0x3d, 0xba, 0x88, 0xbb, 0x76, 0x90, 0xc6, 0xeb, 0x53, 0xc2,
  0x8b, 0x80, 0xb9, 0x4d, 0x88, 0x53, 0xac, 0x64, 0xff, 0xba, 0xb8, 0xdb,
  0xd0, 0x6c, 0xf0, 0x00, 0x0e, 0x17, 0x0b, 0x89, 0x7c, 0x11, 0xf3, 0xda,
  0x00, 0x00, 0x00, 0x00, 0x49, 0x45, 0x4e, 0x44, 0xae, 0x42, 0x60, 0x82
};
static const unsigned char asset_74[] = {
  0x89, 0x50, 0x4e, 0x47, 0x0d, 0x0a, 0x1a, 0x0a, 0x00, 0x00, 0x00, 0x0d,
  0x49, 0x48, 0x44, 0x52, 0x00, 0x00, 0x00, 0x10, 0x00, 0x00, 0x00, 0x10,
  0x01, 0x03, 0x00, 0x00, 0x00, 0x25, 0x3d, 0x6d, 0x22, 0x00, 0x00, 0x00,
  0x06, 0x50, 0x4c, 0x54, 0x45, 0x03, 0x03, 0x03, 0xff, 0xff, 0xff, 0x76,
  0x58, 0x38, 0x4d, 0x00, 0x00, 0x00, 0x28, 0x49, 0x44, 0x41, 0x54, 0x78,
  0x5e, 0x35, 0xca, 0x41, 0x09, 0x00, 0x40, 0x08, 0x45, 0xc1, 0xc7, 0x06,
  0x31, 0xcb, 0x82, 0xb1, 0x3c, 0xd8, 0xd4, 0x28, 0x22, 0xc2, 0x17, 0xe6,
  0x38, 0x00, 0xd9, 0xfc, 0x77, 0x4c, 0xbc, 0x24, 0x64, 0x1b, 0x0c, 0xef,
  0x18, 0x0c, 0x49, 0x09, 0x4a, 0x46, 0xfe, 0x00, 0x00, 0x00, 0x00, 0x49,
  0x45, 0x4e, 0x44, 0xae, 0x42, 0x60, 0x82
};
static const unsigned char asset_75[] = {
  0x89, 0x50, 0x4e, 0x47, 0x0d, 0x0a, 0x1a, 0x0a, 0x00, 0x00, 0x00, 0x0d,
  0x49, 0x48, 0x44, 0x52, 0x00, 0x00, 0x00, 0x10, 0x00, 0x00, 0x00, 0x10,
  0x01, 0x03, 0x00, 0x00, 0x00, 0x25, 0x3d, 0x6d, 0x22, 0x00, 0x00, 0x00,
  0x06, 0x50, 0x4c, 0x54, 0x45, 0x03, 0x03, 0x03, 0xff, 0xff, 0xff, 0x76,
  0x58, 0x38, 0x4d, 0x00, 0x00, 0x00, 0x2a, 0x49, 0x44, 0x41, 0x54, 0x78,
  0x5e, 0x2d, 0xc2, 0xdb, 0x09, 0x00, 0x20, 0x08, 0x40, 0xd1, 0x4b, 0xed,
  0xe1, 0x2c, 0x8d, 0x15, 0xf4, 0xd1, 0x6e, 0x0e, 0xe2, 0x28, 0x22, 0x3e,
  0xe0, 0x80, 0x8c, 0x6d, 0xe3, 0x35, 0x4d, 0x77, 0xa5, 0x53, 0xbe, 0x03,
  0x01, 0xff, 0x32, 0x0b, 0x1f, 0x8f, 0xea, 0xc6, 0x25, 0x00, 0x00, 0x00,
  0x00, 0x49, 0x45, 0x4e, 0x44, 0xae, 0x42, 0x60, 0x82
};
static const unsigned char asset_76[] = {
  0x89, 0x50, 0x4e, 0x47, 0x0d, 0x0a, 0x1a, 0x0a, 0x00, 0x00, 0x00, 0x0d,
  0x49, 0x48, 0x44, 0x52, 0x00, 0x00, 0x00, 0x10, 0x00, 0x00, 0x00, 0x10,
  0x01, 0x03, 0x00, 0x00, 0x00, 0x25, 0x3d, 0x6d, 0x22, 0x00, 0x00, 0x00,
  0x06, 0x50, 0x4c, 0x54, 0x45, 0x03, 0x03, 0x03, 0xff, 0xff, 0xff, 0x76,
  0x58, 0x38, 0x4d, 0x00, 0x00, 0x00, 0x3b, 0x49, 0x44, 0x41, 0x54, 0x78,
  0x5e, 0x1d, 0xc6, 0xb1, 0x09, 0xc0, 0x20, 0x10, 0x40, 0xd1, 0x9f, 0xfe,
  0x06, 0xb8, 0x61, 0x6e, 0xb9, 0x90, 0x29, 0x04, 0x47, 0x51, 0x38, 0xb0,
  0x12, 0x1d, 0xc0, 0x52, 0x4b, 0xb7, 0x08, 0xda, 0x3d, 0x6a, 0xe6, 0x0d,
  0x00, 0xe2, 0xc4, 0x8e, 0x0a, 0x8f, 0xf3, 0x2d, 0xda, 0xa6, 0xcc, 0x63,
  0x55, 0xd2, 0xc0, 0x2e, 0xdc, 0x7e, 0x70, 0xb7, 0x0f, 0x22, 0x2f, 0x0b,
  0x76, 0xe0, 0x00, 0x00, 0x00, 0x00, 0x49, 0x45, 0x4e, 0x44, 0xae, 0x42,
  0x60, 0x82
};
static const unsigned char asset_77[] = {
  0x89, 0x50, 0x4e, 0x47, 0x0d, 0x0a, 0x1a, 0x0a, 0x00, 0x00, 0x00, 0x0d,
  0x49, 0x48, 0x44, 0x52, 0x00, 0x00, 0x00, 0x10, 0x00, 0x00, 0x00, 0x10,
  0x01, 0x03, 0x00, 0x00, 0x00, 0x25, 0x3d, 0x6d, 0x22, 0x00, 0x00, 0x00,
  0x06, 0x50, 0x4c, 0x54, 0x45, 0xff, 0xff, 0xff, 0x03, 0x03, 0x03, 0xe5,
  0xa0, 0x6f, 0x5e, 0x00, 0x00, 0x00, 0x40, 0x49, 0x44, 0x41, 0x54, 0x78,
  0x5e, 0x05, 0x80, 0xb1, 0x0d, 0x80, 0x20, 0x10, 0x00, 0x6f, 0x05, 0x63,
  0x45, 0x83, 0x8e, 0x40, 0x65, 0x09, 0xc1, 0x49, 0xac, 0x74, 0x05, 0x2a,
  0x76, 0x23, 0xbf, 0xc8, 0x27, 0x5f, 0x7c, 0xcb, 0x06, 0x18, 0xae, 0x9b,
  0xfe, 0x62, 0x8b, 0xe1, 0x54, 0x61, 0x08, 0xe6, 0xb4, 0x4c, 0x8a, 0x9c,
  0x07, 0xba, 0xa3, 0x1b, 0x4f, 0x40, 0x0b, 0xf3, 0xa3, 0xc8, 0x0f, 0x9d,
  0x08, 0x10, 0x51, 0xac, 0x47, 0xd0, 0x9b, 0x00, 0x00, 0x00, 0x00, 0x49,
  0x45, 0x4e, 0x44, 0xae, 0x42, 0x60, 0x82
};
static const unsigned char asset_78[] = {
  0x89, 0x50, 0x4e, 0x47, 0x0d, 0x0a, 0x1a, 0x0a, 0x00, 0x00, 0x00, 0x0d,
  0x49, 0x48, 0x44, 0x52, 0x00, 0x00, 0x00, 0x10, 0x00, 0x00, 0x00, 0x10,
  0x01, 0x03, 0x00, 0x00, 0x00, 0x25, 0x3d, 0x6d, 0x22, 0x00, 0x00, 0x00,
  0x06, 0x50, 0x4c, 0x54, 0x45, 0xff, 0xff, 0xff, 0x03, 0x03, 0x03, 0xe5,
  0xa0, 0x6f, 0x5e, 0x00, 0x00, 0x00, 0x3e, 0x49, 0x44, 0x41, 0x54, 0x78,
  0x5e, 0x1d, 0xc8, 0xb1, 0x09, 0xc0, 0x20, 0x10, 0x40, 0xd1, 0x0f, 0x59,
  0x20, 0xa5, 0x82, 0x10, 0xbb, 0x9b, 0xc1, 0xca, 0xa0, 0x53, 0xd9, 0x1d,
  0x4e, 0x76, 0x98, 0x22, 0x6b, 0xdc, 0x28, 0x82, 0xed, 0x23, 0x2f, 0xde,
  0x86, 0x5e, 0xa8, 0xa0, 0x05, 0x1f, 0xdc, 0x3f, 0xcf, 0x24, 0x4f, 0xac,
  0x1f, 0x4c, 0x68, 0xc0, 0x22, 0x2e, 0xd4, 0x6f, 0x03, 0x20, 0x8e, 0x0c,
  0x7b, 0x9e, 0x80, 0x46, 0x7f, 0x00, 0x00, 0x00, 0x00, 0x49, 0x45, 0x4e,
  0x44, 0xae, 0x42, 0x60, 0x82
};
static const unsigned char asset_79[] = {
  0x89, 0x50, 0x4e, 0x47, 0x0d, 0x0a, 0x1a, 0x0a, 0x00, 0x00, 0x00, 0x0d,
  0x49, 0x48, 0x44, 0x52, 0x00, 0x00, 0x00, 0x10, 0x00, 0x00, 0x00, 0x10,
  0x01, 0x03, 0x00, 0x00, 0x00, 0x25, 0x3d, 0x6d, 0x22, 0x00, 0x00, 0x00,
  0x06, 0x50, 0x4c, 0x54, 0x45, 0x03, 0x03, 0x03, 0xff, 0xff, 0xff, 0x76,
  0x58, 0x38, 0x4d, 0x00, 0x00, 0x00, 0x29, 0x49, 0x44, 0x41, 0x54, 0x78,
  0x5e, 0x5d, 0x89, 0xb1, 0x09, 0x00, 0x00, 0x08, 0xc3, 0x3a, 0xe9, 0x22,
  0xf8, 0x8a, 0x27, 0x79, 0xba, 0x27, 0x78, 0x82, 0x75, 0x13, 0x43, 0x86,
  0x40, 0xf0, 0xd0, 0x82, 0x37, 0xdd, 0x20, 0x92, 0xb0, 0xb8, 0x7f, 0x00,
  0x6e, 0x78, 0x04, 0x6f, 0x26, 0x5d, 0x36, 0x74, 0x00, 0x00, 0x00, 0x00,
  0x49, 0x45, 0x4e, 0x44, 0xae, 0x42, 0x60, 0x82
};
static const unsigned char asset_80[] = {
  0x89, 0x50, 0x4e, 0x47, 0x0d, 0x0a, 0x1a, 0x0a, 0x00, 0x00, 0x00, 0x0d,
  0x49, 0x48, 0x44, 0x52, 0x00, 0x00, 0x00, 0x10, 0x00, 0x00, 0x00, 0x10,
  0x01, 0x03, 0x00, 0x00, 0x00, 0x25, 0x3d, 0x6d, 0x22, 0x00, 0x00, 0x00,
  0x06, 0x50, 0x4c, 0x54, 0x45, 0x03, 0x03, 0x03, 0xff, 0xff, 0xff, 0x76,
  0x58, 0x38, 0x4d, 0x00, 0x00, 0x00, 0x2b, 0x49, 0x44, 0x41, 0x54, 0x78,
  0x5e, 0x3d, 0xc2, 0xb1, 0x0d, 0x00, 0x10, 0x10, 0x00, 0xc0, 0x2b, 0x14,
  0x0a, 0x85, 0xda, 0x16, 0x26, 0xb0, 0x8a, 0xfd, 0x27, 0x50, 0x7c, 0x21,
  0x11, 0x5c, 0xce, 0x37, 0xcf, 0x4a, 0x26, 0xd1, 0x96, 0x5e, 0x8c, 0xb8,
  0x9f, 0x0d, 0x6b, 0xf8, 0x05, 0xdd, 0xff, 0xf8, 0x69, 0x1e, 0x00, 0x00,
  0x00, 0x00, 0x49, 0x45, 0x4e, 0x44, 0xae, 0x42, 0x60, 0x82
};
static const unsigned char asset_81[] = {
  0x89, 0x50, 0x4e, 0x47, 0x0d, 0x0a, 0x1a, 0x0a, 0x00, 0x00, 0x00, 0x0d,
  0x49, 0x48, 0x44, 0x52, 0x00, 0x00, 0x00, 0x10, 0x00, 0x00, 0x00, 0x10,
  0x01, 0x03, 0x00, 0x00, 0x00, 0x25, 0x3d, 0x6d, 0x22, 0x00, 0x00, 0x00,
  0x06, 0x50, 0x4c, 0x54, 0x45, 0x03, 0x03, 0x03, 0xff, 0xff, 0xff, 0x76,
  0x58, 0x38, 0x4d, 0x00, 0x00, 0x00, 0x2a, 0x49, 0x44, 0x41, 0x54, 0x78,
  0x5e, 0x45, 0xc2, 0xb1, 0x0d, 0x00, 0x10, 0x10, 0x00, 0xc0, 0xab, 0x44,
  0x69, 0x03, 0x46, 0xb0, 0x81, 0x35, 0x0c, 0x65, 0xe4, 0x2f, 0x24, 0x42,
  0x5c, 0xce, 0x97, 0xce, 0x4c, 0xa1, 0xa9, 0x53, 0x5f, 0x46, 0xdc, 0xcf,
  0x06, 0x50, 0xe9, 0x05, 0x29, 0xe2, 0xa4, 0x3a, 0x30, 0x00, 0x00, 0x00,
  0x00, 0x49, 0x45, 0x4e, 0x44, 0xae, 0x42, 0x60, 0x82
};
static const unsigned char asset_82[] = {
  0x89, 0x50, 0x4e, 0x47, 0x0d, 0x0a, 0x1a, 0x0a, 0x00, 0x00, 0x00, 0x0d,
  0x49, 0x48, 0x44, 0x52, 0x00, 0x00, 0x00, 0x10, 0x00, 0x00, 0x00, 0x10,
  0x01, 0x03, 0x00, 0x00, 0x00, 0x25, 0x3d, 0x6d, 0x22, 0x00, 0x00, 0x00,
  0x06, 0x50, 0x4c, 0x54, 0x45, 0xff, 0xff, 0xff, 0x03, 0x03, 0x03, 0xe5,
  0xa0, 0x6f, 0x5e, 0x00, 0x00, 0x00, 0x2a, 0x49, 0x44, 0x41, 0x54, 0x78,
  0x5e, 0x5d, 0x8a, 0xc9, 0x09, 0x00, 0x00, 0x08, 0xc3, 0x2a, 0x2e, 0xee,
  0x66, 0xba, 0x81, 0xc3, 0xf8, 0x16, 0x0f, 0xfc, 0x09, 0xa1, 0x84, 0x12,
  0x54, 0xc1, 0x18, 0x42, 0x8f, 0x3d, 0x35, 0x67, 0x37, 0xf0, 0x38, 0xc6,
  0x1b, 0x69, 0x04, 0x12, 0x4c, 0xce, 0x24, 0x61, 0x34, 0x00, 0x00, 0x00,
  0x00, 0x49, 0x45, 0x4e, 0x44, 0xae, 0x42, 0x60, 0x82
};
static const unsigned char asset_83[] = {
  0x89, 0x50, 0x4e, 0x47, 0x0d, 0x0a, 0x1a, 0x0a, 0x00, 0x00, 0x00, 0x0d,
  0x49, 0x48, 0x44, 0x52, 0x00, 0x00, 0x00, 0x10, 0x00, 0x00, 0x00, 0x10,
  0x01, 0x03, 0x00, 0x00, 0x00, 0x25, 0x3d, 0x6d, 0x22, 0x00, 0x00, 0x00,
  0x06, 0x50, 0x4c, 0x54, 0x45, 0x03, 0x03, 0x03, 0xff, 0xff, 0xff, 0x76,
  0x58, 0x38, 0x4d, 0x00, 0x00, 0x00, 0x32, 0x49, 0x44, 0x41, 0x54, 0x78,
  0x5e, 0x45, 0x8a, 0xb1, 0x09, 0x00, 0x20, 0x10, 0xc4, 0xd2, 0x59, 0xda,
  0xc9, 0xc1, 0x0b, 0xae, 0xf1, 0x23, 0x39, 0x82, 0xe3, 0x3a, 0x82, 0xa5,
  0xa5, 0xca, 0x17, 0x86, 0x90, 0x2a, 0x04, 0x69, 0x92, 0x17, 0x6d, 0x53,
  0xfd, 0x55, 0xba, 0xfd, 0xda, 0xa0, 0xf4, 0x18, 0x0f, 0xf2, 0x40, 0x0a,
  0x06, 0x29, 0x70, 0xe5, 0xba, 0x00, 0x00, 0x00, 0x00, 0x49, 0x45, 0x4e,
  0x44, 0xae, 0x42, 0x60, 0x82
};
static const unsigned char asset_84[] = {
  0x89, 0x50, 0x4e, 0x47, 0x0d, 0x0a, 0x1a, 0x0a, 0x00, 0x00, 0x00, 0x0d,
  0x49, 0x48, 0x44, 0x52, 0x00, 0x00, 0x00, 0x10, 0x00, 0x00, 0x00, 0x10,
  0x01, 0x03, 0x00, 0x00, 0x00, 0x25, 0x3d, 0x6d, 0x22, 0x00, 0x00, 0x00,
  0x06, 0x50, 0x4c, 0x54, 0x45, 0x03, 0x03, 0x03, 0xff, 0xff, 0xff, 0x76,
  0x58, 0x38, 0x4d, 0x00, 0x00, 0x00, 0x26, 0x49, 0x44, 0x41, 0x54, 0x78,
  0x5e, 0x4d, 0xc2, 0xb1, 0x09, 0x00, 0x00, 0x08, 0x03, 0xb0, 0x22, 0xe2,
  0xe4, 0xe0, 0x09, 0x9e, 0xe0, 0x49, 0xfe, 0x7f, 0x85, 0x14, 0x97, 0x86,
  0x40, 0x59, 0x21, 0x86, 0x9f, 0x37, 0x72, 0x59, 0x1c, 0x1e, 0x18, 0x01,
  0x7b, 0x03, 0x51, 0x09, 0x94, 0x00, 0x00, 0x00, 0x00, 0x49, 0x45, 0x4e,
  0x44, 0xae, 0x42, 0x60, 0x82
};
static const unsigned char asset_85[] = {
  0x89, 0x50, 0x4e, 0x47, 0x0d, 0x0a, 0x1a, 0x0a, 0x00, 0x00, 0x00, 0x0d,
  0x49, 0x48, 0x44, 0x52, 0x00, 0x00, 0x00, 0x10, 0x00, 0x00, 0x00, 0x10,
  0x01, 0x03, 0x00, 0x00, 0x00, 0x25, 0x3d, 0x6d, 0x22, 0x00, 0x00, 0x00,
  0x06, 0x50, 0x4c, 0x54, 0x45, 0x03, 0x03, 0x03, 0xff, 0xff, 0xff, 0x76,
  0x58, 0x38, 0x4d, 0x00, 0x00, 0x00, 0x36, 0x49, 0x44, 0x41, 0x54, 0x78,
  0x5e, 0x15, 0xca, 0x31, 0x0d, 0x00, 0x20, 0x0c, 0x05, 0xd1, 0x0b, 0x43,
  0x05, 0x20, 0x01, 0x09, 0x18, 0x80, 0x10, 0xc2, 0x84, 0x88, 0x06, 0xff,
  0x12, 0x3a, 0xf0, 0x9b, 0xbc, 0xe1, 0x86, 0x03, 0x18, 0x81, 0x1b, 0xb3,
  0xb0, 0x2a, 0xa7, 0x8b, 0x3a, 0xed, 0xc6, 0x7d, 0x92, 0xed, 0x96, 0x1b,
  0x7c, 0xaa, 0xfb, 0x07, 0x51, 0xdf, 0x1f, 0x67, 0xda, 0x00, 0x00, 0x00,
  0x00, 0x49, 0x45, 0x4e, 0x44, 0xae, 0x42, 0x60, 0x82
};
static const unsigned char asset_86[] = {
  0x89, 0x50, 0x4e, 0x47, 0x0d, 0x0a, 0x1a, 0x0a, 0x00, 0x00, 0x00, 0x0d,
  0x49, 0x48, 0x44, 0x52, 0x00, 0x00, 0x00, 0x10, 0x00, 0x00, 0x00, 0x10,
  0x01, 0x03, 0x00, 0x00, 0x00, 0x25, 0x3d, 0x6d, 0x22, 0x00, 0x00, 0x00,
  0x06, 0x50, 0x4c, 0x54, 0x45, 0x03, 0x03, 0x03, 0xff, 0xff, 0xff, 0x76,
  0x58, 0x38, 0x4d, 0x00, 0x00, 0x00, 0x2e, 0x49, 0x44, 0x41, 0x54, 0x78,
  0x5e, 0x5d, 0xca, 0x21, 0x0a, 0x00, 0x20, 0x14, 0xc0, 0xd0, 0x97, 0xfe,
  0xb5, 0xec, 0x16, 0xc1, 0x0b, 0xf8, 0xef, 0x1f, 0x8d, 0x62, 0x90, 0x5f,
  0x85, 0x85, 0xc1, 0x06, 0xed, 0xca, 0x30, 0xb6, 0xd9, 0x8b, 0x75, 0x3e,
  0xa9, 0x94, 0x51, 0x1b, 0x0f, 0x21, 0x86, 0x0c, 0x1f, 0x0e, 0x0d, 0xc4,
  0xcc, 0x00, 0x00, 0x00, 0x00, 0x49, 0x45, 0x4e, 0x44, 0xae, 0x42, 0x60,
  0x82
};
static const unsigned char asset_87[] = {
  0x89, 0x50, 0x4e, 0x47, 0x0d, 0x0a, 0x1a, 0x0a, 0x00, 0x00, 0x00, 0x0d,
  0x49, 0x48, 0x44, 0x52, 0x00, 0x00, 0x00, 0x10, 0x00, 0x00, 0x00, 0x10,
  0x01, 0x03, 0x00, 0x00, 0x00, 0x25, 0x3d, 0x6d, 0x22, 0x00, 0x00, 0x00,
  0x06, 0x50, 0x4c, 0x54, 0x45, 0x03, 0x03, 0x03, 0xff, 0xff, 0xff, 0x76,
  0x58, 0x38, 0x4d, 0x00, 0x00, 0x00, 0x27, 0x49, 0x44, 0x41, 0x54, 0x78,
  0x5e, 0x75, 0xca, 0xb1, 0x11, 0x00, 0x00, 0x04, 0xc0, 0xc0, 0x9c, 0xc2,
  0x5a, 0x6c, 0x60, 0x05, 0xfb, 0x97, 0x6a, 0x05, 0x06, 0x90, 0x4b, 0xf9,
  0x00, 0xd6, 0xa4, 0xe2, 0xf2, 0x1e, 0xb5, 0xe0, 0x18, 0x0c, 0x97, 0x18,
  0x06, 0xd6, 0xb9, 0xa6, 0x57, 0x5b, 0x00, 0x00, 0x00, 0x00, 0x49, 0x45,
  0x4e, 0x44, 0xae, 0x42, 0x60, 0x82
};
static const unsigned char asset_88[] = {
  0x89, 0x50, 0x4e, 0x47, 0x0d, 0x0a, 0x1a, 0x0a, 0x00, 0x00, 0x00, 0x0d,
  0x49, 0x48, 0x44, 0x52, 0x00, 0x00, 0x00, 0x10, 0x00, 0x00, 0x00, 0x10,
  0x01, 0x03, 0x00, 0x00, 0x00, 0x25, 0x3d, 0x6d, 0x22, 0x00, 0x00, 0x00,
  0x06, 0x50, 0x4c, 0x54, 0x45, 0x03, 0x03, 0x03, 0xff, 0xff, 0xff, 0x76,
  0x58, 0x38, 0x4d, 0x00, 0x00, 0x00, 0x36, 0x49, 0x44, 0x41, 0x54, 0x78,
  0x5e, 0x3d, 0x87, 0xb9, 0x09, 0x00, 0x20, 0x10, 0xc0, 0xe2, 0x53, 0xdd,
  0x0c, 0x16, 0x76, 0xae, 0x60, 0xe9, 0x08, 0x37, 0x81, 0x83, 0x5c, 0xe5,
  0x68, 0x0e, 0xe3, 0x20, 0x72, 0x08, 0x86, 0x10, 0x08, 0x0f, 0x51, 0x72,
  0xa5, 0x74, 0x6f, 0x1c, 0xd8, 0xa4, 0x1d, 0xd2, 0x26, 0xac, 0xaf, 0x2f,
  0x5c, 0x7f, 0xc8, 0x06, 0xa6, 0x53, 0x8e, 0xb0, 0xbe, 0x00, 0x00, 0x00,
  0x00, 0x49, 0x45, 0x4e, 0x44, 0xae, 0x42, 0x60, 0x82
};
static const unsigned char asset_89[] = {
  0x89, 0x50, 0x4e, 0x47, 0x0d, 0x0a, 0x1a, 0x0a, 0x00, 0x00, 0x00, 0x0d,
  0x49, 0x48, 0x44, 0x52, 0x00, 0x00, 0x00, 0x10, 0x00, 0x00, 0x00, 0x10,
  0x01, 0x03, 0x00, 0x00, 0x00, 0x25, 0x3d, 0x6d, 0x22, 0x00, 0x00, 0x00,
  0x06, 0x50, 0x4c, 0x54, 0x45, 0x03, 0x03, 0x03, 0xff, 0xff, 0xff, 0x76,
  0x58, 0x38, 0x4d, 0x00, 0x00, 0x00, 0x36, 0x49, 0x44, 0x41, 0x54, 0x78,
  0x5e, 0x25, 0xca, 0xc1, 0x09, 0x00, 0x10, 0x00, 0x86, 0xd1, 0x4f, 0xce,
  0x32, 0x82, 0x3d, 0x1c, 0x58, 0xc4, 0x28, 0x8a, 0x91, 0x8c, 0x60, 0x24,
  0x47, 0x07, 0x49, 0x7f, 0xea, 0x1d, 0x1f, 0x80, 0x9d, 0xf8, 0x45, 0xd8,
  0xe4, 0x23, 0xed, 0x4a, 0x4d, 0xc4, 0x82, 0x1b, 0x98, 0xfe, 0xa9, 0xc1,
  0x03, 0x4b, 0x95, 0x0c, 0x9d, 0x87, 0xc5, 0x33, 0x8a, 0x00, 0x00, 0x00,
  0x00, 0x49, 0x45, 0x4e, 0x44, 0xae, 0x42, 0x60, 0x82
};
static const unsigned char asset_90[] = {
  0x89, 0x50, 0x4e, 0x47, 0x0d, 0x0a, 0x1a, 0x0a, 0x00, 0x00, 0x00, 0x0d,
  0x49, 0x48, 0x44, 0x52, 0x00, 0x00, 0x00, 0x10, 0x00, 0x00, 0x00, 0x10,
  0x01, 0x03, 0x00, 0x00, 0x00, 0x25, 0x3d, 0x6d, 0x22, 0x00, 0x00, 0x00,
  0x06, 0x50, 0x4c, 0x54, 0x45, 0x03, 0x03, 0x03, 0xff, 0xff, 0xff, 0x76,
  0x58, 0x38, 0x4d, 0x00, 0x00, 0x00, 0x31, 0x49, 0x44, 0x41, 0x54, 0x78,
  0x5e, 0x2d, 0xca, 0xb1, 0x0d, 0x00, 0x10, 0x00, 0x00, 0xc1, 0x13, 0x85,
  0xd2, 0x08, 0x46, 0xb1, 0x9a, 0xd1, 0x8c, 0x62, 0x04, 0xa5, 0x42, 0x81,
  0x44, 0xf2, 0xf9, 0x7c, 0xf1, 0x10, 0x9a, 0xd8, 0xa5, 0x81, 0xe7, 0x3c,
  0x95, 0x85, 0x1f, 0x75, 0xff, 0xe7, 0xc2, 0x01, 0xe3, 0x68, 0x09, 0x7c,
  0x3d, 0xee, 0x25, 0xec, 0x00, 0x00, 0x00, 0x00, 0x49, 0x45, 0x4e, 0x44,
  0xae, 0x42, 0x60, 0x82
};
static const unsigned char asset_91[] = {
  0x89, 0x50, 0x4e, 0x47, 0x0d, 0x0a, 0x1a, 0x0a, 0x00, 0x00, 0x00, 0x0d,
  0x49, 0x48, 0x44, 0x52, 0x00, 0x00, 0x00, 0x10, 0x00, 0x00, 0x00, 0x10,
  0x01, 0x03, 0x00, 0x00, 0x00, 0x25, 0x3d, 0x6d, 0x22, 0x00, 0x00, 0x00,
  0x06, 0x50, 0x4c, 0x54, 0x45, 0x03, 0x03, 0x03, 0xff, 0xff, 0xff, 0x76,
  0x58, 0x38, 0x4d, 0x00, 0x00, 0x00, 0x20, 0x49, 0x44, 0x41, 0x54, 0x78,
  0x5e, 0x85, 0xc7, 0x31, 0x0d, 0x00, 0x00, 0x08, 0x03, 0xb0, 0x0a, 0x40,
  0x0c, 0x09, 0xfe, 0x1d, 0x4c, 0x14, 0x07, 0x02, 0xe8, 0x57, 0xa7, 0x62,
  0x1a, 0x6f, 0x17, 0x59, 0xbb, 0x03, 0xb2, 0xbe, 0xbf, 0x08, 0x9a, 0x00,
  0x00, 0x00, 0x00, 0x49, 0x45, 0x4e, 0x44, 0xae, 0x42, 0x60, 0x82
};
static const unsigned char asset_92[] = {
  0x89, 0x50, 0x4e, 0x47, 0x0d, 0x0a, 0x1a, 0x0a, 0x00, 0x00, 0x00, 0x0d,
  0x49, 0x48, 0x44, 0x52, 0x00, 0x00, 0x00, 0x10, 0x00, 0x00, 0x00, 0x10,
  0x01, 0x03, 0x00, 0x00, 0x00, 0x25, 0x3d, 0x6d, 0x22, 0x00, 0x00, 0x00,
  0x06, 0x50, 0x4c, 0x54, 0x45, 0x03, 0x03, 0x03, 0xff, 0xff, 0xff, 0x76,
  0x58, 0x38, 0x4d, 0x00, 0x00, 0x00, 0x43, 0x49, 0x44, 0x41, 0x54, 0x78,
  0x5e, 0x05, 0xc0, 0xc1, 0x09, 0x40, 0x50, 0x00, 0x00, 0xd0, 0x77, 0x50,
  0x94, 0x8b, 0xf4, 0x73, 0x56, 0xfa, 0x45, 0x1c, 0x9d, 0x4c, 0x60, 0x08,
  0x03, 0x58, 0xc0, 0x26, 0x46, 0x70, 0x36, 0x85, 0x01, 0x1c, 0x0c, 0xf0,
  0x47, 0x11, 0x54, 0xad, 0x32, 0x09, 0x8b, 0xfa, 0x71, 0xec, 0xa6, 0xd3,
  0x78, 0x89, 0x9f, 0x61, 0xd6, 0xdc, 0xba, 0xd5, 0xd6, 0xcb, 0x5f, 0x59,
  0x81, 0x1f, 0xd3, 0xd4, 0x08, 0x98, 0x8c, 0x5a, 0x63, 0xad, 0x00, 0x00,
  0x00, 0x00, 0x49, 0x45, 0x4e, 0x44, 0xae, 0x42, 0x60, 0x82
};
static const unsigned char asset_93[] = {
  0x89, 0x50, 0x4e, 0x47, 0x0d, 0x0a, 0x1a, 0x0a, 0x00, 0x00, 0x00, 0x0d,
  0x49, 0x48, 0x44, 0x52, 0x00, 0x00, 0x00, 0x10, 0x00, 0x00, 0x00, 0x10,
  0x01, 0x03, 0x00, 0x00, 0x00, 0x25, 0x3d, 0x6d, 0x22, 0x00, 0x00, 0x00,
  0x06, 0x50, 0x4c, 0x54, 0x45, 0x03, 0x03, 0x03, 0xff, 0xff, 0xff, 0x76,
  0x58, 0x38, 0x4d, 0x00, 0x00, 0x00, 0x3f, 0x49, 0x44, 0x41, 0x54, 0x78,
  0x5e, 0x15, 0xca, 0xc1, 0x0d, 0x40, 0x30, 0x00, 0x00, 0xc0, 0x4b, 0x3c,
  0x78, 0x10, 0x36, 0x68, 0x6c, 0x60, 0x86, 0x2e, 0x64, 0x88, 0x1a, 0xc8,
  0x08, 0xa4, 0x83, 0x30, 0x82, 0x97, 0x48, 0x7c, 0x9a, 0xfe, 0x0f, 0xc6,
  0xc7, 0xd4, 0x99, 0x37, 0x31, 0xca, 0xd9, 0x99, 0x1c, 0x8d, 0xbb, 0xb5,
  0x0f, 0xae, 0xdf, 0xfa, 0x5a, 0x7a, 0xe1, 0xab, 0x8c, 0x02, 0x23, 0x83,
  0x0d, 0x03, 0x52, 0xd4, 0xe4, 0x37, 0x00, 0x00, 0x00, 0x00, 0x49, 0x45,
  0x4e, 0x44, 0xae, 0x42, 0x60, 0x82
};
static const unsigned char asset_94[] = {
  0x89, 0x50, 0x4e, 0x47, 0x0d, 0x0a, 0x1a, 0x0a, 0x00, 0x00, 0x00, 0x0d,
  0x49, 0x48, 0x44, 0x52, 0x00, 0x00, 0x00, 0x10, 0x00, 0x00, 0x00, 0x10,
  0x01, 0x03, 0x00, 0x00, 0x00, 0x25, 0x3d, 0x6d, 0x22, 0x00, 0x00, 0x00,
  0x06, 0x50, 0x4c, 0x54, 0x45, 0x03, 0x03, 0x03, 0xff, 0xff, 0xff, 0x76,
  0x58, 0x38, 0x4d, 0x00, 0x00, 0x00, 0x43, 0x49, 0x44, 0x41, 0x54, 0x78,
  0x5e, 0x25, 0xc0, 0x31, 0x0d, 0xc0, 0x20, 0x10, 0x40, 0xd1, 0x3f, 0xb5,
  0x63, 0x13, 0x56, 0x06, 0x64, 0xb0, 0x90, 0x74, 0x61, 0xc7, 0x01, 0x43,
  0x25, 0x60, 0x01, 0x51, 0x38, 0xa8, 0x02, 0x04, 0x90, 0x53, 0x70, 0x39,
  0x05, 0x0c, 0x3c, 0x8e, 0x7b, 0xf1, 0x28, 0x41, 0xf1, 0x93, 0x60, 0xd4,
  0xc6, 0x10, 0xfa, 0x4f, 0x4e, 0x14, 0xe3, 0x15, 0xa2, 0x70, 0x7d, 0xb8,
  0xbc, 0x01, 0x28, 0x42, 0x0d, 0x61, 0x21, 0x65, 0xf8, 0x3d, 0x00, 0x00,
  0x00, 0x00, 0x49, 0x45, 0x4e, 0x44, 0xae, 0x42, 0x60, 0x82
};
static const unsigned char asset_95[] = {
  0x89, 0x50, 0x4e, 0x47, 0x0d, 0x0a, 0x1a, 0x0a, 0x00, 0x00, 0x00, 0x0d,
  0x49, 0x48, 0x44, 0x52, 0x00, 0x00, 0x00, 0x10, 0x00, 0x00, 0x00, 0x10,
  0x01, 0x03, 0x00, 0x00, 0x00, 0x25, 0x3d, 0x6d, 0x22, 0x00, 0x00, 0x00,
  0x06, 0x50, 0x4c, 0x54, 0x45, 0x03, 0x03, 0x03, 0xff, 0xff, 0xff, 0x76,
  0x58, 0x38, 0x4d, 0x00, 0x00, 0x00, 0x3f, 0x49, 0x44, 0x41, 0x54, 0x78,
  0x5e, 0x25, 0xc2, 0xa1, 0x0d, 0xc0, 0x20, 0x14, 0x40, 0xc1, 0xa7, 0x5a,
  0x01, 0xc9, 0x37, 0x68, 0x14, 0x13, 0x60, 0xba, 0x02, 0x5b, 0x90, 0xb0,
  0x0c, 0x92, 0xe5, 0x18, 0xa0, 0x41, 0xa0, 0x9b, 0xaf, 0x2a, 0x09, 0xe1,
  0x72, 0x1c, 0xf7, 0x8b, 0x7c, 0xbb, 0xe9, 0x88, 0x62, 0x23, 0x4d, 0xa9,
  0x93, 0xe4, 0xc9, 0x3f, 0xcf, 0xd8, 0xaf, 0x82, 0x0b, 0x0b, 0x13, 0x44,
  0x0c, 0x81, 0x9a, 0x50, 0x6c, 0x77, 0x00, 0x00, 0x00, 0x00, 0x49, 0x45,
  0x4e, 0x44, 0xae, 0x42, 0x60, 0x82
};
static const unsigned char asset_96[] = {
  0x89, 0x50, 0x4e, 0x47, 0x0d, 0x0a, 0x1a, 0x0a, 0x00, 0x00, 0x00, 0x0d,
  0x49, 0x48, 0x44, 0x52, 0x00, 0x00, 0x00, 0x10, 0x00, 0x00, 0x00, 0x10,
  0x01, 0x03, 0x00, 0x00, 0x00, 0x25, 0x3d, 0x6d, 0x22, 0x00, 0x00, 0x00,
  0x06, 0x50, 0x4c, 0x54, 0x45, 0x03, 0x03, 0x03, 0xff, 0xff, 0xff, 0x76,
  0x58, 0x38, 0x4d, 0x00, 0x00, 0x00, 0x3d, 0x49, 0x44, 0x41, 0x54, 0x78,
  0x5e, 0x0d, 0xc8, 0x31, 0x0e, 0x40, 0x30, 0x14, 0x00, 0xd0, 0x97, 0x10,
  0x9a, 0x74, 0xd0, 0x44, 0x62, 0xe5, 0x16, 0xbd, 0x8e, 0xd1, 0x51, 0x8d,
  0xdc, 0xc0, 0x2c, 0x86, 0xbf, 0x5b, 0x58, 0x1f, 0x34, 0xa1, 0xbf, 0x0c,
  0x21, 0x15, 0x25, 0x19, 0x77, 0xd3, 0x26, 0x1f, 0xda, 0x45, 0x3e, 0xcd,
  0xaf, 0x7a, 0xab, 0x8f, 0x6e, 0xfd, 0xe5, 0x03, 0xe3, 0xe4, 0x0a, 0x26,
  0xaf, 0x4e, 0xa9, 0xd4, 0x00, 0x00, 0x00, 0x00, 0x49, 0x45, 0x4e, 0x44,
  0xae, 0x42, 0x60, 0x82
};
static const unsigned char asset_97[] = {
  0x89, 0x50, 0x4e, 0x47, 0x0d, 0x0a, 0x1a, 0x0a, 0x00, 0x00, 0x00, 0x0d,
  0x49, 0x48, 0x44, 0x52, 0x00, 0x00, 0x00, 0x10, 0x00, 0x00, 0x00, 0x10,
  0x01, 0x03, 0x00, 0x00, 0x00, 0x25, 0x3d, 0x6d, 0x22, 0x00, 0x00, 0x00,
  0x06, 0x50, 0x4c, 0x54, 0x45, 0x03, 0x03, 0x03, 0xff, 0xff, 0xff, 0x76,
  0x58, 0x38, 0x4d, 0x00, 0x00, 0x00, 0x35, 0x49, 0x44, 0x41, 0x54, 0x78,
  0x5e, 0x4d, 0x88, 0x39, 0x11, 0x00, 0x20, 0x0c, 0xc0, 0x72, 0x57, 0x9e,
  0x01, 0x36, 0x0c, 0x20, 0xa1, 0x92, 0x2a, 0x0d, 0x29, 0x8c, 0x8c, 0x48,
  0x40, 0x0a, 0x74, 0x23, 0x97, 0xcb, 0x10, 0x7e, 0xaa, 0xd2, 0x16, 0xf9,
  0x10, 0x87, 0x37, 0x19, 0xb2, 0x09, 0x9d, 0x32, 0x11, 0xf7, 0xcd, 0x0b,
  0x88, 0x0b, 0x08, 0x20, 0x53, 0xd7, 0xf4, 0x3a, 0x00, 0x00, 0x00, 0x00,
  0x49, 0x45, 0x4e, 0x44, 0xae, 0x42, 0x60, 0x82
};
static const unsigned char asset_98[] = {
  0x89, 0x50, 0x4e, 0x47, 0x0d, 0x0a, 0x1a, 0x0a, 0x00, 0x00, 0x00, 0x0d,
  0x49, 0x48, 0x44, 0x52, 0x00, 0x00, 0x00, 0x10, 0x00, 0x00, 0x00, 0x10,
  0x01, 0x03, 0x00, 0x00, 0x00, 0x25, 0x3d, 0x6d, 0x22, 0x00, 0x00, 0x00,
  0x06, 0x50, 0x4c, 0x54, 0x45, 0x03, 0x03, 0x03, 0xff, 0xff, 0xff, 0x76,
  0x58, 0x38, 0x4d, 0x00, 0x00, 0x00, 0x34, 0x49, 0x44, 0x41, 0x54, 0x78,
  0x5e, 0x5d, 0xc9, 0x39, 0x11, 0x00, 0x20, 0x10, 0xc5, 0xd0, 0x0c, 0xcb,
  0x51, 0x50, 0x60, 0x05, 0x09, 0x48, 0x41, 0x1a, 0x52, 0x56, 0x02, 0x12,
  0xbe, 0x14, 0x66, 0x5b, 0x52, 0xa4, 0x79, 0x7c, 0x99, 0xd3, 0x44, 0x39,
  0xf1, 0xba, 0xb1, 0x4b, 0x9e, 0x0c, 0xd1, 0x3d, 0x28, 0xad, 0x07, 0x7e,
  0xe1, 0x07, 0x63, 0xea, 0x97, 0xf9, 0x3d, 0x00, 0x00, 0x00, 0x00, 0x49,
  0x45, 0x4e, 0x44, 0xae, 0x42, 0x60, 0x82
};
static const unsigned char asset_99[] = {
  0x89, 0x50, 0x4e, 0x47, 0x0d, 0x0a, 0x1a, 0x0a, 0x00, 0x00, 0x00, 0x0d,
  0x49, 0x48, 0x44, 0x52, 0x00, 0x00, 0x00, 0x10, 0x00, 0x00, 0x00, 0x10,
  0x01, 0x03, 0x00, 0x00, 0x00, 0x25, 0x3d, 0x6d, 0x22, 0x00, 0x00, 0x00,
  0x06, 0x50, 0x4c, 0x54, 0x45, 0x03, 0x03, 0x03, 0xff, 0xff, 0xff, 0x76,
  0x58, 0x38, 0x4d, 0x00, 0x00, 0x00, 0x40, 0x49, 0x44, 0x41, 0x54, 0x78,
  0x5e, 0x05, 0xc0, 0xb1, 0x0a, 0x40, 0x40, 0x00, 0x00, 0xd0, 0x17, 0xca,
  0x15, 0xe5, 0x4a, 0x99, 0x0c, 0x26, 0x83, 0xc9, 0x28, 0x93, 0x8f, 0x30,
  0x1a, 0x0d, 0x3e, 0xd5, 0xe8, 0x33, 0x6e, 0xbc, 0x4f, 0x10, 0x94, 0x59,
  0x9d, 0x74, 0x59, 0x88, 0x62, 0xd0, 0xbf, 0x86, 0x47, 0xf3, 0xa9, 0x26,
  0xe3, 0x66, 0xbe, 0xed, 0x97, 0xe5, 0x54, 0x1c, 0xda, 0xf5, 0x07, 0xca,
  0xfd, 0x07, 0xda, 0x97, 0x41, 0x44, 0x0f, 0x00, 0x00, 0x00, 0x00, 0x49,
  0x45, 0x4e, 0x44, 0xae, 0x42, 0x60, 0x82
};
static const unsigned char asset_100[] = {
  0x89, 0x50, 0x4e, 0x47, 0x0d, 0x0a, 0x1a, 0x0a, 0x00, 0x00, 0x00, 0x0d,
  0x49, 0x48, 0x44, 0x52, 0x00, 0x00, 0x00, 0x10, 0x00, 0x00, 0x00, 0x10,
  0x01, 0x03, 0x00, 0x00, 0x00, 0x25, 0x3d, 0x6d, 0x22, 0x00, 0x00, 0x00,
  0x06, 0x50, 0x4c, 0x54, 0x45, 0x03, 0x03, 0x03, 0xff, 0xff, 0xff, 0x76,
  0x58, 0x38, 0x4d, 0x00, 0x00, 0x00, 0x3b, 0x49, 0x44, 0x41, 0x54, 0x78,
  0x5e, 0x3d, 0xc4, 0xb1, 0x0d, 0x00, 0x10, 0x14, 0x00, 0xd1, 0xeb, 0x44,
  0xa5, 0x33, 0x87, 0xce, 0x04, 0x54, 0x06, 0x91, 0x18, 0xc1, 0x12, 0x46,
  0x30, 0x80, 0x91, 0x7e, 0x61, 0x00, 0x85, 0x11, 0x44, 0x22, 0x2e, 0x2f,
  0xc7, 0x4f, 0x4d, 0xcc, 0x7e, 0x74, 0xbb, 0xb7, 0x19, 0xbf, 0xa8, 0x42,
  0x11, 0xc2, 0x20, 0x76, 0x92, 0x3b, 0xe9, 0xcd, 0x0c, 0x0f, 0x87, 0x11,
  0x22, 0xbd, 0x00, 0x00, 0x00, 0x00, 0x49, 0x45, 0x4e, 0x44, 0xae, 0x42,
  0x60, 0x82
};
static const unsigned char asset_101[] = {
  0x89, 0x50, 0x4e, 0x47, 0x0d, 0x0a, 0x1a, 0x0a, 0x00, 0x00, 0x00, 0x0d,
  0x49, 0x48, 0x44, 0x52, 0x00, 0x00, 0x00, 0x10, 0x00, 0x00, 0x00, 0x10,
  0x01, 0x03, 0x00, 0x00, 0x00, 0x25, 0x3d, 0x6d, 0x22, 0x00, 0x00, 0x00,
  0x06, 0x50, 0x4c, 0x54, 0x45, 0x03, 0x03, 0x03, 0xff, 0xff, 0xff, 0x76,
  0x58, 0x38, 0x4d, 0x00, 0x00, 0x00, 0x3f, 0x49, 0x44, 0x41, 0x54, 0x78,
  0x5e, 0x05, 0xc0, 0xb1, 0x11, 0x40, 0x30, 0x00, 0x00, 0xc0, 0x97, 0x06,
  0x8d, 0xdc, 0x29, 0x0c, 0x60, 0x06, 0x13, 0x29, 0x1c, 0xd2, 0xa5, 0x54,
  0x66, 0x04, 0xd3, 0xa9, 0x35, 0x5a, 0x67, 0x02, 0x47, 0x50, 0x15, 0xf5,
  0x23, 0xbe, 0xe2, 0xa7, 0x3d, 0x35, 0xbd, 0x2e, 0x0b, 0xd9, 0xb1, 0x58,
  0x07, 0xe9, 0x92, 0x6e, 0x5b, 0xb1, 0xcf, 0xa6, 0xf1, 0x07, 0xf1, 0xb1,
  0x0b, 0x18, 0x23, 0xbe, 0x21, 0x20, 0x00, 0x00, 0x00, 0x00, 0x49, 0x45,
  0x4e, 0x44, 0xae, 0x42, 0x60, 0x82
};
static const unsigned char asset_102[] = {
  0x89, 0x50, 0x4e, 0x47, 0x0d, 0x0a, 0x1a, 0x0a, 0x00, 0x00, 0x00, 0x0d,
  0x49, 0x48, 0x44, 0x52, 0x00, 0x00, 0x00, 0x10, 0x00, 0x00, 0x00, 0x10,
  0x01, 0x03, 0x00, 0x00, 0x00, 0x25, 0x3d, 0x6d, 0x22, 0x00, 0x00, 0x00,
  0x06, 0x50, 0x4c, 0x54, 0x45, 0x03, 0x03, 0x03, 0xff, 0xff, 0xff, 0x76,
  0x58, 0x38, 0x4d, 0x00, 0x00, 0x00, 0x40, 0x49, 0x44, 0x41, 0x54, 0x78,
  0x5e, 0x25, 0xc4, 0xa1, 0x0d, 0xc0, 0x20, 0x14, 0x40, 0xc1, 0x17, 0x10,
  0x48, 0x06, 0x40, 0xb0, 0x05, 0x54, 0x32, 0x09, 0xa9, 0xff, 0x0b, 0x90,
  0x2e, 0xd8, 0x1d, 0xaa, 0x7e, 0x90, 0xc8, 0xca, 0x8a, 0x86, 0x10, 0x4e,
  0x1c, 0x9b, 0x53, 0xfc, 0x4b, 0xfc, 0x08, 0xcf, 0xba, 0x5e, 0xe4, 0x81,
  0xbd, 0x69, 0x07, 0xf2, 0x23, 0x1d, 0x51, 0xd2, 0x89, 0x29, 0x13, 0x21,
  0x17, 0x0d, 0x5c, 0xce, 0xc6, 0xc2, 0xc9, 0x00, 0x00, 0x00, 0x00, 0x49,
  0x45, 0x4e, 0x44, 0xae, 0x42, 0x60, 0x82
};
static const unsigned char asset_103[] = {
  0x89, 0x50, 0x4e, 0x47, 0x0d, 0x0a, 0x1a, 0x0a, 0x00, 0x00, 0x00, 0x0d,
  0x49, 0x48, 0x44, 0x52, 0x00, 0x00, 0x00, 0x10, 0x00, 0x00, 0x00, 0x10,
  0x01, 0x03, 0x00, 0x00, 0x00, 0x25, 0x3d, 0x6d, 0x22, 0x00, 0x00, 0x00,
  0x06, 0x50, 0x4c, 0x54, 0x45, 0x03, 0x03, 0x03, 0xff, 0xff, 0xff, 0x76,
  0x58, 0x38, 0x4d, 0x00, 0x00, 0x00, 0x3b, 0x49, 0x44, 0x41, 0x54, 0x78,
  0x5e, 0x25, 0xc4, 0xb1, 0x09, 0x40, 0x21, 0x10, 0xc0, 0xd0, 0xc0, 0xff,
  0x60, 0xa1, 0x60, 0x6b, 0xe9, 0x0c, 0x16, 0xce, 0x63, 0x7f, 0x0b, 0x38,
  0xa7, 0x13, 0x1c, 0x36, 0xf6, 0x0e, 0x20, 0x72, 0x18, 0xc2, 0xe3, 0xe5,
  0x94, 0xb8, 0x6d, 0x3f, 0xcc, 0x50, 0xcc, 0x6f, 0xd1, 0x13, 0x72, 0x90,
  0x89, 0x28, 0xb5, 0xf1, 0xe7, 0x0b, 0x06, 0x2f, 0x0c, 0x3c, 0xbd, 0xe5,
  0x0b, 0x72, 0x00, 0x00, 0x00, 0x00, 0x49, 0x45, 0x4e, 0x44, 0xae, 0x42,
  0x60, 0x82
};
static const unsigned char asset_104[] = {
  0x89, 0x50, 0x4e, 0x47, 0x0d, 0x0a, 0x1a, 0x0a, 0x00, 0x00, 0x00, 0x0d,
  0x49, 0x48, 0x44, 0x52, 0x00, 0x00, 0x00, 0x10, 0x00, 0x00, 0x00, 0x10,
  0x01, 0x03, 0x00, 0x00, 0x00, 0x25, 0x3d, 0x6d, 0x22, 0x00, 0x00, 0x00,
  0x06, 0x50, 0x4c, 0x54, 0x45, 0x03, 0x03, 0x03, 0xff, 0xff, 0xff, 0x76,
  0x58, 0x38, 0x4d, 0x00, 0x00, 0x00, 0x3e, 0x49, 0x44, 0x41, 0x54, 0x78,
  0x5e, 0x25, 0xca, 0xb1, 0x09, 0xc0, 0x20, 0x10, 0x40, 0xd1, 0x4f, 0x02,
  0xa6, 0x11, 0x32, 0x80, 0xc5, 0x6d, 0xa1, 0x22, 0x16, 0x99, 0x44, 0x6e,
  0x60, 0x07, 0xb0, 0xbc, 0x11, 0xae, 0xb4, 0x0c, 0x21, 0xaf, 0x7e, 0xfc,
  0x2e, 0xe3, 0x76, 0x64, 0x91, 0x36, 0xd2, 0x18, 0x9d, 0xac, 0x9c, 0x93,
  0x58, 0x11, 0xa7, 0xd8, 0x17, 0x82, 0x72, 0x3c, 0x2f, 0xe6, 0xd0, 0x0a,
  0x42, 0x9d, 0xe8, 0x5c, 0x4b, 0x00, 0x00, 0x00, 0x00, 0x49, 0x45, 0x4e,
  0x44, 0xae, 0x42, 0x60, 0x82
};
static const unsigned char asset_105[] = {
  0x89, 0x50, 0x4e, 0x47, 0x0d, 0x0a, 0x1a, 0x0a, 0x00, 0x00, 0x00, 0x0d,
  0x49, 0x48, 0x44, 0x52, 0x00, 0x00, 0x00, 0x10, 0x00, 0x00, 0x00, 0x10,
  0x01, 0x03, 0x00, 0x00, 0x00, 0x25, 0x3d, 0x6d, 0x22, 0x00, 0x00, 0x00,
  0x06, 0x50, 0x4c, 0x54, 0x45, 0x03, 0x03, 0x03, 0xff, 0xff, 0xff, 0x76,
  0x58, 0x38, 0x4d, 0x00, 0x00, 0x00, 0x39, 0x49, 0x44, 0x41, 0x54, 0x78,
  0x5e, 0x25, 0xc9, 0xb1, 0x11, 0x00, 0x10, 0x10, 0x00, 0xc1, 0xcb, 0x04,
  0x7e, 0x48, 0x3f, 0xd0, 0x87, 0xc8, 0x8c, 0x52, 0x94, 0xaa, 0x04, 0x25,
  0x7c, 0x01, 0x82, 0x2f, 0x81, 0xe1, 0xc2, 0x3d, 0x7e, 0xc1, 0xc8, 0x4e,
  0x5e, 0x44, 0x27, 0x81, 0x4c, 0x9a, 0x50, 0x37, 0xaa, 0xd7, 0xdf, 0x35,
  0xca, 0x80, 0x7e, 0x00, 0xd9, 0x42, 0x09, 0xc8, 0xa2, 0x70, 0xb4, 0xd2,
  0x00, 0x00, 0x00, 0x00, 0x49, 0x45, 0x4e, 0x44, 0xae, 0x42, 0x60, 0x82
};
static const unsigned char asset_106[] = {
  0x89, 0x50, 0x4e, 0x47, 0x0d, 0x0a, 0x1a, 0x0a, 0x00, 0x00, 0x00, 0x0d,
  0x49, 0x48, 0x44, 0x52, 0x00, 0x00, 0x00, 0x10, 0x00, 0x00, 0x00, 0x10,
  0x01, 0x03, 0x00, 0x00, 0x00, 0x25, 0x3d, 0x6d, 0x22, 0x00, 0x00, 0x00,
  0x06, 0x50, 0x4c, 0x54, 0x45, 0x03, 0x03, 0x03, 0xff, 0xff, 0xff, 0x76,
  0x58, 0x38, 0x4d, 0x00, 0x00, 0x00, 0x3f, 0x49, 0x44, 0x41, 0x54, 0x78,
  0x5e, 0x25, 0xc4, 0xb1, 0x09, 0xc0, 0x20, 0x10, 0x40, 0xd1, 0x0f, 0x29,
  0x6c, 0x84, 0x83, 0xb4, 0x82, 0x19, 0xe3, 0x3a, 0x47, 0x71, 0x0e, 0x71,
  0x40, 0x87, 0xb0, 0x92, 0x2b, 0xad, 0xc4, 0xd2, 0x2a, 0x84, 0xbc, 0xe2,
  0xf1, 0x73, 0x03, 0x59, 0x3c, 0x87, 0xd0, 0xbf, 0x73, 0x45, 0x27, 0x57,
  0xc3, 0x27, 0x62, 0x41, 0x0d, 0x6e, 0x9c, 0x21, 0xfb, 0x05, 0x05, 0x9d,
  0x0b, 0xc5, 0x30, 0x80, 0x70, 0x4a, 0x00, 0x00, 0x00, 0x00, 0x49, 0x45,
  0x4e, 0x44, 0xae, 0x42, 0x60, 0x82
};
static const unsigned char asset_107[] = {
  0x89, 0x50, 0x4e, 0x47, 0x0d, 0x0a, 0x1a, 0x0a, 0x00, 0x00, 0x00, 0x0d,
  0x49, 0x48, 0x44, 0x52, 0x00, 0x00, 0x00, 0x10, 0x00, 0x00, 0x00, 0x10,
  0x01, 0x03, 0x00, 0x00, 0x00, 0x25, 0x3d, 0x6d, 0x22, 0x00, 0x00, 0x00,
  0x06, 0x50, 0x4c, 0x54, 0x45, 0x03, 0x03, 0x03, 0xff, 0xff, 0xff, 0x76,
  0x58, 0x38, 0x4d, 0x00, 0x00, 0x00, 0x39, 0x49, 0x44, 0x41, 0x54, 0x78,
  0x5e, 0x25, 0xc8, 0xb1, 0x0d, 0x00, 0x10, 0x14, 0x00, 0xd1, 0xeb, 0xbe,
  0x84, 0x44, 0x62, 0x80, 0x3f, 0x83, 0x68, 0x6c, 0x67, 0x48, 0x13, 0xfc,
  0x28, 0xd4, 0x62, 0x02, 0xc4, 0x15, 0xaf, 0x38, 0x7e, 0x62, 0xc4, 0x45,
  0xdc, 0xf8, 0xfe, 0x0c, 0xe5, 0x29, 0x13, 0xa7, 0x68, 0xa3, 0x1a, 0x39,
  0x21, 0xe3, 0xce, 0x03, 0xec, 0x88, 0x0a, 0xf7, 0x6e, 0x36, 0x27, 0xc0,
  0x00, 0x00, 0x00, 0x00, 0x49, 0x45, 0x4e, 0x44, 0xae, 0x42, 0x60, 0x82
};
static const unsigned char asset_108[] = {
  0x89, 0x50, 0x4e, 0x47, 0x0d, 0x0a, 0x1a, 0x0a, 0x00, 0x00, 0x00, 0x0d,
  0x49, 0x48, 0x44, 0x52, 0x00, 0x00, 0x00, 0x10, 0x00, 0x00, 0x00, 0x10,
  0x01, 0x03, 0x00, 0x00, 0x00, 0x25, 0x3d, 0x6d, 0x22, 0x00, 0x00, 0x00,
  0x06, 0x50, 0x4c, 0x54, 0x45, 0x03, 0x03, 0x03, 0xff, 0xff, 0xff, 0x76,
  0x58, 0x38, 0x4d, 0x00, 0x00, 0x00, 0x42, 0x49, 0x44, 0x41, 0x54, 0x78,
  0x5e, 0x05, 0xc0, 0x21, 0x0e, 0x40, 0x50, 0x00, 0x00, 0xd0, 0x57, 0x6c,
  0xa2, 0x3b, 0x08, 0x6e, 0x82, 0xf6, 0x6d, 0x36, 0xf9, 0x4b, 0xdc, 0xe1,
  0x5f, 0xe9, 0x1f, 0x44, 0x14, 0x45, 0xc1, 0x01, 0x4c, 0x12, 0x04, 0x13,
  0x99, 0x5f, 0xf5, 0xa7, 0xb9, 0x84, 0x47, 0x5f, 0x19, 0x4a, 0xe3, 0x66,
  0x5a, 0x2d, 0xa7, 0xb4, 0x4b, 0x87, 0x22, 0x6b, 0xb3, 0x2e, 0x0a, 0xf7,
  0x0f, 0x5e, 0x2a, 0x0f, 0x1c, 0x92, 0xf0, 0x95, 0x57, 0x00, 0x00, 0x00,
  0x00, 0x49, 0x45, 0x4e, 0x44, 0xae, 0x42, 0x60, 0x82
};
static const unsigned char asset_109[] = {
  0x89, 0x50, 0x4e, 0x47, 0x0d, 0x0a, 0x1a, 0x0a, 0x00, 0x00, 0x00, 0x0d,
  0x49, 0x48, 0x44, 0x52, 0x00, 0x00, 0x00, 0x10, 0x00, 0x00, 0x00, 0x10,
  0x01, 0x03, 0x00, 0x00, 0x00, 0x25, 0x3d, 0x6d, 0x22, 0x00, 0x00, 0x00,
  0x06, 0x50, 0x4c, 0x54, 0x45, 0x03, 0x03, 0x03, 0xff, 0xff, 0xff, 0x76,
  0x58, 0x38, 0x4d, 0x00, 0x00, 0x00, 0x3d, 0x49, 0x44, 0x41, 0x54, 0x78,
  0x5e, 0x25, 0x8a, 0xb1, 0x0d, 0x00, 0x10, 0x00, 0x04, 0x2f, 0x24, 0x34,
  0x12, 0x03, 0x28, 0xac, 0xa0, 0xd3, 0x9a, 0x44, 0xcc, 0x61, 0x3a, 0x63,
  0x28, 0x0d, 0xa0, 0x50, 0x2a, 0x11, 0x5f, 0x7c, 0xee, 0x92, 0xe3, 0x4f,
  0x0f, 0xec, 0xc2, 0x6f, 0x5c, 0x7f, 0x9f, 0x2b, 0x71, 0x22, 0x1b, 0x26,
  0x5c, 0xbd, 0xfc, 0x02, 0x55, 0x10, 0xe9, 0x00, 0x0d, 0xb0, 0x0b, 0xcb,
  0x48, 0x29, 0xba, 0x38, 0x00, 0x00, 0x00, 0x00, 0x49, 0x45, 0x4e, 0x44,
  0xae, 0x42, 0x60, 0x82
};
static const unsigned char asset_110[] = {
  0x89, 0x50, 0x4e, 0x47, 0x0d, 0x0a, 0x1a, 0x0a, 0x00, 0x00, 0x00, 0x0d,
  0x49, 0x48, 0x44, 0x52, 0x00, 0x00, 0x00, 0x10, 0x00, 0x00, 0x00, 0x10,
  0x01, 0x03, 0x00, 0x00, 0x00, 0x25, 0x3d, 0x6d, 0x22, 0x00, 0x00, 0x00,
  0x06, 0x50, 0x4c, 0x54, 0x45, 0x03, 0x03, 0x03, 0xff, 0xff, 0xff, 0x76,
  0x58, 0x38, 0x4d, 0x00, 0x00, 0x00, 0x37, 0x49, 0x44, 0x41, 0x54, 0x78,
  0x5e, 0x25, 0x88, 0xb1, 0x0d, 0x40, 0x11, 0x00, 0x05, 0xaf, 0x10, 0x24,
  0x24, 0x6c, 0xc0, 0x08, 0x3a, 0xeb, 0x18, 0xd9, 0x08, 0x06, 0xf8, 0xc5,
  0x2f, 0x95, 0xbc, 0xb8, 0x5c, 0xae, 0x38, 0x1e, 0x6e, 0x91, 0x7e, 0x19,
  0xa6, 0x1a, 0xdb, 0xad, 0xa6, 0xcf, 0x94, 0x4d, 0xff, 0xa4, 0x1d, 0x98,
  0x7a, 0x00, 0xf4, 0x0f, 0x0a, 0xe1, 0x8a, 0xe1, 0x86, 0x1b, 0x00, 0x00,
  0x00, 0x00, 0x49, 0x45, 0x4e, 0x44, 0xae, 0x42, 0x60, 0x82
};
static const unsigned char asset_111[] = {
  0x89, 0x50, 0x4e, 0x47, 0x0d, 0x0a, 0x1a, 0x0a, 0x00, 0x00, 0x00, 0x0d,
  0x49, 0x48, 0x44, 0x52, 0x00, 0x00, 0x00, 0x10, 0x00, 0x00, 0x00, 0x10,
  0x01, 0x03, 0x00, 0x00, 0x00, 0x25, 0x3d, 0x6d, 0x22, 0x00, 0x00, 0x00,
  0x06, 0x50, 0x4c, 0x54, 0x45, 0x03, 0x03, 0x03, 0xff, 0xff, 0xff, 0x76,
  0x58, 0x38, 0x4d, 0x00, 0x00, 0x00, 0x3d, 0x49, 0x44, 0x41, 0x54, 0x78,
  0x5e, 0x15, 0xc8, 0x31, 0x11, 0x80, 0x30, 0x0c, 0x40, 0xd1, 0x3f, 0x90,
  0x4b, 0xd8, 0x7a, 0x65, 0xef, 0x31, 0x44, 0x46, 0x04, 0x20, 0xa9, 0x32,
  0x2a, 0x21, 0x72, 0x2a, 0x23, 0x52, 0x80, 0xed, 0xdd, 0x03, 0xd0, 0xc2,
  0x1a, 0xcd, 0xb8, 0x0f, 0xdc, 0x29, 0x25, 0x85, 0xa7, 0x13, 0xc1, 0xb5,
  0xbf, 0xfc, 0x3d, 0x07, 0xe7, 0x42, 0xf2, 0x05, 0x93, 0x4d, 0x07, 0x0f,
  0x97, 0x1e, 0x16, 0x1d, 0x00, 0x00, 0x00, 0x00, 0x49, 0x45, 0x4e, 0x44,
  0xae, 0x42, 0x60, 0x82
};
static const unsigned char asset_112[] = {
  0x89, 0x50, 0x4e, 0x47, 0x0d, 0x0a, 0x1a, 0x0a, 0x00, 0x00, 0x00, 0x0d,
  0x49, 0x48, 0x44, 0x52, 0x00, 0x00, 0x00, 0x10, 0x00, 0x00, 0x00, 0x10,
  0x01, 0x03, 0x00, 0x00, 0x00, 0x25, 0x3d, 0x6d, 0x22, 0x00, 0x00, 0x00,
  0x06, 0x50, 0x4c, 0x54, 0x45, 0x03, 0x03, 0x03, 0xff, 0xff, 0xff, 0x76,
  0x58, 0x38, 0x4d, 0x00, 0x00, 0x00, 0x37, 0x49, 0x44, 0x41, 0x54, 0x78,
  0x5e, 0x2d, 0xc4, 0x41, 0x0a, 0x00, 0x10, 0x10, 0x40, 0xd1, 0xbf, 0x50,
  0xa6, 0x6c, 0x24, 0x65, 0x96, 0x96, 0x8e, 0xe2, 0x4a, 0x2e, 0xe3, 0x4c,
  0x8e, 0x60, 0xe9, 0x18, 0x4c, 0xa9, 0xd7, 0x03, 0xf0, 0x1b, 0x89, 0x44,
  0x31, 0xb9, 0xbd, 0x3f, 0x55, 0xca, 0xa1, 0x3a, 0x7a, 0x32, 0x63, 0x12,
  0xd6, 0x05, 0x62, 0x0c, 0x05, 0xad, 0x8b, 0x67, 0xb3, 0x6b, 0x00, 0x00,
  0x00, 0x00, 0x49, 0x45, 0x4e, 0x44, 0xae, 0x42, 0x60, 0x82
};
static const unsigned char asset_113[] = {
  0x89, 0x50, 0x4e, 0x47, 0x0d, 0x0a, 0x1a, 0x0a, 0x00, 0x00, 0x00, 0x0d,
  0x49, 0x48, 0x44, 0x52, 0x00, 0x00, 0x00, 0x10, 0x00, 0x00, 0x00, 0x10,
  0x01, 0x03, 0x00, 0x00, 0x00, 0x25, 0x3d, 0x6d, 0x22, 0x00, 0x00, 0x00,
  0x06, 0x50, 0x4c, 0x54, 0x45, 0x03, 0x03, 0x03, 0xff, 0xff, 0xff, 0x76,
  0x58, 0x38, 0x4d, 0x00, 0x00, 0x00, 0x42, 0x49, 0x44, 0x41, 0x54, 0x78,
  0x5e, 0x25, 0xca, 0xb1, 0x09, 0xc0, 0x20, 0x14, 0x00, 0xd1, 0x43, 0x41,
  0x11, 0xdc, 0x40, 0xc8, 0x5f, 0x21, 0x9d, 0xad, 0x93, 0x48, 0xca, 0xcc,
  0x90, 0x49, 0xfe, 0x38, 0x19, 0xc5, 0x01, 0x2c, 0x52, 0xa6, 0x54, 0xf1,
  0xaa, 0x57, 0x1c, 0x3b, 0xdf, 0x08, 0x1f, 0xc7, 0x4d, 0x52, 0x44, 0xa9,
  0x0f, 0xb9, 0x63, 0x5f, 0xe2, 0x89, 0xfc, 0xd3, 0x6b, 0x70, 0x17, 0xa6,
  0x0c, 0xe7, 0x3a, 0x0a, 0x94, 0xda, 0xcb, 0xd4, 0x48, 0x00, 0x00, 0x00,
  0x00, 0x49, 0x45, 0x4e, 0x44, 0xae, 0x42, 0x60, 0x82
};
static const unsigned char asset_114[] = {
  0x89, 0x50, 0x4e, 0x47, 0x0d, 0x0a, 0x1a, 0x0a, 0x00, 0x00, 0x00, 0x0d,
  0x49, 0x48, 0x44, 0x52, 0x00, 0x00, 0x00, 0x10, 0x00, 0x00, 0x00, 0x10,
  0x01, 0x03, 0x00, 0x00, 0x00, 0x25, 0x3d, 0x6d, 0x22, 0x00, 0x00, 0x00,
  0x06, 0x50, 0x4c, 0x54, 0x45, 0x03, 0x03, 0x03, 0xff, 0xff, 0xff, 0x76,
  0x58, 0x38, 0x4d, 0x00, 0x00, 0x00, 0x3d, 0x49, 0x44, 0x41, 0x54, 0x78,
  0x5e, 0x25, 0xc8, 0xb1, 0x0d, 0xc0, 0x20, 0x0c, 0x00, 0xc1, 0x2f, 0x22,
  0x22, 0x04, 0x82, 0xd6, 0x65, 0xb6, 0xa0, 0xcc, 0x2a, 0x1e, 0x81, 0x51,
  0x3c, 0x22, 0x03, 0x50, 0x78, 0x00, 0x0a, 0x84, 0x78, 0x5d, 0xf5, 0xdc,
  0xde, 0x41, 0x74, 0x8a, 0x92, 0x8c, 0x6a, 0xe4, 0x4e, 0xf5, 0x33, 0x45,
  0xf8, 0x17, 0x6d, 0x1e, 0x41, 0x79, 0xbe, 0x0d, 0xd7, 0x6c, 0x0a, 0x26,
  0xf8, 0x20, 0x62, 0x55, 0x00, 0x00, 0x00, 0x00, 0x49, 0x45, 0x4e, 0x44,
  0xae, 0x42, 0x60, 0x82
};
static const unsigned char asset_115[] = {
  0x89, 0x50, 0x4e, 0x47, 0x0d, 0x0a, 0x1a, 0x0a, 0x00, 0x00, 0x00, 0x0d,
  0x49, 0x48, 0x44, 0x52, 0x00, 0x00, 0x00, 0x10, 0x00, 0x00, 0x00, 0x10,
  0x01, 0x03, 0x00, 0x00, 0x00, 0x25, 0x3d, 0x6d, 0x22, 0x00, 0x00, 0x00,
  0x06, 0x50, 0x4c, 0x54, 0x45, 0x03, 0x03, 0x03, 0xff, 0xff, 0xff, 0x76,
  0x58, 0x38, 0x4d, 0x00, 0x00, 0x00, 0x41, 0x49, 0x44, 0x41, 0x54, 0x78,
  0x5e, 0x15, 0xca, 0xb1, 0x09, 0xc0, 0x20, 0x14, 0x00, 0xd1, 0x23, 0x01,
  0x6d, 0x04, 0x07, 0xb0, 0x10, 0x5c, 0xe2, 0x77, 0x8e, 0x62, 0xf1, 0xc7,
  0x70, 0x40, 0x87, 0x70, 0x81, 0x40, 0x4a, 0x2b, 0xb1, 0x52, 0xaf, 0xb8,
  0xea, 0x71, 0x7b, 0xb0, 0x1f, 0x7e, 0x10, 0x17, 0xa1, 0xdf, 0x97, 0x8a,
  0xfc, 0xbc, 0x0d, 0x97, 0x89, 0x13, 0x51, 0x4c, 0xc2, 0xea, 0x31, 0x1b,
  0x07, 0x83, 0x0b, 0x67, 0xe4, 0xc7, 0x35, 0x46, 0x00, 0x00, 0x00, 0x00,
  0x49, 0x45, 0x4e, 0x44, 0xae, 0x42, 0x60, 0x82
};
static const unsigned char asset_116[] = {
  0x89, 0x50, 0x4e, 0x47, 0x0d, 0x0a, 0x1a, 0x0a, 0x00, 0x00, 0x00, 0x0d,
  0x49, 0x48, 0x44, 0x52, 0x00, 0x00, 0x00, 0x10, 0x00, 0x00, 0x00, 0x10,
  0x01, 0x03, 0x00, 0x00, 0x00, 0x25, 0x3d, 0x6d, 0x22, 0x00, 0x00, 0x00,
  0x06, 0x50, 0x4c, 0x54, 0x45, 0x03, 0x03, 0x03, 0xff, 0xff, 0xff, 0x76,
  0x58, 0x38, 0x4d, 0x00, 0x00, 0x00, 0x37, 0x49, 0x44, 0x41, 0x54, 0x78,
  0x5e, 0x15, 0x88, 0x41, 0x0a, 0x00, 0x10, 0x10, 0x00, 0x27, 0x97, 0x55,
  0x94, 0x1f, 0x50, 0x9e, 0xe0, 0xc0, 0x77, 0xe4, 0xc9, 0x1e, 0xc1, 0xdd,
  0x03, 0xc4, 0x4e, 0xd3, 0x1c, 0x06, 0xc5, 0x20, 0x9b, 0x70, 0x54, 0x37,
  0xb5, 0xbe, 0x68, 0x65, 0x61, 0x23, 0xe9, 0xd2, 0x3a, 0x35, 0x23, 0xe3,
  0xcf, 0x07, 0xee, 0x6e, 0x0a, 0x99, 0x4e, 0x80, 0xff, 0x1d, 0x00, 0x00,
  0x00, 0x00, 0x49, 0x45, 0x4e, 0x44, 0xae, 0x42, 0x60, 0x82
};
static const unsigned char asset_117[] = {
  0x89, 0x50, 0x4e, 0x47, 0x0d, 0x0a, 0x1a, 0x0a, 0x00, 0x00, 0x00, 0x0d,
  0x49, 0x48, 0x44, 0x52, 0x00, 0x00, 0x00, 0x10, 0x00, 0x00, 0x00, 0x10,
  0x01, 0x03, 0x00, 0x00, 0x00, 0x25, 0x3d, 0x6d, 0x22, 0x00, 0x00, 0x00,
  0x06, 0x50, 0x4c, 0x54, 0x45, 0x03, 0x03, 0x03, 0xff, 0xff, 0xff, 0x76,
  0x58, 0x38, 0x4d, 0x00, 0x00, 0x00, 0x40, 0x49, 0x44, 0x41, 0x54, 0x78,
  0x5e, 0x15, 0x8a, 0xa1, 0x11, 0xc0, 0x20, 0x10, 0xc0, 0xe2, 0x90, 0x28,
  0x14, 0xdc, 0xb1, 0x03, 0x88, 0x56, 0xc1, 0x02, 0x8c, 0xd4, 0x81, 0x18,
  0x86, 0x01, 0x90, 0x0c, 0x80, 0x40, 0x56, 0x20, 0x78, 0x72, 0x11, 0x11,
  0x01, 0x30, 0x15, 0xbd, 0x00, 0xfc, 0x8f, 0xed, 0xe4, 0x4d, 0xfa, 0x78,
  0x26, 0xb1, 0x51, 0x02, 0xee, 0xbd, 0xad, 0x86, 0x28, 0xdb, 0x01, 0x0f,
  0x4d, 0x0c, 0xa0, 0x5a, 0x5f, 0xeb, 0x44, 0x00, 0x00, 0x00, 0x00, 0x49,
  0x45, 0x4e, 0x44, 0xae, 0x42, 0x60, 0x82
};
static const unsigned char asset_118[] = {
  0x89, 0x50, 0x4e, 0x47, 0x0d, 0x0a, 0x1a, 0x0a, 0x00, 0x00, 0x00, 0x0d,
  0x49, 0x48, 0x44, 0x52, 0x00, 0x00, 0x00, 0x10, 0x00, 0x00, 0x00, 0x10,
  0x01, 0x03, 0x00, 0x00, 0x00, 0x25, 0x3d, 0x6d, 0x22, 0x00, 0x00, 0x00,
  0x06, 0x50, 0x4c, 0x54, 0x45, 0x03, 0x03, 0x03, 0xff, 0xff, 0xff, 0x76,
  0x58, 0x38, 0x4d, 0x00, 0x00, 0x00, 0x3f, 0x49, 0x44, 0x41, 0x54, 0x78,
  0x5e, 0x15, 0xc9, 0xb1, 0x0d, 0x40, 0x11, 0x18, 0x00, 0xe1, 0xab, 0xde,
  0x6b, 0x24, 0x06, 0x10, 0x8c, 0x40, 0xa5, 0xb1, 0x8c, 0x01, 0x0c, 0x60,
  0x34, 0xa3, 0x28, 0x14, 0x46, 0x50, 0x28, 0x94, 0xf2, 0x27, 0x97, 0x6b,
  0x3e, 0x00, 0xdb, 0xd1, 0x1b, 0x90, 0x9b, 0x81, 0xbf, 0xb8, 0x46, 0x38,
  0xfc, 0x8b, 0x3c, 0x45, 0x53, 0x95, 0xbe, 0x82, 0x8a, 0x0f, 0x0c, 0xf0,
  0x0b, 0x50, 0x6e, 0xb5, 0x43, 0x0d, 0x00, 0x00, 0x00, 0x00, 0x49, 0x45,
  0x4e, 0x44, 0xae, 0x42, 0x60, 0x82
};
static const unsigned char asset_119[] = {
  0x89, 0x50, 0x4e, 0x47, 0x0d, 0x0a, 0x1a, 0x0a, 0x00, 0x00, 0x00, 0x0d,
  0x49, 0x48, 0x44, 0x52, 0x00, 0x00, 0x00, 0x10, 0x00, 0x00, 0x00, 0x10,
  0x01, 0x03, 0x00, 0x00, 0x00, 0x25, 0x3d, 0x6d, 0x22, 0x00, 0x00, 0x00,
  0x06, 0x50, 0x4c, 0x54, 0x45, 0x03, 0x03, 0x03, 0xff, 0xff, 0xff, 0x76,
  0x58, 0x38, 0x4d, 0x00, 0x00, 0x00, 0x40, 0x49, 0x44, 0x41, 0x54, 0x78,
  0x5e, 0x15, 0xc8, 0xa1, 0x0d, 0xc0, 0x20, 0x14, 0x40, 0xc1, 0x17, 0x04,
  0x1f, 0xf7, 0x21, 0x84, 0x20, 0x19, 0xa3, 0xb6, 0xa3, 0x30, 0x1e, 0x63,
  0x54, 0x76, 0x8c, 0x4a, 0x42, 0x2a, 0xea, 0x31, 0x50, 0x77, 0x39, 0x00,
  0xbd, 0x90, 0x07, 0xfd, 0x70, 0x9e, 0xd4, 0xc8, 0x9d, 0x78, 0x6f, 0xff,
  0xe9, 0x02, 0x65, 0x72, 0x0c, 0xe4, 0xc5, 0x56, 0xcc, 0xb9, 0x00, 0xef,
  0x0a, 0x0a, 0x53, 0x3b, 0xc0, 0x9c, 0xce, 0x00, 0x00, 0x00, 0x00, 0x49,
  0x45, 0x4e, 0x44, 0xae, 0x42, 0x60, 0x82
};
static const unsigned char asset_120[] = {
  0x89, 0x50, 0x4e, 0x47, 0x0d, 0x0a, 0x1a, 0x0a, 0x00, 0x00, 0x00, 0x0d,
  0x49, 0x48, 0x44, 0x52, 0x00, 0x00, 0x00, 0x10, 0x00, 0x00, 0x00, 0x10,
  0x01, 0x03, 0x00, 0x00, 0x00, 0x25, 0x3d, 0x6d, 0x22, 0x00, 0x00, 0x00,
  0x06, 0x50, 0x4c, 0x54, 0x45, 0x03, 0x03, 0x03, 0xff, 0xff, 0xff, 0x76,
  0x58, 0x38, 0x4d, 0x00, 0x00, 0x00, 0x3f, 0x49, 0x44, 0x41, 0x54, 0x78,
  0x5e, 0x15, 0xc8, 0xa1, 0x0d, 0xc0, 0x20, 0x14, 0x40, 0xc1, 0x27, 0x08,
  0xe0, 0x3e, 0x84, 0x10, 0x24, 0x6c, 0xf1, 0xd7, 0xe9, 0x78, 0x8c, 0x51,
  0xd9, 0x31, 0x2a, 0x09, 0xa9, 0xa8, 0xc7, 0xd0, 0xba, 0xcb, 0x01, 0xc8,
  0x89, 0xbb, 0x91, 0x17, 0x1f, 0xc8, 0x9d, 0x32, 0x48, 0xd7, 0xe7, 0x3f,
  0x7d, 0xa4, 0x2e, 0x74, 0xa2, 0x0f, 0xf6, 0xc0, 0xb4, 0x0d, 0xf0, 0x6e,
  0x0a, 0x65, 0xb7, 0xd1, 0xa9, 0xca, 0x00, 0x00, 0x00, 0x00, 0x49, 0x45,
  0x4e, 0x44, 0xae, 0x42, 0x60, 0x82
};
static const unsigned char asset_121[] = {
  0x89, 0x50, 0x4e, 0x47, 0x0d, 0x0a, 0x1a, 0x0a, 0x00, 0x00, 0x00, 0x0d,
  0x49, 0x48, 0x44, 0x52, 0x00, 0x00, 0x00, 0x10, 0x00, 0x00, 0x00, 0x10,
  0x01, 0x03, 0x00, 0x00, 0x00, 0x25, 0x3d, 0x6d, 0x22, 0x00, 0x00, 0x00,
  0x06, 0x50, 0x4c, 0x54, 0x45, 0x03, 0x03, 0x03, 0xff, 0xff, 0xff, 0x76,
  0x58, 0x38, 0x4d, 0x00, 0x00, 0x00, 0x3f, 0x49, 0x44, 0x41, 0x54, 0x78,
  0x5e, 0x15, 0xc4, 0xb1, 0x09, 0xc0, 0x20, 0x10, 0x40, 0xd1, 0x0f, 0x01,
  0xd3, 0x1c, 0x64, 0x00, 0xc1, 0xac, 0x60, 0x77, 0x5d, 0x46, 0x11, 0xc7,
  0x90, 0x0c, 0xe8, 0x06, 0xf6, 0xda, 0x5a, 0x59, 0x5b, 0xc9, 0xc1, 0xe3,
  0x81, 0x98, 0x7b, 0xf0, 0x2c, 0xde, 0x8d, 0x6f, 0x76, 0xfa, 0xd1, 0xc9,
  0x55, 0x91, 0x8f, 0x50, 0xd0, 0x8e, 0xcb, 0x46, 0xe2, 0x01, 0x08, 0xbf,
  0x0a, 0xe3, 0xc8, 0x4a, 0xe8, 0x5c, 0x00, 0x00, 0x00, 0x00, 0x49, 0x45,
  0x4e, 0x44, 0xae, 0x42, 0x60, 0x82
};
static const unsigned char asset_122[] = {
  0x89, 0x50, 0x4e, 0x47, 0x0d, 0x0a, 0x1a, 0x0a, 0x00, 0x00, 0x00, 0x0d,
  0x49, 0x48, 0x44, 0x52, 0x00, 0x00, 0x00, 0x10, 0x00, 0x00, 0x00, 0x10,
  0x01, 0x03, 0x00, 0x00, 0x00, 0x25, 0x3d, 0x6d, 0x22, 0x00, 0x00, 0x00,
  0x06, 0x50, 0x4c, 0x54, 0x45, 0x03, 0x03, 0x03, 0xff, 0xff, 0xff, 0x76,
  0x58, 0x38, 0x4d, 0x00, 0x00, 0x00, 0x3a, 0x49, 0x44, 0x41, 0x54, 0x78,
  0x5e, 0x15, 0xc4, 0xb1, 0x09, 0x00, 0x21, 0x0c, 0x40, 0xd1, 0x5f, 0x9d,
  0x07, 0x06, 0xdc, 0x20, 0x33, 0x88, 0x85, 0xae, 0x93, 0x49, 0xdc, 0xd2,
  0x5e, 0x1b, 0x6b, 0x71, 0x02, 0x09, 0x3c, 0x1e, 0x88, 0x0b, 0x8b, 0x74,
  0x48, 0x97, 0x38, 0x7c, 0x29, 0x7e, 0xd8, 0xfc, 0x8a, 0x76, 0xda, 0xa4,
  0x1a, 0x9f, 0x21, 0xf9, 0x01, 0xf0, 0xb6, 0x0a, 0x1f, 0x77, 0x81, 0x90,
  0x7f, 0x00, 0x00, 0x00, 0x00, 0x49, 0x45, 0x4e, 0x44, 0xae, 0x42, 0x60,
  0x82
};
static const unsigned char asset_123[] = {
  0x89, 0x50, 0x4e, 0x47, 0x0d, 0x0a, 0x1a, 0x0a, 0x00, 0x00, 0x00, 0x0d,
  0x49, 0x48, 0x44, 0x52, 0x00, 0x00, 0x00, 0x10, 0x00, 0x00, 0x00, 0x10,
  0x01, 0x03, 0x00, 0x00, 0x00, 0x25, 0x3d, 0x6d, 0x22, 0x00, 0x00, 0x00,
  0x06, 0x50, 0x4c, 0x54, 0x45, 0x03, 0x03, 0x03, 0xff, 0xff, 0xff, 0x76,
  0x58, 0x38, 0x4d, 0x00, 0x00, 0x00, 0x42, 0x49, 0x44, 0x41, 0x54, 0x78,
  0x5e, 0x25, 0xc9, 0xa1, 0x0d, 0xc0, 0x20, 0x00, 0x00, 0xc1, 0x77, 0x35,
  0x84, 0xa6, 0x0a, 0x43, 0xd2, 0x15, 0x90, 0xb8, 0x4e, 0xc2, 0x0c, 0xb0,
  0x41, 0x2d, 0x33, 0x31, 0x0d, 0x12, 0x89, 0x22, 0x08, 0x42, 0x68, 0xc3,
  0xe7, 0xdc, 0xb3, 0x3b, 0x32, 0x67, 0xe5, 0xee, 0xb8, 0xc4, 0x33, 0x90,
  0x01, 0x55, 0xb0, 0x9a, 0x77, 0xe2, 0x1b, 0x57, 0xfc, 0xd6, 0x4f, 0x98,
  0x05, 0x19, 0x8c, 0x0d, 0x06, 0xe4, 0x0c, 0x4c, 0xb2, 0x00, 0x00, 0x00,
  0x00, 0x49, 0x45, 0x4e, 0x44, 0xae, 0x42, 0x60, 0x82
};
static const unsigned char asset_124[] = {
  0x89, 0x50, 0x4e, 0x47, 0x0d, 0x0a, 0x1a, 0x0a, 0x00, 0x00, 0x00, 0x0d,
  0x49, 0x48, 0x44, 0x52, 0x00, 0x00, 0x00, 0x10, 0x00, 0x00, 0x00, 0x10,
  0x01, 0x03, 0x00, 0x00, 0x00, 0x25, 0x3d, 0x6d, 0x22, 0x00, 0x00, 0x00,
  0x06, 0x50, 0x4c, 0x54, 0x45, 0x03, 0x03, 0x03, 0xff, 0xff, 0xff, 0x76,
  0x58, 0x38, 0x4d, 0x00, 0x00, 0x00, 0x3c, 0x49, 0x44, 0x41, 0x54, 0x78,
  0x5e, 0x25, 0xc4, 0x31, 0x0e, 0x00, 0x11, 0x14, 0x00, 0xd1, 0xe9, 0x34,
  0xd8, 0xa8, 0x34, 0x9b, 0xb8, 0x82, 0xd2, 0xad, 0xb8, 0x81, 0xd6, 0x71,
  0x1c, 0x49, 0xa9, 0xdc, 0x6a, 0xa3, 0x12, 0xf9, 0x31, 0x79, 0x19, 0x6e,
  0x6a, 0xf0, 0x7c, 0xc2, 0x74, 0xb9, 0x2d, 0xf8, 0x49, 0x7a, 0xa9, 0x9b,
  0xfc, 0xe3, 0x1a, 0x61, 0x09, 0x1d, 0x0f, 0x04, 0x56, 0x0c, 0x58, 0x51,
  0x4b, 0x7c, 0xef, 0x00, 0x00, 0x00, 0x00, 0x49, 0x45, 0x4e, 0x44, 0xae,
  0x42, 0x60, 0x82
};
static const unsigned char asset_125[] = {
  0x89, 0x50, 0x4e, 0x47, 0x0d, 0x0a, 0x1a, 0x0a, 0x00, 0x00, 0x00, 0x0d,
  0x49, 0x48, 0x44, 0x52, 0x00, 0x00, 0x00, 0x10, 0x00, 0x00, 0x00, 0x10,
  0x01, 0x03, 0x00, 0x00, 0x00, 0x25, 0x3d, 0x6d, 0x22, 0x00, 0x00, 0x00,
  0x06, 0x50, 0x4c, 0x54, 0x45, 0x03, 0x03, 0x03, 0xff, 0xff, 0xff, 0x76,
  0x58, 0x38, 0x4d, 0x00, 0x00, 0x00, 0x31, 0x49, 0x44, 0x41, 0x54, 0x78,
  0x5e, 0x1d, 0x87, 0xc1, 0x09, 0x00, 0x20, 0x10, 0xc3, 0x0a, 0x8a, 0xae,
  0xe1, 0x1e, 0xf7, 0x70, 0x15, 0x47, 0x75, 0x90, 0x7b, 0x38, 0x88, 0x0f,
  0x53, 0x4b, 0x08, 0xa9, 0x58, 0xd9, 0xea, 0x47, 0x75, 0xa8, 0x2d, 0xc2,
  0x77, 0x5e, 0x70, 0x44, 0x62, 0xc3, 0xbe, 0x1f, 0xf8, 0x48, 0x0a, 0x78,
  0xc2, 0x9a, 0x63, 0xe5, 0x00, 0x00, 0x00, 0x00, 0x49, 0x45, 0x4e, 0x44,
  0xae, 0x42, 0x60, 0x82
};
static const unsigned char asset_126[] = {
  0x89, 0x50, 0x4e, 0x47, 0x0d, 0x0a, 0x1a, 0x0a, 0x00, 0x00, 0x00, 0x0d,
  0x49, 0x48, 0x44, 0x52, 0x00, 0x00, 0x00, 0x10, 0x00, 0x00, 0x00, 0x10,
  0x01, 0x03, 0x00, 0x00, 0x00, 0x25, 0x3d, 0x6d, 0x22, 0x00, 0x00, 0x00,
  0x06, 0x50, 0x4c, 0x54, 0x45, 0x03, 0x03, 0x03, 0xff, 0xff, 0xff, 0x76,
  0x58, 0x38, 0x4d, 0x00, 0x00, 0x00, 0x34, 0x49, 0x44, 0x41, 0x54, 0x78,
  0x5e, 0x05, 0xc0, 0xb1, 0x0d, 0x80, 0x20, 0x10, 0x00, 0xc0, 0xc3, 0x10,
  0x1b, 0x3a, 0x3b, 0x0a, 0x12, 0xe3, 0x10, 0x5f, 0x5b, 0xfe, 0x34, 0xce,
  0xe0, 0x08, 0x54, 0xcc, 0x4b, 0x40, 0x70, 0x91, 0x2c, 0xe5, 0x71, 0xa4,
  0x3a, 0xf5, 0x5b, 0xbc, 0xbe, 0xdf, 0xa0, 0x71, 0x52, 0x61, 0x03, 0x64,
  0xce, 0x03, 0xf7, 0xe0, 0x7b, 0xb9, 0x08, 0x00, 0x00, 0x00, 0x00, 0x49,
  0x45, 0x4e, 0x44, 0xae, 0x42, 0x60, 0x82
};
static const unsigned char asset_127[] = {
  0x89, 0x50, 0x4e, 0x47, 0x0d, 0x0a, 0x1a, 0x0a, 0x00, 0x00, 0x00, 0x0d,
  0x49, 0x48, 0x44, 0x52, 0x00, 0x00, 0x00, 0x10, 0x00, 0x00, 0x00, 0x10,
  0x01, 0x03, 0x00, 0x00, 0x00, 0x25, 0x3d, 0x6d, 0x22, 0x00, 0x00, 0x00,
  0x06, 0x50, 0x4c, 0x54, 0x45, 0x03, 0x03, 0x03, 0xff, 0xff, 0xff, 0x76,
  0x58, 0x38, 0x4d, 0x00, 0x00, 0x00, 0x34, 0x49, 0x44, 0x41, 0x54, 0x78,
  0x5e, 0x05, 0xc0, 0x21, 0x11, 0xc0, 0x20, 0x14, 0x00, 0xd0, 0x77, 0x13,
  0x28, 0xc4, 0x24, 0x11, 0x90, 0x84, 0x58, 0x90, 0x9f, 0x66, 0x92, 0x04,
  0x04, 0x41, 0x12, 0x85, 0x08, 0x44, 0xe0, 0x00, 0x5e, 0x2a, 0x1f, 0x3f,
  0xdd, 0x33, 0xa4, 0x29, 0x1f, 0x65, 0x6b, 0x4b, 0x10, 0x80, 0x0b, 0x86,
  0xe4, 0x06, 0x91, 0x7d, 0x29, 0x9b, 0x6c, 0x00, 0x00, 0x00, 0x00, 0x49,
  0x45, 0x4e, 0x44, 0xae, 0x42, 0x60, 0x82
};
static const unsigned char asset_128[] = {
  0x89, 0x50, 0x4e, 0x47, 0x0d, 0x0a, 0x1a, 0x0a, 0x00, 0x00, 0x00, 0x0d,
  0x49, 0x48, 0x44, 0x52, 0x00, 0x00, 0x00, 0x10, 0x00, 0x00, 0x00, 0x10,
  0x01, 0x03, 0x00, 0x00, 0x00, 0x25, 0x3d, 0x6d, 0x22, 0x00, 0x00, 0x00,
  0x06, 0x50, 0x4c, 0x54, 0x45, 0x03, 0x03, 0x03, 0xff, 0xff, 0xff, 0x76,
  0x58, 0x38, 0x4d, 0x00, 0x00, 0x00, 0x34, 0x49, 0x44, 0x41, 0x54, 0x78,
  0x5e, 0x4d, 0xc6, 0xa1, 0x15, 0x00, 0x20, 0x0c, 0xc4, 0xd0, 0x38, 0x2a,
  0x98, 0x00, 0x03, 0x6b, 0x80, 0x61, 0x15, 0x46, 0xed, 0x28, 0x8c, 0x50,
  0x79, 0x12, 0x70, 0xe4, 0x45, 0x7c, 0xfe, 0x92, 0x93, 0x17, 0xb6, 0x1f,
  0xac, 0x51, 0x82, 0x21, 0xba, 0x98, 0xf7, 0xa0, 0x3a, 0x70, 0x00, 0xa7,
  0x8b, 0x09, 0xbd, 0x16, 0x2f, 0x32, 0x82, 0x00, 0x00, 0x00, 0x00, 0x49,
  0x45, 0x4e, 0x44, 0xae, 0x42, 0x60, 0x82
};
static const unsigned char asset_129[] = {
  0x89, 0x50, 0x4e, 0x47, 0x0d, 0x0a, 0x1a, 0x0a, 0x00, 0x00, 0x00, 0x0d,
  0x49, 0x48, 0x44, 0x52, 0x00, 0x00, 0x00, 0x10, 0x00, 0x00, 0x00, 0x10,
  0x01, 0x03, 0x00, 0x00, 0x00, 0x25, 0x3d, 0x6d, 0x22, 0x00, 0x00, 0x00,
  0x06, 0x50, 0x4c, 0x54, 0x45, 0x03, 0x03, 0x03, 0xff, 0xff, 0xff, 0x76,
  0x58, 0x38, 0x4d, 0x00, 0x00, 0x00, 0x39, 0x49, 0x44, 0x41, 0x54, 0x78,
  0x5e, 0x0d, 0xc4, 0x31, 0x0a, 0x80, 0x20, 0x00, 0x00, 0xc0, 0xdb, 0x1a,
  0xad, 0x5d, 0xf1, 0x19, 0xae, 0x8d, 0x22, 0x3e, 0xc5, 0x97, 0xf4, 0xca,
  0x9e, 0xd0, 0x14, 0x11, 0x0d, 0x09, 0xc7, 0xc1, 0xce, 0x72, 0x09, 0x8f,
  0xfc, 0xca, 0xf3, 0x4f, 0xb8, 0x6d, 0x87, 0xd8, 0xa4, 0xa9, 0x4b, 0xd5,
  0x58, 0x95, 0x13, 0x3f, 0x05, 0x6a, 0x0a, 0x58, 0x6b, 0xe2, 0x50, 0x44,
  0x00, 0x00, 0x00, 0x00, 0x49, 0x45, 0x4e, 0x44, 0xae, 0x42, 0x60, 0x82
};
static const unsigned char asset_130[] = {
  0x89, 0x50, 0x4e, 0x47, 0x0d, 0x0a, 0x1a, 0x0a, 0x00, 0x00, 0x00, 0x0d,
  0x49, 0x48, 0x44, 0x52, 0x00, 0x00, 0x00, 0x10, 0x00, 0x00, 0x00, 0x10,
  0x01, 0x03, 0x00, 0x00, 0x00, 0x25, 0x3d, 0x6d, 0x22, 0x00, 0x00, 0x00,
  0x06, 0x50, 0x4c, 0x54, 0x45, 0x03, 0x03, 0x03, 0xff, 0xff, 0xff, 0x76,
  0x58, 0x38, 0x4d, 0x00, 0x00, 0x00, 0x31, 0x49, 0x44, 0x41, 0x54, 0x78,
  0x5e, 0x05, 0xc0, 0xd1, 0x09, 0x80, 0x20, 0x10, 0x00, 0xd0, 0x07, 0x85,
  0xf6, 0x25, 0x6d, 0x10, 0xa1, 0x38, 0xc7, 0x8d, 0xd6, 0xa8, 0x37, 0xc2,
  0x8d, 0x10, 0xa0, 0x31, 0x38, 0x49, 0x47, 0x79, 0xca, 0x2c, 0x6f, 0x5a,
  0x69, 0x87, 0x3b, 0x5c, 0xa1, 0x7f, 0xc0, 0x0f, 0xb2, 0xc4, 0x07, 0x98,
  0x1c, 0xf0, 0xc6, 0xe2, 0x00, 0x00, 0x00, 0x00, 0x49, 0x45, 0x4e, 0x44,
  0xae, 0x42, 0x60, 0x82
};
static const unsigned char asset_131[] = {
  0x89, 0x50, 0x4e, 0x47, 0x0d, 0x0a, 0x1a, 0x0a, 0x00, 0x00, 0x00, 0x0d,
  0x49, 0x48, 0x44, 0x52, 0x00, 0x00, 0x00, 0x10, 0x00, 0x00, 0x00, 0x10,
  0x01, 0x03, 0x00, 0x00, 0x00, 0x25, 0x3d, 0x6d, 0x22, 0x00, 0x00, 0x00,
  0x06, 0x50, 0x4c, 0x54, 0x45, 0x03, 0x03, 0x03, 0xff, 0xff, 0xff, 0x76,
  0x58, 0x38, 0x4d, 0x00, 0x00, 0x00, 0x2c, 0x49, 0x44, 0x41, 0x54, 0x78,
  0x5e, 0x5d, 0xc9, 0x31, 0x11, 0x00, 0x20, 0x0c, 0x04, 0xc1, 0x1b, 0x70,
  0x45, 0x03, 0x42, 0x98, 0x17, 0x92, 0x37, 0x87, 0x92, 0x28, 0x49, 0x41,
  0xcb, 0xb0, 0xed, 0xf2, 0x99, 0xc5, 0x6a, 0x38, 0x09, 0x61, 0x31, 0x36,
  0xfd, 0xf0, 0xb8, 0x87, 0x5c, 0x05, 0xe1, 0xe7, 0x0a, 0xd4, 0x5b, 0x00,
  0x00, 0x00, 0x00, 0x49, 0x45, 0x4e, 0x44, 0xae, 0x42, 0x60, 0x82
};
static const unsigned char asset_132[] = {
  0x89, 0x50, 0x4e, 0x47, 0x0d, 0x0a, 0x1a, 0x0a, 0x00, 0x00, 0x00, 0x0d,
  0x49, 0x48, 0x44, 0x52, 0x00, 0x00, 0x00, 0x10, 0x00, 0x00, 0x00, 0x10,
  0x01, 0x03, 0x00, 0x00, 0x00, 0x25, 0x3d, 0x6d, 0x22, 0x00, 0x00, 0x00,
  0x06, 0x50, 0x4c, 0x54, 0x45, 0x03, 0x03, 0x03, 0xff, 0xff, 0xff, 0x76,
  0x58, 0x38, 0x4d, 0x00, 0x00, 0x00, 0x31, 0x49, 0x44, 0x41, 0x54, 0x78,
  0x5e, 0x1d, 0xc4, 0x41, 0x0d, 0x00, 0x20, 0x0c, 0xc5, 0xd0, 0xa2, 0x60,
  0x28, 0x20, 0x53, 0x40, 0xe6, 0x00, 0x0e, 0x1c, 0x90, 0xc5, 0x71, 0xb2,
  0xc9, 0x5f, 0xf3, 0x52, 0x54, 0xc0, 0xa5, 0xa5, 0x6e, 0xc9, 0x38, 0x2c,
  0x97, 0xe9, 0x78, 0xe9, 0x1b, 0x7b, 0x54, 0x1f, 0x74, 0x9b, 0x04, 0xae,
  0xb2, 0x13, 0x3a, 0xe8, 0x00, 0x00, 0x00, 0x00, 0x49, 0x45, 0x4e, 0x44,
  0xae, 0x42, 0x60, 0x82
};
static const unsigned char asset_133[] = {
  0x89, 0x50, 0x4e, 0x47, 0x0d, 0x0a, 0x1a, 0x0a, 0x00, 0x00, 0x00, 0x0d,
  0x49, 0x48, 0x44, 0x52, 0x00, 0x00, 0x00, 0x10, 0x00, 0x00, 0x00, 0x10,
  0x01, 0x03, 0x00, 0x00, 0x00, 0x25, 0x3d, 0x6d, 0x22, 0x00, 0x00, 0x00,
  0x06, 0x50, 0x4c, 0x54, 0x45, 0x03, 0x03, 0x03, 0xff, 0xff, 0xff, 0x76,
  0x58, 0x38, 0x4d, 0x00, 0x00, 0x00, 0x25, 0x49, 0x44, 0x41, 0x54, 0x78,
  0x5e, 0x5d, 0xc6, 0x31, 0x11, 0x00, 0x00, 0x08, 0x03, 0xb1, 0x17, 0x50,
  0x0f, 0x58, 0xa8, 0x03, 0xfc, 0x3b, 0x62, 0x60, 0xe0, 0x58, 0x9b, 0x29,
  0x24, 0x61, 0xd1, 0x43, 0xed, 0xc7, 0x84, 0x03, 0x47, 0x47, 0x03, 0x07,
  0x09, 0xba, 0x92, 0xd1, 0x00, 0x00, 0x00, 0x00, 0x49, 0x45, 0x4e, 0x44,
  0xae, 0x42, 0x60, 0x82
};
static const unsigned char asset_134[] = {
  0x89, 0x50, 0x4e, 0x47, 0x0d, 0x0a, 0x1a, 0x0a, 0x00, 0x00, 0x00, 0x0d,
  0x49, 0x48, 0x44, 0x52, 0x00, 0x00, 0x00, 0x10, 0x00, 0x00, 0x00, 0x10,
  0x01, 0x03, 0x00, 0x00, 0x00, 0x25, 0x3d, 0x6d, 0x22, 0x00, 0x00, 0x00,
  0x06, 0x50, 0x4c, 0x54, 0x45, 0x03, 0x03, 0x03, 0xff, 0xff, 0xff, 0x76,
  0x58, 0x38, 0x4d, 0x00, 0x00, 0x00, 0x33, 0x49, 0x44, 0x41, 0x54, 0x78,
  0x5e, 0x15, 0xc2, 0xb1, 0x0d, 0x00, 0x20, 0x08, 0x00, 0xc1, 0x4f, 0xb4,
  0xa7, 0x54, 0x13, 0x12, 0x56, 0x60, 0x34, 0x87, 0x74, 0x20, 0x0a, 0x4a,
  0x0b, 0xe5, 0x72, 0x14, 0x87, 0xa0, 0x05, 0xe2, 0xa8, 0x33, 0x37, 0x2b,
  0xb1, 0xff, 0x60, 0x1d, 0xed, 0x8c, 0xac, 0x72, 0x81, 0x07, 0xce, 0xdd,
  0x09, 0x8e, 0x70, 0x6d, 0x97, 0x57, 0x00, 0x00, 0x00, 0x00, 0x49, 0x45,
  0x4e, 0x44, 0xae, 0x42, 0x60, 0x82
};
static const unsigned char asset_135[] = {
  0x89, 0x50, 0x4e, 0x47, 0x0d, 0x0a, 0x1a, 0x0a, 0x00, 0x00, 0x00, 0x0d,
  0x49, 0x48, 0x44, 0x52, 0x00, 0x00, 0x00, 0x10, 0x00, 0x00, 0x00, 0x10,
  0x01, 0x03, 0x00, 0x00, 0x00, 0x25, 0x3d, 0x6d, 0x22, 0x00, 0x00, 0x00,
  0x06, 0x50, 0x4c, 0x54, 0x45, 0x03, 0x03, 0x03, 0xff, 0xff, 0xff, 0x76,
  0x58, 0x38, 0x4d, 0x00, 0x00, 0x00, 0x2d, 0x49, 0x44, 0x41, 0x54, 0x78,
  0x5e, 0x3d, 0xca, 0xa1, 0x11, 0x00, 0x20, 0x10, 0x03, 0xc1, 0x28, 0xca,
  0xa0, 0x90, 0x17, 0xa9, 0x04, 0x41, 0x19, 0x2f, 0x32, 0xa9, 0x1d, 0x62,
  0xfe, 0x66, 0xe5, 0x61, 0xa2, 0xe2, 0xb7, 0x3b, 0xd6, 0x45, 0x1d, 0xd8,
  0x21, 0xce, 0xf5, 0x00, 0x8c, 0xfa, 0x06, 0x4f, 0xf9, 0x61, 0x2a, 0x3e,
  0x00, 0x00, 0x00, 0x00, 0x49, 0x45, 0x4e, 0x44, 0xae, 0x42, 0x60, 0x82
};
static const unsigned char asset_136[] = {
  0x89, 0x50, 0x4e, 0x47, 0x0d, 0x0a, 0x1a, 0x0a, 0x00, 0x00, 0x00, 0x0d,
  0x49, 0x48, 0x44, 0x52, 0x00, 0x00, 0x00, 0x10, 0x00, 0x00, 0x00, 0x10,
  0x01, 0x03, 0x00, 0x00, 0x00, 0x25, 0x3d, 0x6d, 0x22, 0x00, 0x00, 0x00,
  0x06, 0x50, 0x4c, 0x54, 0x45, 0x03, 0x03, 0x03, 0xff, 0xff, 0xff, 0x76,
  0x58, 0x38, 0x4d, 0x00, 0x00, 0x00, 0x35, 0x49, 0x44, 0x41, 0x54, 0x78,
  0x5e, 0x25, 0x89, 0x31, 0x0e, 0x00, 0x10, 0x14, 0xc5, 0x9a, 0x78, 0xc1,
  0x24, 0xc6, 0x3f, 0x18, 0x1c, 0xc1, 0x68, 0x70, 0x18, 0x47, 0x75, 0x14,
  0x47, 0x11, 0x34, 0x1d, 0x9a, 0x94, 0x8f, 0x5b, 0xf8, 0x49, 0xd8, 0x37,
  0x54, 0x49, 0x99, 0x12, 0x19, 0xa2, 0x3f, 0x9b, 0x30, 0xbb, 0x17, 0x0e,
  0x81, 0x63, 0x05, 0x3d, 0xf3, 0x00, 0x85, 0x14, 0x00, 0x00, 0x00, 0x00,
  0x49, 0x45, 0x4e, 0x44, 0xae, 0x42, 0x60, 0x82
};
static const unsigned char asset_137[] = {
  0x89, 0x50, 0x4e, 0x47, 0x0d, 0x0a, 0x1a, 0x0a, 0x00, 0x00, 0x00, 0x0d,
  0x49, 0x48, 0x44, 0x52, 0x00, 0x00, 0x00, 0x10, 0x00, 0x00, 0x00, 0x10,
  0x01, 0x03, 0x00, 0x00, 0x00, 0x25, 0x3d, 0x6d, 0x22, 0x00, 0x00, 0x00,
  0x06, 0x50, 0x4c, 0x54, 0x45, 0x03, 0x03, 0x03, 0xff, 0xff, 0xff, 0x76,
  0x58, 0x38, 0x4d, 0x00, 0x00, 0x00, 0x3b, 0x49, 0x44, 0x41, 0x54, 0x78,
  0x5e, 0x05, 0xc0, 0xb1, 0x09, 0x80, 0x30, 0x10, 0x00, 0xc0, 0x53, 0xc3,
  0x93, 0xc2, 0xc2, 0xca, 0x2a, 0x8d, 0xe0, 0x28, 0x0e, 0x61, 0x99, 0x4d,
  0x04, 0x71, 0x10, 0x07, 0x71, 0x80, 0x94, 0x19, 0x49, 0xa0, 0x86, 0xeb,
  0x36, 0x35, 0x5b, 0xb7, 0xbc, 0xf2, 0x29, 0x7d, 0x86, 0x62, 0x9c, 0xa5,
  0x47, 0x3e, 0xd8, 0x59, 0x09, 0xfc, 0xbc, 0x8f, 0x06, 0x33, 0xd1, 0xe0,
  0x01, 0x59, 0x00, 0x00, 0x00, 0x00, 0x49, 0x45, 0x4e, 0x44, 0xae, 0x42,
  0x60, 0x82
};
static const unsigned char asset_138[] = {
  0x89, 0x50, 0x4e, 0x47, 0x0d, 0x0a, 0x1a, 0x0a, 0x00, 0x00, 0x00, 0x0d,
  0x49, 0x48, 0x44, 0x52, 0x00, 0x00, 0x00, 0x10, 0x00, 0x00, 0x00, 0x10,
  0x01, 0x03, 0x00, 0x00, 0x00, 0x25, 0x3d, 0x6d, 0x22, 0x00, 0x00, 0x00,
  0x06, 0x50, 0x4c, 0x54, 0x45, 0x03, 0x03, 0x03, 0xff, 0xff, 0xff, 0x76,
  0x58, 0x38, 0x4d, 0x00, 0x00, 0x00, 0x29, 0x49, 0x44, 0x41, 0x54, 0x78,
  0x5e, 0x2d, 0xca, 0xb1, 0x0d, 0x00, 0x30, 0x0c, 0x84, 0x40, 0x06, 0xf2,
  0x08, 0xae, 0x7e, 0xa0, 0x2f, 0x99, 0x3f, 0x8a, 0x64, 0x74, 0x25, 0x5c,
  0x03, 0x42, 0x19, 0xb1, 0x54, 0x0c, 0x0d, 0x2e, 0xe1, 0xdb, 0xfb, 0x1e,
  0x9c, 0x48, 0x06, 0x55, 0x43, 0x4d, 0xe3, 0x5d, 0x00, 0x00, 0x00, 0x00,
  0x49, 0x45, 0x4e, 0x44, 0xae, 0x42, 0x60, 0x82
};
static const unsigned char asset_139[] = {
  0x89, 0x50, 0x4e, 0x47, 0x0d, 0x0a, 0x1a, 0x0a, 0x00, 0x00, 0x00, 0x0d,
  0x49, 0x48, 0x44, 0x52, 0x00, 0x00, 0x00, 0x10, 0x00, 0x00, 0x00, 0x10,
  0x01, 0x03, 0x00, 0x00, 0x00, 0x25, 0x3d, 0x6d, 0x22, 0x00, 0x00, 0x00,
  0x06, 0x50, 0x4c, 0x54, 0x45, 0x03, 0x03, 0x03, 0xff, 0xff, 0xff, 0x76,
  0x58, 0x38, 0x4d, 0x00, 0x00, 0x00, 0x3e, 0x49, 0x44, 0x41, 0x54, 0x78,
  0x5e, 0x05, 0xc0, 0xc1, 0x09, 0x40, 0x50, 0x18, 0x00, 0xe0, 0xaf, 0x7e,
  0xc5, 0xcd, 0xc1, 0x5d, 0x4e, 0xae, 0x56, 0xb0, 0x81, 0x11, 0x58, 0xe4,
  0x95, 0x41, 0x0c, 0x23, 0x83, 0xbc, 0x64, 0x0a, 0x07, 0xbd, 0x04, 0x71,
  0x8a, 0x4d, 0x7d, 0x6b, 0x5f, 0xfd, 0x67, 0xca, 0x52, 0xb1, 0x3e, 0x96,
  0xcb, 0x78, 0xe8, 0x06, 0xcd, 0xac, 0xda, 0x05, 0xfc, 0x20, 0x42, 0x0a,
  0xcd, 0x1d, 0xf5, 0xc2, 0xaa, 0x00, 0x00, 0x00, 0x00, 0x49, 0x45, 0x4e,
  0x44, 0xae, 0x42, 0x60, 0x82
};
static const unsigned char asset_140[] = {
  0x89, 0x50, 0x4e, 0x47, 0x0d, 0x0a, 0x1a, 0x0a, 0x00, 0x00, 0x00, 0x0d,
  0x49, 0x48, 0x44, 0x52, 0x00, 0x00, 0x00, 0x10, 0x00, 0x00, 0x00, 0x10,
  0x01, 0x03, 0x00, 0x00, 0x00, 0x25, 0x3d, 0x6d, 0x22, 0x00, 0x00, 0x00,
  0x06, 0x50, 0x4c, 0x54, 0x45, 0x03, 0x03, 0x03, 0xff, 0xff, 0xff, 0x76,
  0x58, 0x38, 0x4d, 0x00, 0x00, 0x00, 0x39, 0x49, 0x44, 0x41, 0x54, 0x78,
  0x5e, 0x3d, 0xc0, 0x21, 0x0d, 0x00, 0x20, 0x10, 0x40, 0xd1, 0xcf, 0x6e,
  0xbb, 0x08, 0x18, 0x36, 0x14, 0x25, 0x70, 0x44, 0x3a, 0x8b, 0x23, 0x01,
  0x11, 0xc8, 0x46, 0x00, 0xc4, 0x49, 0x24, 0x8e, 0xc7, 0x27, 0x83, 0x60,
  0x14, 0xc7, 0x14, 0x55, 0xe2, 0xa4, 0x65, 0x6c, 0xd1, 0x0f, 0xd5, 0x49,
  0x17, 0xd9, 0xc0, 0x03, 0xa2, 0x93, 0x09, 0x1f, 0x87, 0xde, 0x2c, 0xdb,
  0x00, 0x00, 0x00, 0x00, 0x49, 0x45, 0x4e, 0x44, 0xae, 0x42, 0x60, 0x82
};
static const unsigned char asset_141[] = {
  0x89, 0x50, 0x4e, 0x47, 0x0d, 0x0a, 0x1a, 0x0a, 0x00, 0x00, 0x00, 0x0d,
  0x49, 0x48, 0x44, 0x52, 0x00, 0x00, 0x00, 0x10, 0x00, 0x00, 0x00, 0x10,
  0x01, 0x03, 0x00, 0x00, 0x00, 0x25, 0x3d, 0x6d, 0x22, 0x00, 0x00, 0x00,
  0x06, 0x50, 0x4c, 0x54, 0x45, 0x03, 0x03, 0x03, 0xff, 0xff, 0xff, 0x76,
  0x58, 0x38, 0x4d, 0x00, 0x00, 0x00, 0x3d, 0x49, 0x44, 0x41, 0x54, 0x78,
  0x5e, 0x05, 0xc0, 0xa1, 0x11, 0x80, 0x20, 0x00, 0x00, 0xc0, 0xf7, 0x0c,
  0x46, 0xbd, 0x23, 0x68, 0xc3, 0x11, 0x8c, 0xdc, 0x59, 0x18, 0x89, 0x68,
  0x64, 0x04, 0x06, 0x72, 0x08, 0x07, 0x30, 0x38, 0x82, 0x23, 0x70, 0xe0,
  0x20, 0x19, 0x6e, 0xe3, 0x6b, 0xfa, 0xcc, 0xbf, 0xf8, 0x58, 0x9b, 0xb0,
  0xb0, 0x2b, 0xd9, 0x55, 0x9d, 0x6c, 0xd0, 0x01, 0xc2, 0x51, 0x07, 0xbf,
  0xfe, 0x99, 0x0c, 0x31, 0x00, 0x00, 0x00, 0x00, 0x49, 0x45, 0x4e, 0x44,
  0xae, 0x42, 0x60, 0x82
};
static const unsigned char asset_142[] = {
  0x89, 0x50, 0x4e, 0x47, 0x0d, 0x0a, 0x1a, 0x0a, 0x00, 0x00, 0x00, 0x0d,
  0x49, 0x48, 0x44, 0x52, 0x00, 0x00, 0x00, 0x10, 0x00, 0x00, 0x00, 0x10,
  0x01, 0x03, 0x00, 0x00, 0x00, 0x25, 0x3d, 0x6d, 0x22, 0x00, 0x00, 0x00,
  0x06, 0x50, 0x4c, 0x54, 0x45, 0x03, 0x03, 0x03, 0xff, 0xff, 0xff, 0x76,
  0x58, 0x38, 0x4d, 0x00, 0x00, 0x00, 0x30, 0x49, 0x44, 0x41, 0x54, 0x78,
  0x5e, 0x3d, 0xc7, 0xc1, 0x09, 0x00, 0x21, 0x10, 0xc0, 0xc0, 0x59, 0x5f,
  0xf7, 0xd2, 0xab, 0xc0, 0x9a, 0xec, 0xc8, 0x56, 0xad, 0xc0, 0x12, 0x44,
  0xf6, 0x63, 0x08, 0x81, 0x78, 0xcc, 0x43, 0xf1, 0xa5, 0x94, 0xdc, 0xd6,
  0xd5, 0x9d, 0x8d, 0x21, 0x7e, 0x16, 0x2e, 0x78, 0x80, 0x05, 0xab, 0x0e,
  0x13, 0x8a, 0xc4, 0x00, 0x00, 0x00, 0x00, 0x49, 0x45, 0x4e, 0x44, 0xae,
  0x42, 0x60, 0x82
};
static const unsigned char asset_143[] = {
  0x89, 0x50, 0x4e, 0x47, 0x0d, 0x0a, 0x1a, 0x0a, 0x00, 0x00, 0x00, 0x0d,
  0x49, 0x48, 0x44, 0x52, 0x00, 0x00, 0x00, 0x10, 0x00, 0x00, 0x00, 0x10,
  0x01, 0x03, 0x00, 0x00, 0x00, 0x25, 0x3d, 0x6d, 0x22, 0x00, 0x00, 0x00,
  0x06, 0x50, 0x4c, 0x54, 0x45, 0x03, 0x03, 0x03, 0xff, 0xff, 0xff, 0x76,
  0x58, 0x38, 0x4d, 0x00, 0x00, 0x00, 0x31, 0x49, 0x44, 0x41, 0x54, 0x78,
  0x5e, 0x3d, 0x8a, 0xa1, 0x0d, 0x00, 0x20, 0x10, 0xc4, 0x3a, 0x01, 0x04,
  0x4f, 0xc2, 0x1a, 0x88, 0xfb, 0x9d, 0x7e, 0x0c, 0x86, 0x62, 0x28, 0x24,
  0x12, 0xde, 0x7c, 0xd3, 0x54, 0x95, 0x44, 0xc2, 0x76, 0xb4, 0x4f, 0x8a,
  0xd3, 0x16, 0xe3, 0x86, 0x40, 0x3d, 0x79, 0x3d, 0x95, 0x1e, 0x06, 0x82,
  0xb9, 0xb9, 0xd3, 0xbf, 0x00, 0x00, 0x00, 0x00, 0x49, 0x45, 0x4e, 0x44,
  0xae, 0x42, 0x60, 0x82
};
static const unsigned char asset_144[] = {
  0x89, 0x50, 0x4e, 0x47, 0x0d, 0x0a, 0x1a, 0x0a, 0x00, 0x00, 0x00, 0x0d,
  0x49, 0x48, 0x44, 0x52, 0x00, 0x00, 0x00, 0x10, 0x00, 0x00, 0x00, 0x10,
  0x01, 0x03, 0x00, 0x00, 0x00, 0x25, 0x3d, 0x6d, 0x22, 0x00, 0x00, 0x00,
  0x06, 0x50, 0x4c, 0x54, 0x45, 0x03, 0x03, 0x03, 0xff, 0xff, 0xff, 0x76,
  0x58, 0x38, 0x4d, 0x00, 0x00, 0x00, 0x33, 0x49, 0x44, 0x41, 0x54, 0x78,
  0x5e, 0x3d, 0xca, 0xa1, 0x11, 0x00, 0x20, 0x0c, 0xc5, 0xd0, 0x38, 0x1c,
  0x2b, 0x20, 0xbb, 0x01, 0x87, 0xe0, 0xe8, 0xea, 0x0c, 0xc0, 0x30, 0xc8,
  0x8a, 0x2f, 0x40, 0x35, 0xf7, 0x64, 0xc8, 0x0a, 0xd4, 0x4d, 0xbb, 0xb8,
  0xe8, 0x93, 0xf5, 0x0d, 0x2c, 0x30, 0xe1, 0x27, 0xaf, 0x07, 0xab, 0x0b,
  0x07, 0xcf, 0xec, 0x56, 0x10, 0xa5, 0x00, 0x00, 0x00, 0x00, 0x49, 0x45,
  0x4e, 0x44, 0xae, 0x42, 0x60, 0x82
};
static const unsigned char asset_145[] = {
  0x89, 0x50, 0x4e, 0x47, 0x0d, 0x0a, 0x1a, 0x0a, 0x00, 0x00, 0x00, 0x0d,
  0x49, 0x48, 0x44, 0x52, 0x00, 0x00, 0x00, 0x10, 0x00, 0x00, 0x00, 0x10,
  0x01, 0x03, 0x00, 0x00, 0x00, 0x25, 0x3d, 0x6d, 0x22, 0x00, 0x00, 0x00,
  0x06, 0x50, 0x4c, 0x54, 0x45, 0x03, 0x03, 0x03, 0xff, 0xff, 0xff, 0x76,
  0x58, 0x38, 0x4d, 0x00, 0x00, 0x00, 0x28, 0x49, 0x44, 0x41, 0x54, 0x78,
  0x5e, 0x4d, 0xc6, 0xb1, 0x09, 0x00, 0x00, 0x08, 0xc4, 0xc0, 0x94, 0x6e,
  0xe5, 0x50, 0x96, 0x16, 0x2e, 0xf6, 0x83, 0x38, 0x8e, 0x20, 0x08, 0x1e,
  0x29, 0xc2, 0xe7, 0x4d, 0x89, 0x10, 0x06, 0xb9, 0x53, 0xd7, 0x19, 0xd2,
  0x27, 0x09, 0xa1, 0xb5, 0x52, 0x9d, 0xdd, 0x00, 0x00, 0x00, 0x00, 0x49,
  0x45, 0x4e, 0x44, 0xae, 0x42, 0x60, 0x82
};
static const unsigned char asset_146[] = {
  0x89, 0x50, 0x4e, 0x47, 0x0d, 0x0a, 0x1a, 0x0a, 0x00, 0x00, 0x00, 0x0d,
  0x49, 0x48, 0x44, 0x52, 0x00, 0x00, 0x00, 0x10, 0x00, 0x00, 0x00, 0x10,
  0x01, 0x03, 0x00, 0x00, 0x00, 0x25, 0x3d, 0x6d, 0x22, 0x00, 0x00, 0x00,
  0x06, 0x50, 0x4c, 0x54, 0x45, 0x03, 0x03, 0x03, 0xff, 0xff, 0xff, 0x76,
  0x58, 0x38, 0x4d, 0x00, 0x00, 0x00, 0x23, 0x49, 0x44, 0x41, 0x54, 0x78,
  0x5e, 0x55, 0xc2, 0xc1, 0x0d, 0x00, 0x00, 0x04, 0x00, 0xb1, 0x7b, 0x08,
  0x4b, 0xda, 0xc2, 0x00, 0x16, 0x33, 0x9c, 0x87, 0x88, 0x68, 0xca, 0x30,
  0x47, 0xf4, 0x46, 0x91, 0xff, 0x6a, 0x97, 0xc8, 0x07, 0xe2, 0x53, 0x18,
  0x3c, 0xca, 0x00, 0x00, 0x00, 0x00, 0x49, 0x45, 0x4e, 0x44, 0xae, 0x42,
  0x60, 0x82
};
static const unsigned char asset_147[] = {
  0x89, 0x50, 0x4e, 0x47, 0x0d, 0x0a, 0x1a, 0x0a, 0x00, 0x00, 0x00, 0x0d,
  0x49, 0x48, 0x44, 0x52, 0x00, 0x00, 0x00, 0x10, 0x00, 0x00, 0x00, 0x10,
  0x01, 0x03, 0x00, 0x00, 0x00, 0x25, 0x3d, 0x6d, 0x22, 0x00, 0x00, 0x00,
  0x06, 0x50, 0x4c, 0x54, 0x45, 0x03, 0x03, 0x03, 0xff, 0xff, 0xff, 0x76,
  0x58, 0x38, 0x4d, 0x00, 0x00, 0x00, 0x36, 0x49, 0x44, 0x41, 0x54, 0x78,
  0x5e, 0x25, 0xc6, 0xb1, 0x09, 0x00, 0x20, 0x0c, 0x00, 0xc1, 0x07, 0x05,
  0x53, 0x08, 0x66, 0x00, 0x05, 0x47, 0xb0, 0xb4, 0xc8, 0xe0, 0x8e, 0xe3,
  0x08, 0x19, 0x41, 0x82, 0x70, 0xc5, 0x01, 0x24, 0xa7, 0x5c, 0x9a, 0x23,
  0x8a, 0xca, 0x17, 0xcf, 0x93, 0x71, 0x30, 0x0b, 0xbb, 0xb3, 0x2a, 0xf0,
  0x00, 0x9e, 0x6e, 0x05, 0xcb, 0x3c, 0xe3, 0x30, 0x28, 0x00, 0x00, 0x00,
  0x00, 0x49, 0x45, 0x4e, 0x44, 0xae, 0x42, 0x60, 0x82
};
static const unsigned char asset_148[] = {
  0x89, 0x50, 0x4e, 0x47, 0x0d, 0x0a, 0x1a, 0x0a, 0x00, 0x00, 0x00, 0x0d,
  0x49, 0x48, 0x44, 0x52, 0x00, 0x00, 0x00, 0x10, 0x00, 0x00, 0x00, 0x10,
  0x01, 0x03, 0x00, 0x00, 0x00, 0x25, 0x3d, 0x6d, 0x22, 0x00, 0x00, 0x00,
  0x06, 0x50, 0x4c, 0x54, 0x45, 0x03, 0x03, 0x03, 0xff, 0xff, 0xff, 0x76,
  0x58, 0x38, 0x4d, 0x00, 0x00, 0x00, 0x36, 0x49, 0x44, 0x41, 0x54, 0x78,
  0x5e, 0x2d, 0xca, 0xa1, 0x0d, 0x00, 0x20, 0x0c, 0x05, 0xd1, 0x23, 0x15,
  0x95, 0xdd, 0x80, 0x19, 0x90, 0x7f, 0x3c, 0x06, 0x60, 0x2c, 0x06, 0x41,
  0x30, 0x04, 0x02, 0x41, 0x48, 0x7a, 0x79, 0xf2, 0xc8, 0x0e, 0xe5, 0x7e,
  0xb6, 0xb1, 0x89, 0x0f, 0x5c, 0xc4, 0x22, 0x3a, 0x15, 0x04, 0x2d, 0xbf,
  0x07, 0xd3, 0x0a, 0x07, 0x77, 0xeb, 0xa4, 0xe8, 0xb5, 0x00, 0x00, 0x00,
  0x00, 0x49, 0x45, 0x4e, 0x44, 0xae, 0x42, 0x60, 0x82
};
static const unsigned char asset_149[] = {
  0x89, 0x50, 0x4e, 0x47, 0x0d, 0x0a, 0x1a, 0x0a, 0x00, 0x00, 0x00, 0x0d,
  0x49, 0x48, 0x44, 0x52, 0x00, 0x00, 0x00, 0x10, 0x00, 0x00, 0x00, 0x10,
  0x01, 0x03, 0x00, 0x00, 0x00, 0x25, 0x3d, 0x6d, 0x22, 0x00, 0x00, 0x00,
  0x06, 0x50, 0x4c, 0x54, 0x45, 0x03, 0x03, 0x03, 0xff, 0xff, 0xff, 0x76,
  0x58, 0x38, 0x4d, 0x00, 0x00, 0x00, 0x2c, 0x49, 0x44, 0x41, 0x54, 0x78,
  0x5e, 0x05, 0xc0, 0x01, 0x09, 0xc0, 0x20, 0x10, 0x05, 0xd0, 0x97, 0x60,
  0xae, 0x81, 0x4d, 0x2e, 0xd9, 0x07, 0xc5, 0x64, 0x26, 0x3b, 0x04, 0x30,
  0xb6, 0x79, 0xcd, 0x6d, 0xc4, 0xdf, 0xbe, 0x26, 0x1c, 0xa2, 0x8e, 0x15,
  0x8b, 0x82, 0x07, 0xca, 0x6b, 0x08, 0xa5, 0x9c, 0x49, 0x04, 0xa1, 0x00,
  0x00, 0x00, 0x00, 0x49, 0x45, 0x4e, 0x44, 0xae, 0x42, 0x60, 0x82
};
static const unsigned char asset_150[] = {
  0x89, 0x50, 0x4e, 0x47, 0x0d, 0x0a, 0x1a, 0x0a, 0x00, 0x00, 0x00, 0x0d,
  0x49, 0x48, 0x44, 0x52, 0x00, 0x00, 0x00, 0x10, 0x00, 0x00, 0x00, 0x10,
  0x01, 0x03, 0x00, 0x00, 0x00, 0x25, 0x3d, 0x6d, 0x22, 0x00, 0x00, 0x00,
  0x06, 0x50, 0x4c, 0x54, 0x45, 0x03, 0x03, 0x03, 0xff, 0xff, 0xff, 0x76,
  0x58, 0x38, 0x4d, 0x00, 0x00, 0x00, 0x37, 0x49, 0x44, 0x41, 0x54, 0x78,
  0x5e, 0x25, 0x8a, 0xb1, 0x0d, 0x00, 0x21, 0x0c, 0xc4, 0x7c, 0x20, 0x51,
  0x31, 0x40, 0x0a, 0x86, 0xa0, 0xfc, 0x71, 0x18, 0x25, 0x63, 0x30, 0xe6,
  0x97, 0x94, 0x10, 0xe5, 0x64, 0x9d, 0x5c, 0x98, 0x9c, 0x7e, 0xea, 0x41,
  0x3b, 0x28, 0xcf, 0x1d, 0x33, 0xda, 0x42, 0x1e, 0xff, 0x0d, 0x66, 0xcf,
  0xf0, 0x02, 0xb6, 0xaf, 0x06, 0xa1, 0xe2, 0x1f, 0x7f, 0xff, 0x00, 0x00,
  0x00, 0x00, 0x49, 0x45, 0x4e, 0x44, 0xae, 0x42, 0x60, 0x82
};
static const unsigned char asset_151[] = {
  0x89, 0x50, 0x4e, 0x47, 0x0d, 0x0a, 0x1a, 0x0a, 0x00, 0x00, 0x00, 0x0d,
  0x49, 0x48, 0x44, 0x52, 0x00, 0x00, 0x00, 0x10, 0x00, 0x00, 0x00, 0x10,
  0x01, 0x03, 0x00, 0x00, 0x00, 0x25, 0x3d, 0x6d, 0x22, 0x00, 0x00, 0x00,
  0x06, 0x50, 0x4c, 0x54, 0x45, 0x03, 0x03, 0x03, 0xff, 0xff, 0xff, 0x76,
  0x58, 0x38, 0x4d, 0x00, 0x00, 0x00, 0x24, 0x49, 0x44, 0x41, 0x54, 0x78,
  0x5e, 0x65, 0xc9, 0x31, 0x11, 0x00, 0x00, 0x08, 0x03, 0xb1, 0x77, 0xc2,
  0xb1, 0xb2, 0x62, 0x05, 0x49, 0xc8, 0x43, 0x50, 0x47, 0x04, 0x34, 0x6b,
  0x70, 0xb9, 0xf4, 0x51, 0x43, 0x08, 0xf3, 0x4b, 0x49, 0x03, 0x3a, 0xcf,
  0x2c, 0xe9, 0xa4, 0x00, 0x00, 0x00, 0x00, 0x49, 0x45, 0x4e, 0x44, 0xae,
  0x42, 0x60, 0x82
};
static const unsigned char asset_152[] = {
  0x89, 0x50, 0x4e, 0x47, 0x0d, 0x0a, 0x1a, 0x0a, 0x00, 0x00, 0x00, 0x0d,
  0x49, 0x48, 0x44, 0x52, 0x00, 0x00, 0x00, 0x10, 0x00, 0x00, 0x00, 0x10,
  0x01, 0x03, 0x00, 0x00, 0x00, 0x25, 0x3d, 0x6d, 0x22, 0x00, 0x00, 0x00,
  0x06, 0x50, 0x4c, 0x54, 0x45, 0x03, 0x03, 0x03, 0xff, 0xff, 0xff, 0x76,
  0x58, 0x38, 0x4d, 0x00, 0x00, 0x00, 0x33, 0x49, 0x44, 0x41, 0x54, 0x78,
  0x5e, 0x3d, 0xca, 0xa1, 0x0d, 0x00, 0x20, 0x0c, 0x45, 0xc1, 0x07, 0x09,
  0x09, 0x09, 0xe6, 0x2b, 0x2a, 0x61, 0x14, 0x46, 0x43, 0x32, 0x1a, 0xa3,
  0x30, 0x42, 0x25, 0xae, 0xa7, 0x8f, 0x90, 0x9c, 0xec, 0x94, 0x47, 0xbb,
  0xd8, 0xc1, 0x2a, 0x5d, 0x68, 0xa2, 0xc5, 0xd8, 0xb1, 0x3e, 0x9c, 0x07,
  0x05, 0xb7, 0x7b, 0xb9, 0xf9, 0x5c, 0x00, 0x00, 0x00, 0x00, 0x49, 0x45,
  0x4e, 0x44, 0xae, 0x42, 0x60, 0x82
};
static const unsigned char asset_153[] = {
  0x89, 0x50, 0x4e, 0x47, 0x0d, 0x0a, 0x1a, 0x0a, 0x00, 0x00, 0x00, 0x0d,
  0x49, 0x48, 0x44, 0x52, 0x00, 0x00, 0x00, 0x10, 0x00, 0x00, 0x00, 0x10,
  0x01, 0x03, 0x00, 0x00, 0x00, 0x25, 0x3d, 0x6d, 0x22, 0x00, 0x00, 0x00,
  0x06, 0x50, 0x4c, 0x54, 0x45, 0x03, 0x03, 0x03, 0xff, 0xff, 0xff, 0x76,
  0x58, 0x38, 0x4d, 0x00, 0x00, 0x00, 0x40, 0x49, 0x44, 0x41, 0x54, 0x78,
  0x5e, 0x15, 0xc2, 0xa1, 0x0d, 0xc0, 0x20, 0x14, 0x40, 0xc1, 0x47, 0x10,
  0x60, 0x1a, 0x58, 0xe0, 0xcf, 0x50, 0x87, 0x05, 0x59, 0xd9, 0x81, 0x10,
  0x8c, 0xc3, 0x08, 0x48, 0x46, 0x61, 0x80, 0x8a, 0x0a, 0x06, 0x20, 0xff,
  0x72, 0xa8, 0x82, 0x69, 0xd8, 0x49, 0xf8, 0x91, 0x4e, 0xaa, 0xe4, 0x0f,
  0x19, 0xdc, 0x9b, 0xe8, 0x91, 0x47, 0x5f, 0x2f, 0x6e, 0x01, 0x07, 0xdf,
  0x9b, 0x09, 0x44, 0x01, 0x3d, 0x62, 0x7e, 0x00, 0x00, 0x00, 0x00, 0x49,
  0x45, 0x4e, 0x44, 0xae, 0x42, 0x60, 0x82
};
static const unsigned char asset_154[] = {
  0x89, 0x50, 0x4e, 0x47, 0x0d, 0x0a, 0x1a, 0x0a, 0x00, 0x00, 0x00, 0x0d,
  0x49, 0x48, 0x44, 0x52, 0x00, 0x00, 0x00, 0x10, 0x00, 0x00, 0x00, 0x10,
  0x01, 0x03, 0x00, 0x00, 0x00, 0x25, 0x3d, 0x6d, 0x22, 0x00, 0x00, 0x00,
  0x06, 0x50, 0x4c, 0x54, 0x45, 0x03, 0x03, 0x03, 0xff, 0xff, 0xff, 0x76,
  0x58, 0x38, 0x4d, 0x00, 0x00, 0x00, 0x2b, 0x49, 0x44, 0x41, 0x54, 0x78,
  0x5e, 0x45, 0xc2, 0xb1, 0x0d, 0x00, 0x10, 0x10, 0x00, 0xc0, 0x4b, 0xbe,
  0xd0, 0xa9, 0x45, 0xd8, 0xcd, 0x68, 0x46, 0xf8, 0x11, 0x8c, 0x46, 0xe7,
  0x72, 0xbe, 0x26, 0xde, 0xcd, 0x11, 0x4b, 0x49, 0x35, 0x4d, 0x3a, 0x03,
  0x80, 0x0b, 0x5c, 0x25, 0x03, 0xc2, 0x99, 0x11, 0x4f, 0xd1, 0x00, 0x00,
  0x00, 0x00, 0x49, 0x45, 0x4e, 0x44, 0xae, 0x42, 0x60, 0x82
};
static const unsigned char asset_155[] = {
  0x89, 0x50, 0x4e, 0x47, 0x0d, 0x0a, 0x1a, 0x0a, 0x00, 0x00, 0x00, 0x0d,
  0x49, 0x48, 0x44, 0x52, 0x00, 0x00, 0x00, 0x10, 0x00, 0x00, 0x00, 0x10,
  0x01, 0x03, 0x00, 0x00, 0x00, 0x25, 0x3d, 0x6d, 0x22, 0x00, 0x00, 0x00,
  0x06, 0x50, 0x4c, 0x54, 0x45, 0x03, 0x03, 0x03, 0xff, 0xff, 0xff, 0x76,
  0x58, 0x38, 0x4d, 0x00, 0x00, 0x00, 0x34, 0x49, 0x44, 0x41, 0x54, 0x78,
  0x5e, 0x25, 0x89, 0xa1, 0x0d, 0x00, 0x20, 0x0c, 0xc0, 0xea, 0x58, 0x82,
  0x60, 0x8e, 0x19, 0xc2, 0xff, 0x1f, 0x70, 0x06, 0x27, 0x20, 0x91, 0x48,
  0x24, 0x03, 0xaa, 0xda, 0x14, 0x40, 0x05, 0x51, 0xc2, 0x20, 0x76, 0x4a,
  0xa3, 0x6e, 0xd2, 0x22, 0x4f, 0xcc, 0xdc, 0x7f, 0xde, 0xfb, 0x38, 0xe1,
  0xfb, 0x0a, 0x21, 0xd0, 0x35, 0x73, 0x67, 0x00, 0x00, 0x00, 0x00, 0x49,
  0x45, 0x4e, 0x44, 0xae, 0x42, 0x60, 0x82
};
static const unsigned char asset_156[] = {
  0x89, 0x50, 0x4e, 0x47, 0x0d, 0x0a, 0x1a, 0x0a, 0x00, 0x00, 0x00, 0x0d,
  0x49, 0x48, 0x44, 0x52, 0x00, 0x00, 0x00, 0x10, 0x00, 0x00, 0x00, 0x10,
  0x01, 0x03, 0x00, 0x00, 0x00, 0x25, 0x3d, 0x6d, 0x22, 0x00, 0x00, 0x00,
  0x06, 0x50, 0x4c, 0x54, 0x45, 0x03, 0x03, 0x03, 0xff, 0xff, 0xff, 0x76,
  0x58, 0x38, 0x4d, 0x00, 0x00, 0x00, 0x35, 0x49, 0x44, 0x41, 0x54, 0x78,
  0x5e, 0x1d, 0xc2, 0xb1, 0x09, 0xc0, 0x20, 0x10, 0x00, 0xc0, 0x83, 0x0c,
  0x90, 0xd6, 0xea, 0x67, 0xd0, 0x3a, 0x8d, 0x93, 0xc8, 0x0f, 0xe0, 0x00,
  0xa9, 0xc4, 0xd1, 0x1c, 0x2d, 0x10, 0x38, 0x50, 0x88, 0x5f, 0x25, 0x5d,
  0xc7, 0x9d, 0x1e, 0x46, 0xb7, 0xba, 0xb9, 0xbd, 0x5b, 0x23, 0xe0, 0x03,
  0x75, 0xec, 0x05, 0xe1, 0x6c, 0x53, 0xd6, 0x49, 0x00, 0x00, 0x00, 0x00,
  0x49, 0x45, 0x4e, 0x44, 0xae, 0x42, 0x60, 0x82
};
static const unsigned char asset_157[] = {
  0x89, 0x50, 0x4e, 0x47, 0x0d, 0x0a, 0x1a, 0x0a, 0x00, 0x00, 0x00, 0x0d,
  0x49, 0x48, 0x44, 0x52, 0x00, 0x00, 0x00, 0x10, 0x00, 0x00, 0x00, 0x10,
  0x01, 0x03, 0x00, 0x00, 0x00, 0x25, 0x3d, 0x6d, 0x22, 0x00, 0x00, 0x00,
  0x06, 0x50, 0x4c, 0x54, 0x45, 0x03, 0x03, 0x03, 0xff, 0xff, 0xff, 0x76,
  0x58, 0x38, 0x4d, 0x00, 0x00, 0x00, 0x31, 0x49, 0x44, 0x41, 0x54, 0x78,
  0x5e, 0x25, 0x89, 0x31, 0x11, 0x00, 0x20, 0x0c, 0xc4, 0x72, 0xd7, 0x81,
  0x11, 0x05, 0x80, 0x0d, 0xa4, 0x21, 0x0f, 0x29, 0x48, 0xe8, 0xf8, 0x23,
  0xb4, 0xe4, 0x32, 0x25, 0x7c, 0x6c, 0x53, 0x0e, 0xd5, 0x31, 0xa7, 0x4d,
  0xba, 0xc2, 0xb1, 0x52, 0xbd, 0x1e, 0x37, 0xb9, 0xef, 0xab, 0x0a, 0x49,
  0xa9, 0x1e, 0x99, 0x5f, 0x00, 0x00, 0x00, 0x00, 0x49, 0x45, 0x4e, 0x44,
  0xae, 0x42, 0x60, 0x82
};
static const unsigned char asset_158[] = {
  0x89, 0x50, 0x4e, 0x47, 0x0d, 0x0a, 0x1a, 0x0a, 0x00, 0x00, 0x00, 0x0d,
  0x49, 0x48, 0x44, 0x52, 0x00, 0x00, 0x00, 0x10, 0x00, 0x00, 0x00, 0x10,
  0x01, 0x03, 0x00, 0x00, 0x00, 0x25, 0x3d, 0x6d, 0x22, 0x00, 0x00, 0x00,
  0x06, 0x50, 0x4c, 0x54, 0x45, 0x03, 0x03, 0x03, 0xff, 0xff, 0xff, 0x76,
  0x58, 0x38, 0x4d, 0x00, 0x00, 0x00, 0x3c, 0x49, 0x44, 0x41, 0x54, 0x78,
  0x5e, 0x05, 0xc0, 0x21, 0x0e, 0x80, 0x20, 0x00, 0x00, 0xc0, 0xdb, 0x28,
  0x36, 0x9a, 0xb3, 0xf1, 0x05, 0x13, 0xa3, 0x59, 0x7c, 0x92, 0xc1, 0xc0,
  0xc3, 0x8c, 0x46, 0x9f, 0x62, 0x34, 0x10, 0x08, 0x04, 0x07, 0x08, 0xb7,
  0xf8, 0x59, 0xba, 0xf9, 0x94, 0xab, 0xf5, 0x50, 0x5e, 0xdb, 0x90, 0x2e,
  0xe9, 0x11, 0x9b, 0xb0, 0x33, 0xe1, 0x07, 0xf3, 0x39, 0x0a, 0x22, 0xcb,
  0x4a, 0x9a, 0x66, 0x00, 0x00, 0x00, 0x00, 0x49, 0x45, 0x4e, 0x44, 0xae,
  0x42, 0x60, 0x82
};
static const unsigned char asset_159[] = {
  0x89, 0x50, 0x4e, 0x47, 0x0d, 0x0a, 0x1a, 0x0a, 0x00, 0x00, 0x00, 0x0d,
  0x49, 0x48, 0x44, 0x52, 0x00, 0x00, 0x00, 0x10, 0x00, 0x00, 0x00, 0x10,
  0x01, 0x03, 0x00, 0x00, 0x00, 0x25, 0x3d, 0x6d, 0x22, 0x00, 0x00, 0x00,
  0x06, 0x50, 0x4c, 0x54, 0x45, 0x03, 0x03, 0x03, 0xff, 0xff, 0xff, 0x76,
  0x58, 0x38, 0x4d, 0x00, 0x00, 0x00, 0x39, 0x49, 0x44, 0x41, 0x54, 0x78,
  0x5e, 0x45, 0xc2, 0xa1, 0x0d, 0x80, 0x30, 0x10, 0x00, 0xc0, 0x53, 0x98,
  0x06, 0xdd, 0x0e, 0xd3, 0x04, 0xc9, 0x1a, 0x75, 0x18, 0x56, 0x68, 0x58,
  0x89, 0x11, 0x7e, 0x14, 0x46, 0xa8, 0xaa, 0x26, 0xc1, 0x70, 0x39, 0xbf,
  0x62, 0x39, 0xad, 0x53, 0x1a, 0xf2, 0x63, 0xfb, 0xf6, 0x70, 0x85, 0xfd,
  0x76, 0x34, 0x15, 0x5e, 0xca, 0x56, 0x0a, 0x34, 0x62, 0x15, 0x62, 0x74,
  0x00, 0x00, 0x00, 0x00, 0x49, 0x45, 0x4e, 0x44, 0xae, 0x42, 0x60, 0x82
};
static const unsigned char asset_160[] = {
  0x89, 0x50, 0x4e, 0x47, 0x0d, 0x0a, 0x1a, 0x0a, 0x00, 0x00, 0x00, 0x0d,
  0x49, 0x48, 0x44, 0x52, 0x00, 0x00, 0x00, 0x10, 0x00, 0x00, 0x00, 0x10,
  0x01, 0x03, 0x00, 0x00, 0x00, 0x25, 0x3d, 0x6d, 0x22, 0x00, 0x00, 0x00,
  0x06, 0x50, 0x4c, 0x54, 0x45, 0x03, 0x03, 0x03, 0xff, 0xff, 0xff, 0x76,
  0x58, 0x38, 0x4d, 0x00, 0x00, 0x00, 0x34, 0x49, 0x44, 0x41, 0x54, 0x78,
  0x5e, 0x3d, 0xc7, 0xa1, 0x0d, 0x00, 0x20, 0x0c, 0x45, 0xc1, 0xb7, 0x49,
  0x13, 0x26, 0x00, 0x57, 0x43, 0x58, 0x81, 0x91, 0x90, 0x8c, 0xc2, 0x28,
  0x8c, 0x53, 0xf9, 0x25, 0x41, 0xc0, 0xb9, 0xe3, 0xb3, 0x41, 0x09, 0xf2,
  0xc4, 0x37, 0x26, 0xd2, 0xc2, 0xa1, 0x76, 0x9a, 0x6e, 0x9f, 0x03, 0xc5,
  0xe5, 0x08, 0x6d, 0xf3, 0x58, 0x98, 0x16, 0x00, 0x00, 0x00, 0x00, 0x49,
  0x45, 0x4e, 0x44, 0xae, 0x42, 0x60, 0x82
};
static const unsigned char asset_161[] = {
  0x89, 0x50, 0x4e, 0x47, 0x0d, 0x0a, 0x1a, 0x0a, 0x00, 0x00, 0x00, 0x0d,
  0x49, 0x48, 0x44, 0x52, 0x00, 0x00, 0x00, 0x10, 0x00, 0x00, 0x00, 0x10,
  0x01, 0x03, 0x00, 0x00, 0x00, 0x25, 0x3d, 0x6d, 0x22, 0x00, 0x00, 0x00,
  0x06, 0x50, 0x4c, 0x54, 0x45, 0x03, 0x03, 0x03, 0xff, 0xff, 0xff, 0x76,
  0x58, 0x38, 0x4d, 0x00, 0x00, 0x00, 0x2f, 0x49, 0x44, 0x41, 0x54, 0x78,
  0x5e, 0x2d, 0xca, 0x31, 0x0a, 0x00, 0x20, 0x10, 0xc4, 0xc0, 0x80, 0xe0,
  0x55, 0x62, 0xbb, 0x95, 0x7e, 0xd3, 0xe7, 0xfa, 0x84, 0x2d, 0x2d, 0x45,
  0xce, 0x30, 0x65, 0xc8, 0x2a, 0x04, 0x14, 0x68, 0x66, 0x2c, 0x24, 0xe6,
  0xf9, 0xba, 0x9f, 0xd8, 0x39, 0x5e, 0x92, 0x72, 0x07, 0xfe, 0x1a, 0x36,
  0xda, 0x38, 0x00, 0x00, 0x00, 0x00, 0x49, 0x45, 0x4e, 0x44, 0xae, 0x42,
  0x60, 0x82
};
static const unsigned char asset_162[] = {
  0x89, 0x50, 0x4e, 0x47, 0x0d, 0x0a, 0x1a, 0x0a, 0x00, 0x00, 0x00, 0x0d,
  0x49, 0x48, 0x44, 0x52, 0x00, 0x00, 0x00, 0x10, 0x00, 0x00, 0x00, 0x10,
  0x01, 0x03, 0x00, 0x00, 0x00, 0x25, 0x3d, 0x6d, 0x22, 0x00, 0x00, 0x00,
  0x06, 0x50, 0x4c, 0x54, 0x45, 0x03, 0x03, 0x03, 0xff, 0xff, 0xff, 0x76,
  0x58, 0x38, 0x4d, 0x00, 0x00, 0x00, 0x2d, 0x49, 0x44, 0x41, 0x54, 0x78,
  0x5e, 0x45, 0xc9, 0xb1, 0x0d, 0x00, 0x20, 0x08, 0x05, 0xd1, 0xeb, 0xfc,
  0x09, 0x0d, 0x89, 0x05, 0x2b, 0x5b, 0x32, 0x16, 0x63, 0x30, 0x8a, 0xb1,
  0x50, 0x5f, 0xae, 0x3b, 0x9e, 0xd1, 0x58, 0x12, 0xf5, 0x9b, 0x0b, 0x17,
  0xf2, 0xb3, 0xae, 0x0d, 0xaa, 0x5e, 0x06, 0xb1, 0xb4, 0x76, 0x08, 0xff,
  0x00, 0x00, 0x00, 0x00, 0x49, 0x45, 0x4e, 0x44, 0xae, 0x42, 0x60, 0x82
};
static const unsigned char asset_163[] = {
  0x89, 0x50, 0x4e, 0x47, 0x0d, 0x0a, 0x1a, 0x0a, 0x00, 0x00, 0x00, 0x0d,
  0x49, 0x48, 0x44, 0x52, 0x00, 0x00, 0x00, 0x10, 0x00, 0x00, 0x00, 0x10,
  0x01, 0x03, 0x00, 0x00, 0x00, 0x25, 0x3d, 0x6d, 0x22, 0x00, 0x00, 0x00,
  0x06, 0x50, 0x4c, 0x54, 0x45, 0x03, 0x03, 0x03, 0xff, 0xff, 0xff, 0x76,
  0x58, 0x38, 0x4d, 0x00, 0x00, 0x00, 0x27, 0x49, 0x44, 0x41, 0x54, 0x78,
  0x5e, 0x65, 0xc9, 0x31, 0x11, 0x00, 0x30, 0x08, 0x04, 0xc1, 0xeb, 0x12,
  0x11, 0x78, 0xa1, 0x45, 0x12, 0x7a, 0x90, 0xf6, 0x42, 0x18, 0x7a, 0xd8,
  0x76, 0xb9, 0xbc, 0x49, 0x11, 0xe2, 0x17, 0xcf, 0x56, 0x0e, 0x6e, 0x1e,
  0x04, 0x8f, 0x11, 0x1d, 0x19, 0x25, 0x00, 0x00, 0x00, 0x00, 0x49, 0x45,
  0x4e, 0x44, 0xae, 0x42, 0x60, 0x82
};
static const unsigned char asset_164[] = {
  0x89, 0x50, 0x4e, 0x47, 0x0d, 0x0a, 0x1a, 0x0a, 0x00, 0x00, 0x00, 0x0d,
  0x49, 0x48, 0x44, 0x52, 0x00, 0x00, 0x00, 0x10, 0x00, 0x00, 0x00, 0x10,
  0x01, 0x03, 0x00, 0x00, 0x00, 0x25, 0x3d, 0x6d, 0x22, 0x00, 0x00, 0x00,
  0x06, 0x50, 0x4c, 0x54, 0x45, 0x03, 0x03, 0x03, 0xff, 0xff, 0xff, 0x76,
  0x58, 0x38, 0x4d, 0x00, 0x00, 0x00, 0x2f, 0x49, 0x44, 0x41, 0x54, 0x78,
  0x5e, 0x15, 0xc2, 0x51, 0x0d, 0x80, 0x30, 0x14, 0x04, 0xb0, 0x8a, 0x40,
  0x04, 0x41, 0xc3, 0x7d, 0x3d, 0x0d, 0xb3, 0xc3, 0xe1, 0x0c, 0x69, 0x84,
  0xac, 0x29, 0x38, 0xb9, 0xf6, 0xe3, 0xb5, 0x3e, 0x6b, 0xdc, 0xf1, 0xd4,
  0x54, 0x46, 0xa3, 0x0c, 0x81, 0x1f, 0xbb, 0x7f, 0x07, 0xe1, 0xc4, 0xc3,
  0xa0, 0x53, 0x00, 0x00, 0x00, 0x00, 0x49, 0x45, 0x4e, 0x44, 0xae, 0x42,
  0x60, 0x82
};
static const unsigned char asset_165[] = {
  0x89, 0x50, 0x4e, 0x47, 0x0d, 0x0a, 0x1a, 0x0a, 0x00, 0x00, 0x00, 0x0d,
  0x49, 0x48, 0x44, 0x52, 0x00, 0x00, 0x00, 0x10, 0x00, 0x00, 0x00, 0x10,
  0x01, 0x03, 0x00, 0x00, 0x00, 0x25, 0x3d, 0x6d, 0x22, 0x00, 0x00, 0x00,
  0x06, 0x50, 0x4c, 0x54, 0x45, 0x03, 0x03, 0x03, 0xff, 0xff, 0xff, 0x76,
  0x58, 0x38, 0x4d, 0x00, 0x00, 0x00, 0x35, 0x49, 0x44, 0x41, 0x54, 0x78,
  0x5e, 0x05, 0xc0, 0xa1, 0x0d, 0x80, 0x30, 0x10, 0x00, 0xc0, 0xfb, 0x4f,
  0x43, 0x50, 0x4c, 0xf0, 0x23, 0x20, 0x90, 0x55, 0x9d, 0x85, 0x11, 0x2a,
  0xab, 0x98, 0x8d, 0xc1, 0x10, 0x04, 0xbc, 0xe2, 0x94, 0xa5, 0xed, 0x5a,
  0xc9, 0x21, 0x1e, 0x3e, 0xdb, 0x72, 0x5c, 0x8a, 0xce, 0xe4, 0x86, 0x1f,
  0x71, 0x01, 0x04, 0xd3, 0xe8, 0x8a, 0x03, 0x9b, 0x00, 0x00, 0x00, 0x00,
  0x49, 0x45, 0x4e, 0x44, 0xae, 0x42, 0x60, 0x82
};
static const unsigned char asset_166[] = {
  0x89, 0x50, 0x4e, 0x47, 0x0d, 0x0a, 0x1a, 0x0a, 0x00, 0x00, 0x00, 0x0d,
  0x49, 0x48, 0x44, 0x52, 0x00, 0x00, 0x00, 0x10, 0x00, 0x00, 0x00, 0x10,
  0x01, 0x03, 0x00, 0x00, 0x00, 0x25, 0x3d, 0x6d, 0x22, 0x00, 0x00, 0x00,
  0x06, 0x50, 0x4c, 0x54, 0x45, 0x03, 0x03, 0x03, 0xff, 0xff, 0xff, 0x76,
  0x58, 0x38, 0x4d, 0x00, 0x00, 0x00, 0x34, 0x49, 0x44, 0x41, 0x54, 0x78,
  0x5e, 0x1d, 0xc2, 0x31, 0x0d, 0x80, 0x30, 0x14, 0x05, 0xc0, 0xc3, 0xc2,
  0xc3, 0x4f, 0x6b, 0x8b, 0x91, 0x01, 0x29, 0x8c, 0x15, 0xd0, 0xb1, 0x52,
  0xbe, 0x04, 0x24, 0x10, 0x48, 0x0e, 0x1a, 0x9d, 0xed, 0x94, 0x25, 0x87,
  0x5c, 0x72, 0xcb, 0x90, 0xf9, 0x7b, 0x3e, 0x7b, 0xe9, 0x85, 0x17, 0xc5,
  0x92, 0x0a, 0x0f, 0x05, 0xff, 0xbd, 0x3f, 0x00, 0x00, 0x00, 0x00, 0x49,
  0x45, 0x4e, 0x44, 0xae, 0x42, 0x60, 0x82
};
static const unsigned char asset_167[] = {
  0x89, 0x50, 0x4e, 0x47, 0x0d, 0x0a, 0x1a, 0x0a, 0x00, 0x00, 0x00, 0x0d,
  0x49, 0x48, 0x44, 0x52, 0x00, 0x00, 0x00, 0x10, 0x00, 0x00, 0x00, 0x10,
  0x01, 0x03, 0x00, 0x00, 0x00, 0x25, 0x3d, 0x6d, 0x22, 0x00, 0x00, 0x00,
  0x06, 0x50, 0x4c, 0x54, 0x45, 0x03, 0x03, 0x03, 0xff, 0xff, 0xff, 0x76,
  0x58, 0x38, 0x4d, 0x00, 0x00, 0x00, 0x2e, 0x49, 0x44, 0x41, 0x54, 0x78,
  0x5e, 0x45, 0xca, 0xa1, 0x15, 0x00, 0x20, 0x0c, 0xc4, 0xd0, 0xf0, 0x10,
  0x95, 0x58, 0x06, 0xad, 0x38, 0x89, 0x62, 0xde, 0x13, 0x1d, 0x00, 0x14,
  0x44, 0x44, 0x7d, 0x7e, 0x13, 0x12, 0x8a, 0x66, 0xba, 0x09, 0x33, 0xee,
  0x17, 0x12, 0xb1, 0x1f, 0x3a, 0xa5, 0x9c, 0x07, 0x5f, 0xf7, 0x4c, 0x7f,
  0x5b, 0x00, 0x00, 0x00, 0x00, 0x49, 0x45, 0x4e, 0x44, 0xae, 0x42, 0x60,
  0x82
};
static const unsigned char asset_168[] = {
  0x89, 0x50, 0x4e, 0x47, 0x0d, 0x0a, 0x1a, 0x0a, 0x00, 0x00, 0x00, 0x0d,
  0x49, 0x48, 0x44, 0x52, 0x00, 0x00, 0x00, 0x10, 0x00, 0x00, 0x00, 0x10,
  0x01, 0x03, 0x00, 0x00, 0x00, 0x25, 0x3d, 0x6d, 0x22, 0x00, 0x00, 0x00,
  0x06, 0x50, 0x4c, 0x54, 0x45, 0x03, 0x03, 0x03, 0xff, 0xff, 0xff, 0x76,
  0x58, 0x38, 0x4d, 0x00, 0x00, 0x00, 0x31, 0x49, 0x44, 0x41, 0x54, 0x78,
  0x5e, 0x3d, 0xca, 0xa1, 0x0d, 0x00, 0x20, 0x10, 0xc5, 0xd0, 0xa2, 0x40,
  0x5c, 0x72, 0xe0, 0xbe, 0x63, 0x05, 0x46, 0x44, 0x32, 0x26, 0x23, 0x20,
  0x91, 0x18, 0x72, 0xcd, 0x93, 0x25, 0xca, 0x1b, 0x3f, 0xf4, 0xfb, 0xa5,
  0x49, 0x5b, 0xd4, 0x82, 0x84, 0x8d, 0xb8, 0x1e, 0xbc, 0x6f, 0x06, 0xca,
  0x7d, 0x23, 0x97, 0xd8, 0x00, 0x00, 0x00, 0x00, 0x49, 0x45, 0x4e, 0x44,
  0xae, 0x42, 0x60, 0x82
};
static const unsigned char asset_169[] = {
  0x89, 0x50, 0x4e, 0x47, 0x0d, 0x0a, 0x1a, 0x0a, 0x00, 0x00, 0x00, 0x0d,
  0x49, 0x48, 0x44, 0x52, 0x00, 0x00, 0x00, 0x10, 0x00, 0x00, 0x00, 0x10,
  0x01, 0x03, 0x00, 0x00, 0x00, 0x25, 0x3d, 0x6d, 0x22, 0x00, 0x00, 0x00,
  0x06, 0x50, 0x4c, 0x54, 0x45, 0x03, 0x03, 0x03, 0xff, 0xff, 0xff, 0x76,
  0x58, 0x38, 0x4d, 0x00, 0x00, 0x00, 0x31, 0x49, 0x44, 0x41, 0x54, 0x78,
  0x5e, 0x1d, 0xc6, 0xb1, 0x0d, 0x80, 0x20, 0x10, 0x00, 0xc0, 0xfb, 0x68,
  0xe9, 0x00, 0x04, 0x7e, 0x09, 0x5a, 0xa6, 0xff, 0x51, 0x18, 0x80, 0x21,
  0x34, 0x26, 0x57, 0x1c, 0x44, 0xb9, 0xb6, 0x71, 0x64, 0x7a, 0xda, 0x77,
  0x51, 0x10, 0x4c, 0x16, 0x9d, 0xfb, 0xc7, 0x0b, 0xa9, 0xad, 0x05, 0x3a,
  0xb5, 0x4a, 0x1a, 0x00, 0x00, 0x00, 0x00, 0x00, 0x49, 0x45, 0x4e, 0x44,
  0xae, 0x42, 0x60, 0x82
};
static const unsigned char asset_170[] = {
  0x89, 0x50, 0x4e, 0x47, 0x0d, 0x0a, 0x1a, 0x0a, 0x00, 0x00, 0x00, 0x0d,
  0x49, 0x48, 0x44, 0x52, 0x00, 0x00, 0x00, 0x10, 0x00, 0x00, 0x00, 0x10,
  0x01, 0x03, 0x00, 0x00, 0x00, 0x25, 0x3d, 0x6d, 0x22, 0x00, 0x00, 0x00,
  0x06, 0x50, 0x4c, 0x54, 0x45, 0x03, 0x03, 0x03, 0xff, 0xff, 0xff, 0x76,
  0x58, 0x38, 0x4d, 0x00, 0x00, 0x00, 0x28, 0x49, 0x44, 0x41, 0x54, 0x78,
  0x5e, 0x45, 0xca, 0xb1, 0x11, 0x00, 0x00, 0x04, 0x04, 0x41, 0xa1, 0x8c,
  0x0a, 0x68, 0xe4, 0x0b, 0x53, 0xb6, 0x50, 0x68, 0x24, 0xef, 0x66, 0xc3,
  0x13, 0x66, 0x2d, 0x39, 0xcf, 0xf5, 0x44, 0x1d, 0x80, 0xd7, 0x02, 0xc0,
  0x4e, 0x07, 0x30, 0x27, 0x9b, 0xa5, 0x36, 0x00, 0x00, 0x00, 0x00, 0x49,
  0x45, 0x4e, 0x44, 0xae, 0x42, 0x60, 0x82
};
static const unsigned char asset_171[] = {
  0x89, 0x50, 0x4e, 0x47, 0x0d, 0x0a, 0x1a, 0x0a, 0x00, 0x00, 0x00, 0x0d,
  0x49, 0x48, 0x44, 0x52, 0x00, 0x00, 0x00, 0x10, 0x00, 0x00, 0x00, 0x10,
  0x01, 0x03, 0x00, 0x00, 0x00, 0x25, 0x3d, 0x6d, 0x22, 0x00, 0x00, 0x00,
  0x06, 0x50, 0x4c, 0x54, 0x45, 0x03, 0x03, 0x03, 0xff, 0xff, 0xff, 0x76,
  0x58, 0x38, 0x4d, 0x00, 0x00, 0x00, 0x34, 0x49, 0x44, 0x41, 0x54, 0x78,
  0x5e, 0x4d, 0xca, 0xb1, 0x0d, 0x00, 0x10, 0x00, 0x05, 0xd1, 0x13, 0x3f,
  0xac, 0x20, 0x51, 0x30, 0x86, 0x8a, 0x55, 0x8c, 0x62, 0x34, 0x63, 0x28,
  0x8d, 0x82, 0xce, 0xe5, 0xca, 0x07, 0x60, 0x27, 0xae, 0xe3, 0x37, 0x71,
  0x91, 0x45, 0x11, 0x55, 0xb4, 0xef, 0x14, 0x1e, 0x30, 0x03, 0x38, 0x9f,
  0x11, 0x05, 0xd0, 0xfc, 0x86, 0x21, 0x1b, 0x00, 0x00, 0x00, 0x00, 0x49,
  0x45, 0x4e, 0x44, 0xae, 0x42, 0x60, 0x82
};
static const unsigned char asset_172[] = {
  0x89, 0x50, 0x4e, 0x47, 0x0d, 0x0a, 0x1a, 0x0a, 0x00, 0x00, 0x00, 0x0d,
  0x49, 0x48, 0x44, 0x52, 0x00, 0x00, 0x00, 0x10, 0x00, 0x00, 0x00, 0x10,
  0x01, 0x03, 0x00, 0x00, 0x00, 0x25, 0x3d, 0x6d, 0x22, 0x00, 0x00, 0x00,
  0x06, 0x50, 0x4c, 0x54, 0x45, 0x03, 0x03, 0x03, 0xff, 0xff, 0xff, 0x76,
  0x58, 0x38, 0x4d, 0x00, 0x00, 0x00, 0x36, 0x49, 0x44, 0x41, 0x54, 0x78,
  0x5e, 0x05, 0xc0, 0xb1, 0x0d, 0x80, 0x20, 0x10, 0x00, 0xc0, 0x8b, 0x16,
  0x0e, 0x40, 0xfb, 0x95, 0x83, 0x10, 0x13, 0x0b, 0x1a, 0x86, 0xf8, 0x21,
  0x18, 0xc3, 0xd1, 0x18, 0x84, 0x11, 0x28, 0x0d, 0x38, 0x18, 0x6c, 0xc2,
  0xf9, 0xb9, 0x26, 0x4b, 0xa4, 0x9a, 0xda, 0xe3, 0xa5, 0x70, 0xd3, 0xe1,
  0x07, 0x9f, 0xc7, 0x06, 0x3a, 0xb8, 0x41, 0x8f, 0x0f, 0x00, 0x00, 0x00,
  0x00, 0x49, 0x45, 0x4e, 0x44, 0xae, 0x42, 0x60, 0x82
};
static const unsigned char asset_173[] = {
  0x89, 0x50, 0x4e, 0x47, 0x0d, 0x0a, 0x1a, 0x0a, 0x00, 0x00, 0x00, 0x0d,
  0x49, 0x48, 0x44, 0x52, 0x00, 0x00, 0x00, 0x10, 0x00, 0x00, 0x00, 0x10,
  0x01, 0x03, 0x00, 0x00, 0x00, 0x25, 0x3d, 0x6d, 0x22, 0x00, 0x00, 0x00,
  0x06, 0x50, 0x4c, 0x54, 0x45, 0x03, 0x03, 0x03, 0xff, 0xff, 0xff, 0x76,
  0x58, 0x38, 0x4d, 0x00, 0x00, 0x00, 0x25, 0x49, 0x44, 0x41, 0x54, 0x78,
  0x5e, 0x4d, 0xc2, 0xb1, 0x11, 0x00, 0x20, 0x08, 0x04, 0xb0, 0x0c, 0x61,
  0xf9, 0x15, 0xee, 0xc1, 0xfe, 0x43, 0x51, 0x78, 0x76, 0xe4, 0x62, 0x0b,
  0x4d, 0x71, 0xe7, 0xaf, 0xe8, 0x23, 0xb6, 0x07, 0x50, 0x37, 0x03, 0x67,
  0xa5, 0xd0, 0xc5, 0xc5, 0x00, 0x00, 0x00, 0x00, 0x49, 0x45, 0x4e, 0x44,
  0xae, 0x42, 0x60, 0x82
};
static const unsigned char asset_174[] = {
  0x89, 0x50, 0x4e, 0x47, 0x0d, 0x0a, 0x1a, 0x0a, 0x00, 0x00, 0x00, 0x0d,
  0x49, 0x48, 0x44, 0x52, 0x00, 0x00, 0x00, 0x10, 0x00, 0x00, 0x00, 0x10,
  0x01, 0x03, 0x00, 0x00, 0x00, 0x25, 0x3d, 0x6d, 0x22, 0x00, 0x00, 0x00,
  0x06, 0x50, 0x4c, 0x54, 0x45, 0x03, 0x03, 0x03, 0xff, 0xff, 0xff, 0x76,
  0x58, 0x38, 0x4d, 0x00, 0x00, 0x00, 0x27, 0x49, 0x44, 0x41, 0x54, 0x78,
  0x5e, 0x4d, 0xc2, 0xa1, 0x0d, 0x00, 0x20, 0x0c, 0x04, 0xc0, 0x53, 0x4d,
  0xea, 0x91, 0x2c, 0xf2, 0x53, 0xb0, 0xff, 0x2e, 0x08, 0x82, 0xeb, 0xe5,
  0x4c, 0x45, 0x13, 0xce, 0xfd, 0xb3, 0xf5, 0x52, 0xa6, 0x07, 0x4e, 0xaf,
  0x03, 0x57, 0x2f, 0xf2, 0x48, 0x9e, 0x00, 0x00, 0x00, 0x00, 0x49, 0x45,
  0x4e, 0x44, 0xae, 0x42, 0x60, 0x82
};
static const unsigned char asset_175[] = {
  0x89, 0x50, 0x4e, 0x47, 0x0d, 0x0a, 0x1a, 0x0a, 0x00, 0x00, 0x00, 0x0d,
  0x49, 0x48, 0x44, 0x52, 0x00, 0x00, 0x00, 0x10, 0x00, 0x00, 0x00, 0x10,
  0x01, 0x03, 0x00, 0x00, 0x00, 0x25, 0x3d, 0x6d, 0x22, 0x00, 0x00, 0x00,
  0x06, 0x50, 0x4c, 0x54, 0x45, 0x03, 0x03, 0x03, 0xff, 0xff, 0xff, 0x76,
  0x58, 0x38, 0x4d, 0x00, 0x00, 0x00, 0x37, 0x49, 0x44, 0x41, 0x54, 0x78,
  0x5e, 0x1d, 0x88, 0xc1, 0x0d, 0x00, 0x10, 0x14, 0xc5, 0x1a, 0x22, 0x2e,
  0x36, 0x71, 0x60, 0x04, 0xdb, 0x58, 0xcb, 0x28, 0x86, 0x30, 0x80, 0x93,
  0x09, 0x0c, 0xe0, 0x7d, 0x4d, 0x0f, 0x4d, 0x11, 0x7e, 0xe2, 0x1a, 0x61,
  0x90, 0x2a, 0xe5, 0x12, 0x37, 0xa2, 0x1f, 0x85, 0x99, 0x97, 0xbe, 0xc5,
  0xe7, 0x01, 0xda, 0x61, 0x09, 0x2e, 0xd3, 0x07, 0x80, 0x35, 0x00, 0x00,
  0x00, 0x00, 0x49, 0x45, 0x4e, 0x44, 0xae, 0x42, 0x60, 0x82
};
static const unsigned char asset_176[] = {
  0x89, 0x50, 0x4e, 0x47, 0x0d, 0x0a, 0x1a, 0x0a, 0x00, 0x00, 0x00, 0x0d,
  0x49, 0x48, 0x44, 0x52, 0x00, 0x00, 0x00, 0x10, 0x00, 0x00, 0x00, 0x10,
  0x01, 0x03, 0x00, 0x00, 0x00, 0x25, 0x3d, 0x6d, 0x22, 0x00, 0x00, 0x00,
  0x06, 0x50, 0x4c, 0x54, 0x45, 0x03, 0x03, 0x03, 0xff, 0xff, 0xff, 0x76,
  0x58, 0x38, 0x4d, 0x00, 0x00, 0x00, 0x33, 0x49, 0x44, 0x41, 0x54, 0x78,
  0x5e, 0x3d, 0xc2, 0x21, 0x11, 0xc0, 0x20, 0x00, 0x00, 0xc0, 0xbf, 0x4d,
  0xcc, 0xb1, 0x08, 0x8b, 0x42, 0x2d, 0x04, 0xc1, 0x90, 0xc4, 0x40, 0x12,
  0x00, 0x41, 0x04, 0x26, 0x38, 0xfe, 0xde, 0x76, 0x31, 0xdc, 0xcd, 0x53,
  0xbc, 0x49, 0x98, 0xbe, 0x7f, 0x17, 0xab, 0x48, 0x76, 0x2c, 0xc1, 0xf6,
  0x07, 0xd6, 0xf6, 0xf3, 0xb9, 0xfe, 0x00, 0x00, 0x00, 0x00, 0x49, 0x45,
  0x4e, 0x44, 0xae, 0x42, 0x60, 0x82
};
static const unsigned char asset_177[] = {
  0x89, 0x50, 0x4e, 0x47, 0x0d, 0x0a, 0x1a, 0x0a, 0x00, 0x00, 0x00, 0x0d,
  0x49, 0x48, 0x44, 0x52, 0x00, 0x00, 0x00, 0x10, 0x00, 0x00, 0x00, 0x10,
  0x01, 0x03, 0x00, 0x00, 0x00, 0x25, 0x3d, 0x6d, 0x22, 0x00, 0x00, 0x00,
  0x06, 0x50, 0x4c, 0x54, 0x45, 0x03, 0x03, 0x03, 0xff, 0xff, 0xff, 0x76,
  0x58, 0x38, 0x4d, 0x00, 0x00, 0x00, 0x32, 0x49, 0x44, 0x41, 0x54, 0x78,
  0x5e, 0x45, 0xc6, 0xb1, 0x09, 0x80, 0x40, 0x0c, 0x00, 0xc0, 0xeb, 0x8c,
  0x28, 0xd8, 0x66, 0x1b, 0x47, 0x70, 0x91, 0x1f, 0xfe, 0xcb, 0x14, 0x4f,
  0x10, 0x2b, 0x9b, 0xe3, 0x60, 0x5b, 0xf6, 0x76, 0xb4, 0xe0, 0x2a, 0x11,
  0x9f, 0x67, 0xfe, 0x1f, 0xe9, 0x29, 0xf7, 0xc4, 0x0b, 0xf0, 0xb0, 0x0a,
  0x76, 0x67, 0x34, 0x47, 0x7b, 0x00, 0x00, 0x00, 0x00, 0x49, 0x45, 0x4e,
  0x44, 0xae, 0x42, 0x60, 0x82
};
static const unsigned char asset_178[] = {
  0x89, 0x50, 0x4e, 0x47, 0x0d, 0x0a, 0x1a, 0x0a, 0x00, 0x00, 0x00, 0x0d,
  0x49, 0x48, 0x44, 0x52, 0x00, 0x00, 0x00, 0x10, 0x00, 0x00, 0x00, 0x10,
  0x01, 0x03, 0x00, 0x00, 0x00, 0x25, 0x3d, 0x6d, 0x22, 0x00, 0x00, 0x00,
  0x06, 0x50, 0x4c, 0x54, 0x45, 0x03, 0x03, 0x03, 0xff, 0xff, 0xff, 0x76,
  0x58, 0x38, 0x4d, 0x00, 0x00, 0x00, 0x36, 0x49, 0x44, 0x41, 0x54, 0x78,
  0x5e, 0x05, 0xc0, 0x31, 0x0d, 0x80, 0x30, 0x14, 0x04, 0xd0, 0x27, 0x01,
  0x05, 0x7c, 0x07, 0xcc, 0x24, 0x0c, 0x20, 0x01, 0x1b, 0x6c, 0x4d, 0x18,
  0x3a, 0x52, 0x69, 0x27, 0xa5, 0x52, 0x08, 0x58, 0xd8, 0x58, 0xd9, 0x69,
  0x6a, 0x3a, 0xe3, 0x1b, 0xde, 0xcb, 0x1d, 0x4f, 0xf4, 0x38, 0x86, 0x82,
  0x1f, 0xb0, 0x12, 0x08, 0xff, 0x47, 0x47, 0x79, 0xad, 0x00, 0x00, 0x00,
  0x00, 0x49, 0x45, 0x4e, 0x44, 0xae, 0x42, 0x60, 0x82
};
static const unsigned char asset_179[] = {
  0x89, 0x50, 0x4e, 0x47, 0x0d, 0x0a, 0x1a, 0x0a, 0x00, 0x00, 0x00, 0x0d,
  0x49, 0x48, 0x44, 0x52, 0x00, 0x00, 0x00, 0x10, 0x00, 0x00, 0x00, 0x10,
  0x01, 0x03, 0x00, 0x00, 0x00, 0x25, 0x3d, 0x6d, 0x22, 0x00, 0x00, 0x00,
  0x06, 0x50, 0x4c, 0x54, 0x45, 0x03, 0x03, 0x03, 0xff, 0xff, 0xff, 0x76,
  0x58, 0x38, 0x4d, 0x00, 0x00, 0x00, 0x33, 0x49, 0x44, 0x41, 0x54, 0x78,
  0x5e, 0x3d, 0xc2, 0xa1, 0x0d, 0x00, 0x20, 0x0c, 0x45, 0xc1, 0x97, 0x54,
  0x74, 0x05, 0x12, 0x04, 0x33, 0xe0, 0x70, 0xac, 0xc6, 0x18, 0x8c, 0xc1,
  0x68, 0x95, 0x5f, 0x12, 0x2a, 0xb8, 0x1c, 0x9f, 0x07, 0x4d, 0x4c, 0x31,
  0x0a, 0x7d, 0x53, 0x0f, 0xb6, 0x5e, 0xcf, 0x46, 0xe2, 0x02, 0xbb, 0x8c,
  0x07, 0x41, 0xdc, 0x2b, 0x0f, 0xce, 0x00, 0x00, 0x00, 0x00, 0x49, 0x45,
  0x4e, 0x44, 0xae, 0x42, 0x60, 0x82
};
static const unsigned char asset_180[] = {
  0x89, 0x50, 0x4e, 0x47, 0x0d, 0x0a, 0x1a, 0x0a, 0x00, 0x00, 0x00, 0x0d,
  0x49, 0x48, 0x44, 0x52, 0x00, 0x00, 0x00, 0x10, 0x00, 0x00, 0x00, 0x10,
  0x01, 0x03, 0x00, 0x00, 0x00, 0x25, 0x3d, 0x6d, 0x22, 0x00, 0x00, 0x00,
  0x06, 0x50, 0x4c, 0x54, 0x45, 0x03, 0x03, 0x03, 0xff, 0xff, 0xff, 0x76,
  0x58, 0x38, 0x4d, 0x00, 0x00, 0x00, 0x34, 0x49, 0x44, 0x41, 0x54, 0x78,
  0x5e, 0x2d, 0xc2, 0xb1, 0x09, 0x00, 0x20, 0x0c, 0x00, 0xc1, 0x07, 0x03,
  0x16, 0x0a, 0x5a, 0x06, 0x6c, 0xd2, 0xd9, 0x3a, 0xaa, 0x23, 0x39, 0x86,
  0x03, 0x64, 0x10, 0x11, 0x3d, 0x8e, 0x47, 0x95, 0xee, 0x98, 0xdc, 0x23,
  0xd3, 0x36, 0xd1, 0x28, 0xf3, 0x4f, 0x15, 0x31, 0xc2, 0x02, 0x0e, 0x7d,
  0x06, 0x05, 0xb9, 0x89, 0xb8, 0x40, 0x16, 0x00, 0x00, 0x00, 0x00, 0x49,
  0x45, 0x4e, 0x44, 0xae, 0x42, 0x60, 0x82
};
static const unsigned char asset_181[] = {
  0x89, 0x50, 0x4e, 0x47, 0x0d, 0x0a, 0x1a, 0x0a, 0x00, 0x00, 0x00, 0x0d,
  0x49, 0x48, 0x44, 0x52, 0x00, 0x00, 0x00, 0x10, 0x00, 0x00, 0x00, 0x10,
  0x01, 0x03, 0x00, 0x00, 0x00, 0x25, 0x3d, 0x6d, 0x22, 0x00, 0x00, 0x00,
  0x06, 0x50, 0x4c, 0x54, 0x45, 0x03, 0x03, 0x03, 0xff, 0xff, 0xff, 0x76,
  0x58, 0x38, 0x4d, 0x00, 0x00, 0x00, 0x34, 0x49, 0x44, 0x41, 0x54, 0x78,
  0x5e, 0x3d, 0xc9, 0xb1, 0x11, 0x00, 0x10, 0x10, 0x45, 0xc1, 0x97, 0x91,
  0x11, 0x99, 0x11, 0x98, 0xdf, 0x8e, 0x52, 0x94, 0xa2, 0xb4, 0x0b, 0x95,
  0x20, 0xbc, 0x32, 0x8c, 0x80, 0x4d, 0x97, 0x2f, 0x6c, 0xd2, 0x42, 0x8e,
  0x06, 0xcd, 0xa8, 0x86, 0x26, 0xa5, 0x13, 0xf3, 0xad, 0xe7, 0x00, 0xb4,
  0xd2, 0x07, 0x1f, 0xac, 0x73, 0x86, 0x24, 0x00, 0x00, 0x00, 0x00, 0x49,
  0x45, 0x4e, 0x44, 0xae, 0x42, 0x60, 0x82
};
static const unsigned char asset_182[] = {
  0x89, 0x50, 0x4e, 0x47, 0x0d, 0x0a, 0x1a, 0x0a, 0x00, 0x00, 0x00, 0x0d,
  0x49, 0x48, 0x44, 0x52, 0x00, 0x00, 0x00, 0x10, 0x00, 0x00, 0x00, 0x10,
  0x01, 0x03, 0x00, 0x00, 0x00, 0x25, 0x3d, 0x6d, 0x22, 0x00, 0x00, 0x00,
  0x06, 0x50, 0x4c, 0x54, 0x45, 0x03, 0x03, 0x03, 0xff, 0xff, 0xff, 0x76,
  0x58, 0x38, 0x4d, 0x00, 0x00, 0x00, 0x34, 0x49, 0x44, 0x41, 0x54, 0x78,
  0x5e, 0x2d, 0x8a, 0xa9, 0x0d, 0x00, 0x20, 0x10, 0xc0, 0xea, 0x40, 0x9e,
  0xc3, 0x5e, 0x2e, 0x24, 0x48, 0x96, 0x63, 0x88, 0x1b, 0x84, 0x51, 0x18,
  0x84, 0x51, 0x78, 0x9b, 0xba, 0x96, 0x47, 0x98, 0x44, 0x21, 0x39, 0x75,
  0x7c, 0x4b, 0x47, 0x1b, 0x96, 0x11, 0xdf, 0xe9, 0x0c, 0x97, 0x05, 0xbd,
  0x9c, 0x07, 0xb4, 0x02, 0xd5, 0x14, 0x67, 0x00, 0x00, 0x00, 0x00, 0x49,
  0x45, 0x4e, 0x44, 0xae, 0x42, 0x60, 0x82
};
static const unsigned char asset_183[] = {
  0x89, 0x50, 0x4e, 0x47, 0x0d, 0x0a, 0x1a, 0x0a, 0x00, 0x00, 0x00, 0x0d,
  0x49, 0x48, 0x44, 0x52, 0x00, 0x00, 0x00, 0x10, 0x00, 0x00, 0x00, 0x10,
  0x01, 0x03, 0x00, 0x00, 0x00, 0x25, 0x3d, 0x6d, 0x22, 0x00, 0x00, 0x00,
  0x06, 0x50, 0x4c, 0x54, 0x45, 0x03, 0x03, 0x03, 0xff, 0xff, 0xff, 0x76,
  0x58, 0x38, 0x4d, 0x00, 0x00, 0x00, 0x26, 0x49, 0x44, 0x41, 0x54, 0x78,
  0x5e, 0x55, 0xc4, 0x31, 0x0d, 0x00, 0x00, 0x08, 0x03, 0xc1, 0x3a, 0x41,
  0x02, 0x06, 0x8a, 0x73, 0x64, 0x31, 0x30, 0x92, 0x86, 0x05, 0x3e, 0x97,
  0xc7, 0x16, 0xa9, 0x7b, 0x89, 0x35, 0xc8, 0xe7, 0x34, 0xbd, 0xed, 0x06,
  0xaf, 0x6d, 0xb3, 0x4b, 0xfd, 0x00, 0x00, 0x00, 0x00, 0x49, 0x45, 0x4e,
  0x44, 0xae, 0x42, 0x60, 0x82
};
static const unsigned char asset_184[] = {
  0x89, 0x50, 0x4e, 0x47, 0x0d, 0x0a, 0x1a, 0x0a, 0x00, 0x00, 0x00, 0x0d,
  0x49, 0x48, 0x44, 0x52, 0x00, 0x00, 0x00, 0x10, 0x00, 0x00, 0x00, 0x10,
  0x01, 0x03, 0x00, 0x00, 0x00, 0x25, 0x3d, 0x6d, 0x22, 0x00, 0x00, 0x00,
  0x06, 0x50, 0x4c, 0x54, 0x45, 0x03, 0x03, 0x03, 0xff, 0xff, 0xff, 0x76,
  0x58, 0x38, 0x4d, 0x00, 0x00, 0x00, 0x34, 0x49, 0x44, 0x41, 0x54, 0x78,
  0x5e, 0x05, 0xc0, 0x31, 0x15, 0x80, 0x20, 0x10, 0x00, 0xd0, 0xcf, 0x39,
  0xb8, 0x69, 0x81, 0x0b, 0x72, 0x71, 0x8c, 0x40, 0x00, 0x06, 0x27, 0xa3,
  0x31, 0x11, 0x85, 0x10, 0x3e, 0xb8, 0x5f, 0x6d, 0x33, 0x28, 0x92, 0xa5,
  0x4d, 0xc7, 0xe7, 0x0c, 0x57, 0xc8, 0x50, 0x74, 0x1e, 0xf8, 0x01, 0x9a,
  0xc0, 0x05, 0xa8, 0xeb, 0xe2, 0x95, 0xbf, 0x00, 0x00, 0x00, 0x00, 0x49,
  0x45, 0x4e, 0x44, 0xae, 0x42, 0x60, 0x82
};
static const unsigned char asset_185[] = {
  0x89, 0x50, 0x4e, 0x47, 0x0d, 0x0a, 0x1a, 0x0a, 0x00, 0x00, 0x00, 0x0d,
  0x49, 0x48, 0x44, 0x52, 0x00, 0x00, 0x00, 0x10, 0x00, 0x00, 0x00, 0x10,
  0x01, 0x03, 0x00, 0x00, 0x00, 0x25, 0x3d, 0x6d, 0x22, 0x00, 0x00, 0x00,
  0x06, 0x50, 0x4c, 0x54, 0x45, 0x03, 0x03, 0x03, 0xff, 0xff, 0xff, 0x76,
  0x58, 0x38, 0x4d, 0x00, 0x00, 0x00, 0x25, 0x49, 0x44, 0x41, 0x54, 0x78,
  0x5e, 0x2d, 0xc6, 0x31, 0x0d, 0x00, 0x00, 0x08, 0xc4, 0xc0, 0x0a, 0xe0,
  0x83, 0x25, 0x24, 0xe0, 0x5f, 0x09, 0x23, 0x09, 0x7c, 0x73, 0x43, 0xf9,
  0xd4, 0xe4, 0x78, 0x54, 0x07, 0x0b, 0xfb, 0x16, 0x54, 0xca, 0x02, 0xa7,
  0xee, 0x12, 0x6c, 0x86, 0x00, 0x00, 0x00, 0x00, 0x49, 0x45, 0x4e, 0x44,
  0xae, 0x42, 0x60, 0x82
};
static const unsigned char asset_186[] = {
  0x89, 0x50, 0x4e, 0x47, 0x0d, 0x0a, 0x1a, 0x0a, 0x00, 0x00, 0x00, 0x0d,
  0x49, 0x48, 0x44, 0x52, 0x00, 0x00, 0x00, 0x10, 0x00, 0x00, 0x00, 0x10,
  0x01, 0x03, 0x00, 0x00, 0x00, 0x25, 0x3d, 0x6d, 0x22, 0x00, 0x00, 0x00,
  0x06, 0x50, 0x4c, 0x54, 0x45, 0x03, 0x03, 0x03, 0xff, 0xff, 0xff, 0x76,
  0x58, 0x38, 0x4d, 0x00, 0x00, 0x00, 0x37, 0x49, 0x44, 0x41, 0x54, 0x78,
  0x5e, 0x35, 0xc0, 0xb1, 0x11, 0x00, 0x11, 0x14, 0x40, 0xc1, 0x77, 0xe3,
  0x72, 0x1d, 0xa0, 0x0e, 0xf3, 0xd1, 0x88, 0x42, 0x04, 0x02, 0x85, 0x09,
  0x94, 0x24, 0x14, 0x08, 0x04, 0xc6, 0x72, 0xa9, 0xc1, 0xef, 0x10, 0xc1,
  0x67, 0x42, 0x27, 0x56, 0xd2, 0xc6, 0x14, 0xbe, 0x86, 0x5d, 0xe8, 0xc9,
  0x73, 0x00, 0xbb, 0x45, 0x08, 0x11, 0xe5, 0xfb, 0x27, 0xb0, 0x00, 0x00,
  0x00, 0x00, 0x49, 0x45, 0x4e, 0x44, 0xae, 0x42, 0x60, 0x82
};
static const unsigned char asset_187[] = {
  0x89, 0x50, 0x4e, 0x47, 0x0d, 0x0a, 0x1a, 0x0a, 0x00, 0x00, 0x00, 0x0d,
  0x49, 0x48, 0x44, 0x52, 0x00, 0x00, 0x00, 0x10, 0x00, 0x00, 0x00, 0x10,
  0x01, 0x03, 0x00, 0x00, 0x00, 0x25, 0x3d, 0x6d, 0x22, 0x00, 0x00, 0x00,
  0x06, 0x50, 0x4c, 0x54, 0x45, 0x03, 0x03, 0x03, 0xff, 0xff, 0xff, 0x76,
  0x58, 0x38, 0x4d, 0x00, 0x00, 0x00, 0x2d, 0x49, 0x44, 0x41, 0x54, 0x78,
  0x5e, 0x35, 0xc8, 0xb1, 0x0d, 0x00, 0x10, 0x10, 0x00, 0xc0, 0x93, 0x4f,
  0x44, 0x65, 0x02, 0x43, 0x28, 0x8d, 0x63, 0x04, 0x23, 0xfc, 0x68, 0x46,
  0x53, 0x69, 0x0f, 0x54, 0x3a, 0x83, 0xc5, 0x24, 0x95, 0x2b, 0x52, 0xd0,
  0x3e, 0x1f, 0x36, 0x3c, 0x4a, 0xe1, 0x03, 0x8c, 0x21, 0xb8, 0x7e, 0x90,
  0x00, 0x00, 0x00, 0x00, 0x49, 0x45, 0x4e, 0x44, 0xae, 0x42, 0x60, 0x82
};
static const unsigned char asset_188[] = {
  0x89, 0x50, 0x4e, 0x47, 0x0d, 0x0a, 0x1a, 0x0a, 0x00, 0x00, 0x00, 0x0d,
  0x49, 0x48, 0x44, 0x52, 0x00, 0x00, 0x00, 0x10, 0x00, 0x00, 0x00, 0x10,
  0x01, 0x03, 0x00, 0x00, 0x00, 0x25, 0x3d, 0x6d, 0x22, 0x00, 0x00, 0x00,
  0x06, 0x50, 0x4c, 0x54, 0x45, 0x03, 0x03, 0x03, 0xff, 0xff, 0xff, 0x76,
  0x58, 0x38, 0x4d, 0x00, 0x00, 0x00, 0x37, 0x49, 0x44, 0x41, 0x54, 0x78,
  0x5e, 0x3d, 0xc7, 0x21, 0x12, 0x00, 0x10, 0x14, 0x00, 0xd1, 0x6d, 0x04,
  0x33, 0x1c, 0xc0, 0x8c, 0x23, 0xd0, 0x68, 0xee, 0x7f, 0x0b, 0x07, 0x10,
  0x04, 0x41, 0xf8, 0x81, 0x5f, 0xec, 0xbc, 0xb2, 0xfc, 0xcc, 0xc0, 0x15,
  0x95, 0x0e, 0x75, 0xd2, 0x22, 0x5d, 0x1e, 0xdd, 0xbc, 0x09, 0x16, 0xbf,
  0x80, 0x0b, 0xbd, 0xcc, 0x09, 0xb5, 0xca, 0x37, 0xdf, 0x25, 0x00, 0x00,
  0x00, 0x00, 0x49, 0x45, 0x4e, 0x44, 0xae, 0x42, 0x60, 0x82
};
static const unsigned char asset_189[] = {
  0x89, 0x50, 0x4e, 0x47, 0x0d, 0x0a, 0x1a, 0x0a, 0x00, 0x00, 0x00, 0x0d,
  0x49, 0x48, 0x44, 0x52, 0x00, 0x00, 0x00, 0x10, 0x00, 0x00, 0x00, 0x10,
  0x01, 0x03, 0x00, 0x00, 0x00, 0x25, 0x3d, 0x6d, 0x22, 0x00, 0x00, 0x00,
  0x06, 0x50, 0x4c, 0x54, 0x45, 0x03, 0x03, 0x03, 0xff, 0xff, 0xff, 0x76,
  0x58, 0x38, 0x4d, 0x00, 0x00, 0x00, 0x30, 0x49, 0x44, 0x41, 0x54, 0x78,
  0x5e, 0x3d, 0xc2, 0xb1, 0x09, 0x00, 0x20, 0x0c, 0x45, 0xc1, 0x07, 0x09,
  0x62, 0x21, 0xe2, 0x00, 0xfa, 0x27, 0x76, 0xc8, 0x8c, 0x60, 0x69, 0x29,
  0xa4, 0xf0, 0x38, 0xbe, 0x1e, 0xe8, 0xa0, 0xcb, 0xda, 0x98, 0x23, 0x67,
  0xe6, 0x56, 0x29, 0x03, 0x0b, 0xd2, 0x03, 0x8b, 0x7d, 0x05, 0x32, 0x65,
  0xe7, 0x8d, 0xea, 0x00, 0x00, 0x00, 0x00, 0x49, 0x45, 0x4e, 0x44, 0xae,
  0x42, 0x60, 0x82
};
static const unsigned char asset_190[] = {
  0x89, 0x50, 0x4e, 0x47, 0x0d, 0x0a, 0x1a, 0x0a, 0x00, 0x00, 0x00, 0x0d,
  0x49, 0x48, 0x44, 0x52, 0x00, 0x00, 0x00, 0x10, 0x00, 0x00, 0x00, 0x10,
  0x01, 0x03, 0x00, 0x00, 0x00, 0x25, 0x3d, 0x6d, 0x22, 0x00, 0x00, 0x00,
  0x06, 0x50, 0x4c, 0x54, 0x45, 0x03, 0x03, 0x03, 0xff, 0xff, 0xff, 0x76,
  0x58, 0x38, 0x4d, 0x00, 0x00, 0x00, 0x31, 0x49, 0x44, 0x41, 0x54, 0x78,
  0x5e, 0x15, 0xc2, 0x21, 0x0d, 0x00, 0x21, 0x14, 0x00, 0xd0, 0xf7, 0x77,
  0xe2, 0x1c, 0x09, 0x08, 0x82, 0x20, 0x0c, 0x11, 0x88, 0x43, 0x04, 0x02,
  0x22, 0x10, 0x08, 0xc6, 0xf6, 0x00, 0xb6, 0x38, 0x62, 0x3c, 0x96, 0xa8,
  0xbe, 0xe9, 0x27, 0x91, 0x29, 0x74, 0x1a, 0x5c, 0xac, 0x82, 0x06, 0x3d,
  0xca, 0x98, 0x16, 0xb8, 0x00, 0x00, 0x00, 0x00, 0x49, 0x45, 0x4e, 0x44,
  0xae, 0x42, 0x60, 0x82
};
static const unsigned char asset_191[] = {
  0x89, 0x50, 0x4e, 0x47, 0x0d, 0x0a, 0x1a, 0x0a, 0x00, 0x00, 0x00, 0x0d,
  0x49, 0x48, 0x44, 0x52, 0x00, 0x00, 0x00, 0x10, 0x00, 0x00, 0x00, 0x10,
  0x01, 0x03, 0x00, 0x00, 0x00, 0x25, 0x3d, 0x6d, 0x22, 0x00, 0x00, 0x00,
  0x06, 0x50, 0x4c, 0x54, 0x45, 0x03, 0x03, 0x03, 0xff, 0xff, 0xff, 0x76,
  0x58, 0x38, 0x4d, 0x00, 0x00, 0x00, 0x3d, 0x49, 0x44, 0x41, 0x54, 0x78,
  0x5e, 0x05, 0xc0, 0xa1, 0x11, 0x80, 0x20, 0x00, 0x00, 0xc0, 0x17, 0xaa,
  0xe7, 0x02, 0x06, 0x47, 0xb0, 0xea, 0x1d, 0x77, 0x38, 0x8e, 0xd1, 0x11,
  0x18, 0xc5, 0x41, 0x0c, 0x0e, 0x64, 0x20, 0x12, 0x08, 0x1e, 0x84, 0xcd,
  0x7c, 0xd9, 0x4f, 0x69, 0x94, 0xbb, 0xf5, 0x91, 0x3f, 0x4b, 0x33, 0x55,
  0xf1, 0x35, 0x14, 0xf1, 0x10, 0x6e, 0x0a, 0x7e, 0xe5, 0x99, 0x09, 0xbe,
  0xf7, 0x97, 0xcc, 0x24, 0x00, 0x00, 0x00, 0x00, 0x49, 0x45, 0x4e, 0x44,
  0xae, 0x42, 0x60, 0x82
};
static const unsigned char asset_192[] = {
  0x89, 0x50, 0x4e, 0x47, 0x0d, 0x0a, 0x1a, 0x0a, 0x00, 0x00, 0x00, 0x0d,
  0x49, 0x48, 0x44, 0x52, 0x00, 0x00, 0x00, 0x10, 0x00, 0x00, 0x00, 0x10,
  0x01, 0x03, 0x00, 0x00, 0x00, 0x25, 0x3d, 0x6d, 0x22, 0x00, 0x00, 0x00,
  0x06, 0x50, 0x4c, 0x54, 0x45, 0x03, 0x03, 0x03, 0xff, 0xff, 0xff, 0x76,
  0x58, 0x38, 0x4d, 0x00, 0x00, 0x00, 0x31, 0x49, 0x44, 0x41, 0x54, 0x78,
  0x5e, 0x15, 0xca, 0x31, 0x11, 0x80, 0x40, 0x0c, 0x04, 0xc0, 0xa5, 0x3b,
  0x0b, 0x74, 0x81, 0x09, 0x42, 0x70, 0xf8, 0x92, 0x90, 0x14, 0x09, 0xcc,
  0x6f, 0xbd, 0x60, 0x1c, 0xf1, 0xc6, 0x15, 0xb5, 0xd4, 0xa8, 0xcf, 0x3d,
  0x9a, 0x5e, 0x9e, 0x38, 0xb3, 0x83, 0xc1, 0x0f, 0xb1, 0x4d, 0x07, 0x3d,
  0x6d, 0x4d, 0xd5, 0x74, 0x00, 0x00, 0x00, 0x00, 0x49, 0x45, 0x4e, 0x44,
  0xae, 0x42, 0x60, 0x82
};
static const unsigned char asset_193[] = {
  0x89, 0x50, 0x4e, 0x47, 0x0d, 0x0a, 0x1a, 0x0a, 0x00, 0x00, 0x00, 0x0d,
  0x49, 0x48, 0x44, 0x52, 0x00, 0x00, 0x00, 0x10, 0x00, 0x00, 0x00, 0x10,
  0x01, 0x03, 0x00, 0x00, 0x00, 0x25, 0x3d, 0x6d, 0x22, 0x00, 0x00, 0x00,
  0x06, 0x50, 0x4c, 0x54, 0x45, 0x03, 0x03, 0x03, 0xff, 0xff, 0xff, 0x76,
  0x58, 0x38, 0x4d, 0x00, 0x00, 0x00, 0x28, 0x49, 0x44, 0x41, 0x54, 0x78,
  0x5e, 0x65, 0xc9, 0xa1, 0x01, 0x00, 0x10, 0x14, 0x05, 0xc0, 0x1b, 0xe1,
  0x37, 0x91, 0x0d, 0x8c, 0x67, 0x6d, 0x41, 0x7a, 0x49, 0x10, 0x95, 0x2b,
  0x07, 0xf3, 0x58, 0xd1, 0x62, 0x80, 0x2a, 0x7d, 0x3f, 0xff, 0xbd, 0xf2,
  0x82, 0x09, 0xe9, 0x7e, 0xd6, 0xc1, 0x47, 0x00, 0x00, 0x00, 0x00, 0x49,
  0x45, 0x4e, 0x44, 0xae, 0x42, 0x60, 0x82
};
static const unsigned char asset_194[] = {
  0x89, 0x50, 0x4e, 0x47, 0x0d, 0x0a, 0x1a, 0x0a, 0x00, 0x00, 0x00, 0x0d,
  0x49, 0x48, 0x44, 0x52, 0x00, 0x00, 0x00, 0x10, 0x00, 0x00, 0x00, 0x10,
  0x01, 0x03, 0x00, 0x00, 0x00, 0x25, 0x3d, 0x6d, 0x22, 0x00, 0x00, 0x00,
  0x06, 0x50, 0x4c, 0x54, 0x45, 0x03, 0x03, 0x03, 0xff, 0xff, 0xff, 0x76,
  0x58, 0x38, 0x4d, 0x00, 0x00, 0x00, 0x34, 0x49, 0x44, 0x41, 0x54, 0x78,
  0x5e, 0x35, 0xc2, 0xb1, 0x11, 0x00, 0x10, 0x0c, 0x40, 0xd1, 0xdf, 0x29,
  0x8d, 0x90, 0x35, 0x14, 0x21, 0xab, 0x18, 0xc5, 0x68, 0x46, 0x30, 0x82,
  0x11, 0x94, 0x29, 0x71, 0xce, 0xbb, 0xc7, 0x13, 0x1b, 0xd2, 0xb1, 0x49,
  0xa9, 0xe4, 0x73, 0xa0, 0x09, 0xf3, 0x5b, 0x9c, 0xb0, 0xf8, 0x36, 0xe9,
  0xc7, 0x09, 0xc6, 0x33, 0xf8, 0x10, 0xd0, 0x00, 0x00, 0x00, 0x00, 0x49,
  0x45, 0x4e, 0x44, 0xae, 0x42, 0x60, 0x82
};
static const unsigned char asset_195[] = {
  0x89, 0x50, 0x4e, 0x47, 0x0d, 0x0a, 0x1a, 0x0a, 0x00, 0x00, 0x00, 0x0d,
  0x49, 0x48, 0x44, 0x52, 0x00, 0x00, 0x00, 0x10, 0x00, 0x00, 0x00, 0x10,
  0x01, 0x03, 0x00, 0x00, 0x00, 0x25, 0x3d, 0x6d, 0x22, 0x00, 0x00, 0x00,
  0x06, 0x50, 0x4c, 0x54, 0x45, 0x03, 0x03, 0x03, 0xff, 0xff, 0xff, 0x76,
  0x58, 0x38, 0x4d, 0x00, 0x00, 0x00, 0x35, 0x49, 0x44, 0x41, 0x54, 0x78,
  0x5e, 0x25, 0xca, 0xb1, 0x15, 0x00, 0x10, 0x14, 0xc5, 0xd0, 0x14, 0xaf,
  0xd0, 0xb1, 0x81, 0x15, 0x94, 0x0a, 0xfc, 0xe5, 0x8c, 0x66, 0x14, 0x03,
  0x28, 0x95, 0x0e, 0xee, 0x49, 0x19, 0x3e, 0xbf, 0x88, 0x1b, 0x9b, 0xd8,
  0xa0, 0x89, 0xda, 0x6f, 0x45, 0x64, 0x91, 0x44, 0x70, 0x77, 0x78, 0x0e,
  0xd6, 0x39, 0x07, 0xc8, 0xd9, 0x51, 0x42, 0x60, 0x00, 0x00, 0x00, 0x00,
  0x49, 0x45, 0x4e, 0x44, 0xae, 0x42, 0x60, 0x82
};
static const unsigned char asset_196[] = {
  0x89, 0x50, 0x4e, 0x47, 0x0d, 0x0a, 0x1a, 0x0a, 0x00, 0x00, 0x00, 0x0d,
  0x49, 0x48, 0x44, 0x52, 0x00, 0x00, 0x00, 0x10, 0x00, 0x00, 0x00, 0x10,
  0x01, 0x03, 0x00, 0x00, 0x00, 0x25, 0x3d, 0x6d, 0x22, 0x00, 0x00, 0x00,
  0x06, 0x50, 0x4c, 0x54, 0x45, 0x03, 0x03, 0x03, 0xff, 0xff, 0xff, 0x76,
  0x58, 0x38, 0x4d, 0x00, 0x00, 0x00, 0x32, 0x49, 0x44, 0x41, 0x54, 0x78,
  0x5e, 0x45, 0xc8, 0xb1, 0x09, 0x00, 0x20, 0x0c, 0x45, 0xc1, 0x57, 0x04,
  0x6c, 0x1c, 0xc0, 0xce, 0x15, 0x1c, 0xe0, 0xc7, 0x2c, 0xe7, 0xa0, 0x29,
  0x1c, 0x44, 0x04, 0x41, 0xb8, 0xea, 0x00, 0x46, 0x45, 0x22, 0x36, 0x61,
  0x8f, 0xaf, 0x6b, 0xda, 0x9f, 0xde, 0x28, 0x09, 0x1c, 0x9a, 0x14, 0x06,
  0x4c, 0xf0, 0xc8, 0x81, 0xd1, 0x00, 0x00, 0x00, 0x00, 0x49, 0x45, 0x4e,
  0x44, 0xae, 0x42, 0x60, 0x82
};
static const unsigned char asset_197[] = {
  0x89, 0x50, 0x4e, 0x47, 0x0d, 0x0a, 0x1a, 0x0a, 0x00, 0x00, 0x00, 0x0d,
  0x49, 0x48, 0x44, 0x52, 0x00, 0x00, 0x00, 0x10, 0x00, 0x00, 0x00, 0x10,
  0x01, 0x03, 0x00, 0x00, 0x00, 0x25, 0x3d, 0x6d, 0x22, 0x00, 0x00, 0x00,
  0x06, 0x50, 0x4c, 0x54, 0x45, 0x03, 0x03, 0x03, 0xff, 0xff, 0xff, 0x76,
  0x58, 0x38, 0x4d, 0x00, 0x00, 0x00, 0x3b, 0x49, 0x44, 0x41, 0x54, 0x78,
  0x5e, 0x05, 0xc0, 0xb1, 0x11, 0x40, 0x30, 0x14, 0x00, 0xd0, 0x17, 0xee,
  0x50, 0x64, 0x04, 0x7b, 0x28, 0x35, 0xb9, 0x98, 0x43, 0x65, 0x0b, 0xfe,
  0x08, 0x46, 0x30, 0x9a, 0x11, 0x94, 0x29, 0x1d, 0x74, 0x21, 0x85, 0x3e,
  0x8c, 0x61, 0x79, 0x1c, 0xb7, 0x6d, 0x52, 0x07, 0x25, 0xdb, 0x67, 0x67,
  0x73, 0x7d, 0xd6, 0x17, 0xf8, 0x01, 0xcc, 0x5d, 0x09, 0x48, 0x7b, 0x8f,
  0xd4, 0x0d, 0x00, 0x00, 0x00, 0x00, 0x49, 0x45, 0x4e, 0x44, 0xae, 0x42,
  0x60, 0x82
};
static const unsigned char asset_198[] = {
  0x89, 0x50, 0x4e, 0x47, 0x0d, 0x0a, 0x1a, 0x0a, 0x00, 0x00, 0x00, 0x0d,
  0x49, 0x48, 0x44, 0x52, 0x00, 0x00, 0x00, 0x10, 0x00, 0x00, 0x00, 0x10,
  0x01, 0x03, 0x00, 0x00, 0x00, 0x25, 0x3d, 0x6d, 0x22, 0x00, 0x00, 0x00,
  0x06, 0x50, 0x4c, 0x54, 0x45, 0x03, 0x03, 0x03, 0xff, 0xff, 0xff, 0x76,
  0x58, 0x38, 0x4d, 0x00, 0x00, 0x00, 0x2e, 0x49, 0x44, 0x41, 0x54, 0x78,
  0x5e, 0x15, 0xc4, 0xb1, 0x0d, 0x00, 0x10, 0x00, 0x00, 0xb0, 0xae, 0x56,
  0x31, 0x58, 0x7c, 0x22, 0x6e, 0x72, 0x80, 0xe0, 0x34, 0xa7, 0x38, 0x45,
  0x2c, 0x05, 0x99, 0x44, 0xa4, 0xd1, 0xb9, 0xc2, 0x51, 0xb6, 0xca, 0x62,
  0xed, 0xef, 0x64, 0xc0, 0x03, 0x7f, 0xe5, 0x06, 0x66, 0x28, 0x15, 0xff,
  0xe9, 0x00, 0x00, 0x00, 0x00, 0x49, 0x45, 0x4e, 0x44, 0xae, 0x42, 0x60,
  0x82
};
static const unsigned char asset_199[] = {
  0x89, 0x50, 0x4e, 0x47, 0x0d, 0x0a, 0x1a, 0x0a, 0x00, 0x00, 0x00, 0x0d,
  0x49, 0x48, 0x44, 0x52, 0x00, 0x00, 0x00, 0x10, 0x00, 0x00, 0x00, 0x10,
  0x01, 0x03, 0x00, 0x00, 0x00, 0x25, 0x3d, 0x6d, 0x22, 0x00, 0x00, 0x00,
  0x06, 0x50, 0x4c, 0x54, 0x45, 0x03, 0x03, 0x03, 0xff, 0xff, 0xff, 0x76,
  0x58, 0x38, 0x4d, 0x00, 0x00, 0x00, 0x36, 0x49, 0x44, 0x41, 0x54, 0x78,
  0x5e, 0x3d, 0xca, 0xa1, 0x0d, 0x00, 0x20, 0x10, 0xc5, 0xd0, 0x0e, 0x70,
  0x09, 0x12, 0x45, 0x18, 0xe2, 0x0c, 0xee, 0x56, 0x61, 0x04, 0x46, 0x64,
  0x1c, 0xe4, 0x97, 0x48, 0x42, 0x42, 0x68, 0x9e, 0x2c, 0xbf, 0xd4, 0xc9,
  0x22, 0x36, 0xb1, 0xb0, 0x81, 0xb5, 0xcb, 0x85, 0x4f, 0x2a, 0x94, 0x77,
  0x1d, 0xb2, 0x08, 0x07, 0x2b, 0x53, 0x8f, 0xc1, 0x67, 0x00, 0x00, 0x00,
  0x00, 0x49, 0x45, 0x4e, 0x44, 0xae, 0x42, 0x60, 0x82
};
static const unsigned char asset_200[] = {
  0x89, 0x50, 0x4e, 0x47, 0x0d, 0x0a, 0x1a, 0x0a, 0x00, 0x00, 0x00, 0x0d,
  0x49, 0x48, 0x44, 0x52, 0x00, 0x00, 0x00, 0x10, 0x00, 0x00, 0x00, 0x10,
  0x01, 0x03, 0x00, 0x00, 0x00, 0x25, 0x3d, 0x6d, 0x22, 0x00, 0x00, 0x00,
  0x06, 0x50, 0x4c, 0x54, 0x45, 0x03, 0x03, 0x03, 0xff, 0xff, 0xff, 0x76,
  0x58, 0x38, 0x4d, 0x00, 0x00, 0x00, 0x33, 0x49, 0x44, 0x41, 0x54, 0x78,
  0x5e, 0x05, 0xc0, 0x31, 0x0d, 0xc0, 0x20, 0x10, 0x00, 0xc0, 0xfb, 0x74,
  0xe8, 0x86, 0x02, 0xa6, 0xaa, 0x40, 0x0e, 0x41, 0x01, 0x2a, 0x2a, 0x00,
  0x59, 0xc8, 0x61, 0x64, 0x20, 0x04, 0xe2, 0x88, 0xcd, 0xa2, 0xf1, 0x31,
  0xc4, 0xf4, 0xfc, 0x5e, 0x12, 0x99, 0x42, 0xa7, 0xc2, 0x05, 0xc0, 0xba,
  0x06, 0x90, 0x0e, 0xcf, 0xe3, 0x00, 0x00, 0x00, 0x00, 0x00, 0x49, 0x45,
  0x4e, 0x44, 0xae, 0x42, 0x60, 0x82
};
static const unsigned char asset_201[] = {
  0x89, 0x50, 0x4e, 0x47, 0x0d, 0x0a, 0x1a, 0x0a, 0x00, 0x00, 0x00, 0x0d,
  0x49, 0x48, 0x44, 0x52, 0x00, 0x00, 0x00, 0x10, 0x00, 0x00, 0x00, 0x10,
  0x01, 0x03, 0x00, 0x00, 0x00, 0x25, 0x3d, 0x6d, 0x22, 0x00, 0x00, 0x00,
  0x06, 0x50, 0x4c, 0x54, 0x45, 0x03, 0x03, 0x03, 0xff, 0xff, 0xff, 0x76,
  0x58, 0x38, 0x4d, 0x00, 0x00, 0x00, 0x34, 0x49, 0x44, 0x41, 0x54, 0x78,
  0x5e, 0x05, 0xc0, 0x31, 0x11, 0x80, 0x20, 0x14, 0x00, 0xd0, 0xf7, 0xd5,
  0x3b, 0x9d, 0x48, 0xc0, 0x60, 0x0c, 0xe2, 0x10, 0x81, 0x91, 0x50, 0x8e,
  0x0c, 0x04, 0x20, 0x16, 0x83, 0x07, 0x1e, 0x81, 0xce, 0x76, 0x2d, 0x31,
  0xc4, 0xe7, 0x9c, 0xee, 0x43, 0x22, 0xbf, 0x0a, 0x8d, 0x0a, 0x3f, 0x8e,
  0x15, 0x05, 0xbe, 0x03, 0x23, 0xbf, 0x3c, 0x00, 0x00, 0x00, 0x00, 0x49,
  0x45, 0x4e, 0x44, 0xae, 0x42, 0x60, 0x82
};
static const unsigned char asset_202[] = {
  0x89, 0x50, 0x4e, 0x47, 0x0d, 0x0a, 0x1a, 0x0a, 0x00, 0x00, 0x00, 0x0d,
  0x49, 0x48, 0x44, 0x52, 0x00, 0x00, 0x00, 0x10, 0x00, 0x00, 0x00, 0x10,
  0x01, 0x03, 0x00, 0x00, 0x00, 0x25, 0x3d, 0x6d, 0x22, 0x00, 0x00, 0x00,
  0x06, 0x50, 0x4c, 0x54, 0x45, 0x03, 0x03, 0x03, 0xff, 0xff, 0xff, 0x76,
  0x58, 0x38, 0x4d, 0x00, 0x00, 0x00, 0x38, 0x49, 0x44, 0x41, 0x54, 0x78,
  0x5e, 0x15, 0xc2, 0xd1, 0x09, 0x80, 0x20, 0x14, 0x00, 0xc0, 0x23, 0x42,
  0xdc, 0xc2, 0x15, 0x1c, 0x20, 0xe8, 0x81, 0x82, 0x6b, 0xb4, 0x49, 0xe0,
  0x64, 0x8d, 0xd5, 0x47, 0x44, 0x04, 0x07, 0x1b, 0x8d, 0xb8, 0x44, 0x15,
  0xd9, 0x58, 0xf5, 0xa9, 0x4d, 0xb1, 0x38, 0x92, 0xf3, 0xfd, 0xed, 0x8f,
  0x72, 0xe3, 0x03, 0xbc, 0x4f, 0x0a, 0x02, 0xaf, 0xf1, 0x11, 0xae, 0x00,
  0x00, 0x00, 0x00, 0x49, 0x45, 0x4e, 0x44, 0xae, 0x42, 0x60, 0x82
};
static const unsigned char asset_203[] = {
  0x89, 0x50, 0x4e, 0x47, 0x0d, 0x0a, 0x1a, 0x0a, 0x00, 0x00, 0x00, 0x0d,
  0x49, 0x48, 0x44, 0x52, 0x00, 0x00, 0x00, 0x10, 0x00, 0x00, 0x00, 0x10,
  0x01, 0x03, 0x00, 0x00, 0x00, 0x25, 0x3d, 0x6d, 0x22, 0x00, 0x00, 0x00,
  0x06, 0x50, 0x4c, 0x54, 0x45, 0x03, 0x03, 0x03, 0xff, 0xff, 0xff, 0x76,
  0x58, 0x38, 0x4d, 0x00, 0x00, 0x00, 0x38, 0x49, 0x44, 0x41, 0x54, 0x78,
  0x5e, 0x05, 0xc0, 0x41, 0x0d, 0x80, 0x20, 0x00, 0x00, 0xc0, 0x73, 0x3e,
  0xfc, 0xf0, 0xe7, 0xc1, 0xc6, 0x4c, 0x01, 0x3f, 0x66, 0x14, 0x36, 0x5a,
  0xf8, 0x32, 0x82, 0xb1, 0x08, 0x42, 0x02, 0x13, 0x38, 0x90, 0x69, 0xdc,
  0x7c, 0xb6, 0x65, 0x9f, 0x8e, 0x57, 0x3d, 0x95, 0x4b, 0x7a, 0x04, 0x22,
  0x83, 0x0e, 0x3f, 0xa2, 0x7a, 0x06, 0x5e, 0x9b, 0xbb, 0x72, 0x59, 0x00,
  0x00, 0x00, 0x00, 0x49, 0x45, 0x4e, 0x44, 0xae, 0x42, 0x60, 0x82
};
static const unsigned char asset_204[] = {
  0x89, 0x50, 0x4e, 0x47, 0x0d, 0x0a, 0x1a, 0x0a, 0x00, 0x00, 0x00, 0x0d,
  0x49, 0x48, 0x44, 0x52, 0x00, 0x00, 0x00, 0x10, 0x00, 0x00, 0x00, 0x10,
  0x01, 0x03, 0x00, 0x00, 0x00, 0x25, 0x3d, 0x6d, 0x22, 0x00, 0x00, 0x00,
  0x06, 0x50, 0x4c, 0x54, 0x45, 0x03, 0x03, 0x03, 0xff, 0xff, 0xff, 0x76,
  0x58, 0x38, 0x4d, 0x00, 0x00, 0x00, 0x35, 0x49, 0x44, 0x41, 0x54, 0x78,
  0x5e, 0x05, 0xc0, 0xa1, 0x11, 0x80, 0x20, 0x14, 0x00, 0xd0, 0xa7, 0xf7,
  0xef, 0x28, 0x34, 0x0b, 0x63, 0x10, 0x89, 0x8e, 0x42, 0x64, 0x04, 0x47,
  0x71, 0x3c, 0x47, 0xf8, 0x91, 0xe8, 0x81, 0x9b, 0x25, 0x92, 0x74, 0x6c,
  0xd7, 0xab, 0x0c, 0xf1, 0x38, 0x53, 0xf9, 0x54, 0x1a, 0x9d, 0x09, 0x3f,
  0xc5, 0xa0, 0x07, 0x79, 0xcb, 0x6f, 0x0a, 0x7a, 0x00, 0x00, 0x00, 0x00,
  0x49, 0x45, 0x4e, 0x44, 0xae, 0x42, 0x60, 0x82
};
static const unsigned char asset_205[] = {
  0x89, 0x50, 0x4e, 0x47, 0x0d, 0x0a, 0x1a, 0x0a, 0x00, 0x00, 0x00, 0x0d,
  0x49, 0x48, 0x44, 0x52, 0x00, 0x00, 0x00, 0x10, 0x00, 0x00, 0x00, 0x10,
  0x01, 0x03, 0x00, 0x00, 0x00, 0x25, 0x3d, 0x6d, 0x22, 0x00, 0x00, 0x00,
  0x06, 0x50, 0x4c, 0x54, 0x45, 0x03, 0x03, 0x03, 0xff, 0xff, 0xff, 0x76,
  0x58, 0x38, 0x4d, 0x00, 0x00, 0x00, 0x2f, 0x49, 0x44, 0x41, 0x54, 0x78,
  0x5e, 0x15, 0x87, 0xb1, 0x11, 0x00, 0x10, 0x00, 0xc4, 0x52, 0x7e, 0xf9,
  0x9c, 0x21, 0x6c, 0xa1, 0xb5, 0x95, 0xd6, 0xd0, 0xce, 0xf1, 0x29, 0x72,
  0x09, 0x41, 0x58, 0xac, 0x13, 0xb7, 0x4e, 0x9d, 0x78, 0x53, 0xf4, 0x23,
  0x6b, 0x31, 0x6e, 0x6c, 0x80, 0x07, 0x7b, 0xc4, 0x05, 0x0e, 0xfe, 0x80,
  0x4f, 0xb6, 0x00, 0x00, 0x00, 0x00, 0x49, 0x45, 0x4e, 0x44, 0xae, 0x42,
  0x60, 0x82
};
static const unsigned char asset_206[] = {
  0x89, 0x50, 0x4e, 0x47, 0x0d, 0x0a, 0x1a, 0x0a, 0x00, 0x00, 0x00, 0x0d,
  0x49, 0x48, 0x44, 0x52, 0x00, 0x00, 0x00, 0x10, 0x00, 0x00, 0x00, 0x10,
  0x01, 0x03, 0x00, 0x00, 0x00, 0x25, 0x3d, 0x6d, 0x22, 0x00, 0x00, 0x00,
  0x06, 0x50, 0x4c, 0x54, 0x45, 0x03, 0x03, 0x03, 0xff, 0xff, 0xff, 0x76,
  0x58, 0x38, 0x4d, 0x00, 0x00, 0x00, 0x3f, 0x49, 0x44, 0x41, 0x54, 0x78,
  0x5e, 0x15, 0xca, 0xb1, 0x0d, 0x40, 0x11, 0x18, 0x00, 0xe1, 0x4b, 0xde,
  0x0b, 0xa5, 0x11, 0xd8, 0x43, 0xc2, 0x08, 0x56, 0xb0, 0x81, 0x05, 0x0c,
  0x67, 0x10, 0x85, 0x11, 0x44, 0x21, 0x0a, 0x85, 0xfc, 0xc9, 0xe5, 0xaa,
  0x0f, 0xe0, 0x6b, 0xa8, 0x8c, 0x1e, 0xf8, 0x4e, 0x0d, 0xa4, 0x25, 0x95,
  0x4d, 0xbc, 0xd8, 0x83, 0x99, 0x02, 0x7e, 0x27, 0x87, 0x07, 0x32, 0xbf,
  0x0c, 0xc4, 0x20, 0x29, 0xf7, 0x57, 0x00, 0x00, 0x00, 0x00, 0x49, 0x45,
  0x4e, 0x44, 0xae, 0x42, 0x60, 0x82
};
static const unsigned char asset_207[] = {
  0x89, 0x50, 0x4e, 0x47, 0x0d, 0x0a, 0x1a, 0x0a, 0x00, 0x00, 0x00, 0x0d,
  0x49, 0x48, 0x44, 0x52, 0x00, 0x00, 0x00, 0x10, 0x00, 0x00, 0x00, 0x10,
  0x01, 0x03, 0x00, 0x00, 0x00, 0x25, 0x3d, 0x6d, 0x22, 0x00, 0x00, 0x00,
  0x06, 0x50, 0x4c, 0x54, 0x45, 0x03, 0x03, 0x03, 0xff, 0xff, 0xff, 0x76,
  0x58, 0x38, 0x4d, 0x00, 0x00, 0x00, 0x34, 0x49, 0x44, 0x41, 0x54, 0x78,
  0x5e, 0x3d, 0xc2, 0xa1, 0x0d, 0x00, 0x20, 0x0c, 0x00, 0xc1, 0x77, 0x20,
  0x08, 0xc1, 0xd3, 0x30, 0x03, 0xb2, 0x8a, 0x99, 0x90, 0x08, 0xd2, 0x39,
  0x91, 0x8c, 0x42, 0x6a, 0xb8, 0x1c, 0x5f, 0xea, 0xd4, 0x83, 0x0a, 0x7b,
  0x60, 0xe6, 0xf3, 0x24, 0x5c, 0x62, 0xa1, 0x2d, 0x44, 0x71, 0x3c, 0x99,
  0x42, 0x06, 0x9d, 0x7e, 0x5c, 0x48, 0xa0, 0x00, 0x00, 0x00, 0x00, 0x49,
  0x45, 0x4e, 0x44, 0xae, 0x42, 0x60, 0x82
};
static const unsigned char asset_208[] = {
  0x89, 0x50, 0x4e, 0x47, 0x0d, 0x0a, 0x1a, 0x0a, 0x00, 0x00, 0x00, 0x0d,
  0x49, 0x48, 0x44, 0x52, 0x00, 0x00, 0x00, 0x10, 0x00, 0x00, 0x00, 0x10,
  0x01, 0x03, 0x00, 0x00, 0x00, 0x25, 0x3d, 0x6d, 0x22, 0x00, 0x00, 0x00,
  0x06, 0x50, 0x4c, 0x54, 0x45, 0x03, 0x03, 0x03, 0xff, 0xff, 0xff, 0x76,
  0x58, 0x38, 0x4d, 0x00, 0x00, 0x00, 0x40, 0x49, 0x44, 0x41, 0x54, 0x78,
  0x5e, 0x15, 0xca, 0xb1, 0x0d, 0x40, 0x40, 0x00, 0x00, 0xc0, 0xeb, 0xfe,
  0x75, 0x5f, 0x28, 0xbe, 0x7a, 0xad, 0x0d, 0x54, 0xa2, 0x34, 0x86, 0x35,
  0x74, 0x56, 0x30, 0x90, 0x61, 0x44, 0x6d, 0x00, 0x11, 0x11, 0xd1, 0x1f,
  0x84, 0x5d, 0x4c, 0xaa, 0x55, 0xce, 0xba, 0xd3, 0x5c, 0x2c, 0xaf, 0xe1,
  0x31, 0xdd, 0xc6, 0x43, 0x5b, 0xeb, 0x37, 0xcd, 0xf5, 0x33, 0x3e, 0x02,
  0x31, 0x0b, 0xef, 0xa5, 0x4b, 0xc8, 0x1c, 0x00, 0x00, 0x00, 0x00, 0x49,
  0x45, 0x4e, 0x44, 0xae, 0x42, 0x60, 0x82
};
static const unsigned char asset_209[] = {
  0x89, 0x50, 0x4e, 0x47, 0x0d, 0x0a, 0x1a, 0x0a, 0x00, 0x00, 0x00, 0x0d,
  0x49, 0x48, 0x44, 0x52, 0x00, 0x00, 0x00, 0x10, 0x00, 0x00, 0x00, 0x10,
  0x01, 0x03, 0x00, 0x00, 0x00, 0x25, 0x3d, 0x6d, 0x22, 0x00, 0x00, 0x00,
  0x06, 0x50, 0x4c, 0x54, 0x45, 0x03, 0x03, 0x03, 0xff, 0xff, 0xff, 0x76,
  0x58, 0x38, 0x4d, 0x00, 0x00, 0x00, 0x31, 0x49, 0x44, 0x41, 0x54, 0x78,
  0x5e, 0x55, 0xc2, 0xa1, 0x0d, 0x00, 0x20, 0x0c, 0x45, 0xc1, 0x47, 0x10,
  0x18, 0x86, 0xc1, 0x55, 0x30, 0x18, 0x96, 0xd1, 0xfe, 0x20, 0x88, 0x0e,
  0x40, 0x98, 0x81, 0x14, 0xc7, 0xe5, 0x08, 0x22, 0xcd, 0x58, 0x1b, 0x7d,
  0x31, 0xce, 0xd7, 0x36, 0xc5, 0xc9, 0xe2, 0xb9, 0x2a, 0x72, 0x0c, 0xdc,
  0xa5, 0x38, 0xdd, 0x07, 0x00, 0x00, 0x00, 0x00, 0x49, 0x45, 0x4e, 0x44,
  0xae, 0x42, 0x60, 0x82
};
static const unsigned char asset_210[] = {
  0x89, 0x50, 0x4e, 0x47, 0x0d, 0x0a, 0x1a, 0x0a, 0x00, 0x00, 0x00, 0x0d,
  0x49, 0x48, 0x44, 0x52, 0x00, 0x00, 0x00, 0x10, 0x00, 0x00, 0x00, 0x10,
  0x01, 0x03, 0x00, 0x00, 0x00, 0x25, 0x3d, 0x6d, 0x22, 0x00, 0x00, 0x00,
  0x06, 0x50, 0x4c, 0x54, 0x45, 0x03, 0x03, 0x03, 0xff, 0xff, 0xff, 0x76,
  0x58, 0x38, 0x4d, 0x00, 0x00, 0x00, 0x2c, 0x49, 0x44, 0x41, 0x54, 0x78,
  0x5e, 0x4d, 0x87, 0xc1, 0x09, 0x00, 0x30, 0x08, 0xc4, 0x02, 0x16, 0xfb,
  0x93, 0x8e, 0xd0, 0xd1, 0x1c, 0xf5, 0x46, 0x71, 0x94, 0xe2, 0xa7, 0x18,
  0xf2, 0x48, 0x98, 0x98, 0xf0, 0x64, 0x57, 0xc7, 0xba, 0xc4, 0xf9, 0xf6,
  0x9a, 0x80, 0x07, 0x61, 0x01, 0x04, 0x57, 0xc4, 0x05, 0x85, 0x3f, 0x00,
  0x00, 0x00, 0x00, 0x49, 0x45, 0x4e, 0x44, 0xae, 0x42, 0x60, 0x82
};
static const unsigned char asset_211[] = {
  0x89, 0x50, 0x4e, 0x47, 0x0d, 0x0a, 0x1a, 0x0a, 0x00, 0x00, 0x00, 0x0d,
  0x49, 0x48, 0x44, 0x52, 0x00, 0x00, 0x00, 0x10, 0x00, 0x00, 0x00, 0x10,
  0x01, 0x03, 0x00, 0x00, 0x00, 0x25, 0x3d, 0x6d, 0x22, 0x00, 0x00, 0x00,
  0x06, 0x50, 0x4c, 0x54, 0x45, 0x03, 0x03, 0x03, 0xff, 0xff, 0xff, 0x76,
  0x58, 0x38, 0x4d, 0x00, 0x00, 0x00, 0x34, 0x49, 0x44, 0x41, 0x54, 0x78,
  0x5e, 0x05, 0xc0, 0x31, 0x0d, 0xc0, 0x20, 0x10, 0x00, 0xc0, 0xeb, 0x87,
  0xa4, 0x1b, 0xa9, 0x00, 0x86, 0xca, 0x40, 0x0e, 0x12, 0x18, 0x19, 0x3b,
  0x22, 0x0d, 0x2d, 0x4c, 0x48, 0x68, 0xc0, 0xe3, 0xc2, 0x60, 0x4b, 0x8b,
  0x29, 0x8e, 0x48, 0xee, 0x4f, 0x7e, 0x15, 0x2a, 0x9d, 0x06, 0x3f, 0x89,
  0x81, 0x05, 0x99, 0x8a, 0x8e, 0x85, 0x54, 0x00, 0x00, 0x00, 0x00, 0x49,
  0x45, 0x4e, 0x44, 0xae, 0x42, 0x60, 0x82
};
static const unsigned char asset_212[] = {
  0x89, 0x50, 0x4e, 0x47, 0x0d, 0x0a, 0x1a, 0x0a, 0x00, 0x00, 0x00, 0x0d,
  0x49, 0x48, 0x44, 0x52, 0x00, 0x00, 0x00, 0x10, 0x00, 0x00, 0x00, 0x10,
  0x01, 0x03, 0x00, 0x00, 0x00, 0x25, 0x3d, 0x6d, 0x22, 0x00, 0x00, 0x00,
  0x06, 0x50, 0x4c, 0x54, 0x45, 0x03, 0x03, 0x03, 0xff, 0xff, 0xff, 0x76,
  0x58, 0x38, 0x4d, 0x00, 0x00, 0x00, 0x39, 0x49, 0x44, 0x41, 0x54, 0x78,
  0x5e, 0x15, 0xc2, 0xb1, 0x09, 0x80, 0x40, 0x0c, 0x00, 0xc0, 0x43, 0x44,
  0xbe, 0xb0, 0xf8, 0x11, 0x1c, 0xc1, 0x11, 0x1c, 0x25, 0x36, 0xa9, 0x3e,
  0x3b, 0x58, 0x39, 0x8f, 0x95, 0xf3, 0x89, 0x70, 0x70, 0x4c, 0xb6, 0x59,
  0x6f, 0x5a, 0x97, 0xf9, 0x8b, 0x45, 0xbd, 0xea, 0x51, 0xb7, 0xb1, 0x3b,
  0x2f, 0x2b, 0x01, 0x1f, 0xa4, 0x8f, 0x07, 0xb1, 0x62, 0x00, 0x6a, 0xa3,
  0x00, 0x00, 0x00, 0x00, 0x49, 0x45, 0x4e, 0x44, 0xae, 0x42, 0x60, 0x82
};
static const unsigned char asset_213[] = {
  0x53, 0x63, 0x72, 0x6f, 0x6c, 0x6c, 0x20, 0x6f, 0x27, 0x20, 0x53, 0x70,
  0x72, 0x69, 0x74, 0x65, 0x73, 0x20, 0x62, 0x79, 0x20, 0x53, 0x65, 0x62,
  0x61, 0x73, 0x74, 0x69, 0x61, 0x61, 0x6e, 0x20, 0x76, 0x61, 0x6e, 0x20,
  0x48, 0x69, 0x6a, 0x66, 0x74, 0x65, 0x2c, 0x20, 0x32, 0x30, 0x31, 0x33,
  0x0a, 0x0a, 0x54, 0x68, 0x69, 0x73, 0x20, 0x77, 0x6f, 0x72, 0x6b, 0x20,
  0x69, 0x73, 0x20, 0x6c, 0x69, 0x63, 0x65, 0x6e, 0x73, 0x65, 0x64, 0x20,
  0x75, 0x6e, 0x64, 0x65, 0x72, 0x20, 0x74, 0x68, 0x65, 0x20, 0x43, 0x72,
  0x65, 0x61, 0x74, 0x69, 0x76, 0x65, 0x20, 0x43, 0x6f, 0x6d, 0x6d, 0x6f,
  0x6e, 0x73, 0x0a, 0x41, 0x74, 0x74, 0x72, 0x69, 0x62, 0x75, 0x74, 0x69,
  0x6f, 0x6e, 0x20, 0x33, 0x2e, 0x30, 0x20, 0x55, 0x6e, 0x70, 0x6f, 0x72,
  0x74, 0x65, 0x64, 0x20, 0x4c, 0x69, 0x63, 0x65, 0x6e, 0x73, 0x65, 0x2e,
  0x20, 0x54, 0x6f, 0x20, 0x76, 0x69, 0x65, 0x77, 0x20, 0x61, 0x20, 0x63,
  0x6f, 0x70, 0x79, 0x20, 0x6f, 0x66, 0x20, 0x74, 0x68, 0x69, 0x73, 0x0a,
  0x6c, 0x69, 0x63, 0x65, 0x6e, 0x73, 0x65, 0x2c, 0x20, 0x76, 0x69, 0x73,
  0x69, 0x74, 0x20, 0x68, 0x74, 0x74, 0x70, 0x3a, 0x2f, 0x2f, 0x63, 0x72,
  0x65, 0x61, 0x74, 0x69, 0x76, 0x65, 0x63, 0x6f, 0x6d, 0x6d, 0x6f, 0x6e,
  0x73, 0x2e, 0x6f, 0x72, 0x67, 0x2f, 0x6c, 0x69, 0x63, 0x65, 0x6e, 0x73,
  0x65, 0x73, 0x2f, 0x62, 0x79, 0x2f, 0x33, 0x2e, 0x30, 0x2f, 0x0a, 0x6f,
  0x72, 0x20, 0x73, 0x65, 0x6e, 0x64, 0x20, 0x61, 0x20, 0x6c, 0x65, 0x74,
  0x74, 0x65, 0x72, 0x20, 0x74, 0x6f, 0x20, 0x43, 0x72, 0x65, 0x61, 0x74,
  0x69, 0x76, 0x65, 0x20, 0x43, 0x6f, 0x6d, 0x6d, 0x6f, 0x6e, 0x73, 0x2c,
  0x20, 0x50, 0x4f, 0x20, 0x42, 0x6f, 0x78, 0x20, 0x31, 0x38, 0x36, 0x36,
  0x2c, 0x0a, 0x4d, 0x6f, 0x75, 0x6e, 0x74, 0x61, 0x69, 0x6e, 0x20, 0x56,
  0x69, 0x65, 0x77, 0x2c, 0x20, 0x43, 0x41, 0x20, 0x39, 0x34, 0x30, 0x34,
  0x32, 0x2c, 0x20, 0x55, 0x53, 0x41, 0x2e
};
static const unsigned char asset_214[] = {
  0x89, 0x50, 0x4e, 0x47, 0x0d, 0x0a, 0x1a, 0x0a, 0x00, 0x00, 0x00, 0x0d,
  0x49, 0x48, 0x44, 0x52, 0x00, 0x00, 0x00, 0x10, 0x00, 0x00, 0x00, 0x10,
  0x01, 0x03, 0x00, 0x00, 0x00, 0x25, 0x3d, 0x6d, 0x22, 0x00, 0x00, 0x00,
  0x06, 0x50, 0x4c, 0x54, 0x45, 0x03, 0x03, 0x03, 0xff, 0xff, 0xff, 0x76,
  0x58, 0x38, 0x4d, 0x00, 0x00, 0x00, 0x3a, 0x49, 0x44, 0x41, 0x54, 0x78,
  0x5e, 0x15, 0xca, 0xb1, 0x09, 0x80, 0x30, 0x10, 0x00, 0xc0, 0x43, 0x9f,
  0x60, 0xf1, 0x45, 0x46, 0xd0, 0x26, 0xb5, 0x23, 0xc4, 0xc6, 0x79, 0xc4,
  0x29, 0xc4, 0xa9, 0x1c, 0x4d, 0x02, 0x57, 0x1e, 0xcc, 0x9f, 0xbc, 0xd4,
  0xc7, 0x16, 0xc3, 0x51, 0xf4, 0x57, 0xbf, 0x9d, 0x93, 0x16, 0xd6, 0x50,
  0x17, 0xb9, 0x8f, 0xc6, 0x0f, 0x8f, 0xb1, 0x05, 0x92, 0x52, 0x9e, 0x83,
  0xcc, 0x00, 0x00, 0x00, 0x00, 0x49, 0x45, 0x4e, 0x44, 0xae, 0x42, 0x60,
  0x82
};
static const unsigned char asset_215[] = {
  0x89, 0x50, 0x4e, 0x47, 0x0d, 0x0a, 0x1a, 0x0a, 0x00, 0x00, 0x00, 0x0d,
  0x49, 0x48, 0x44, 0x52, 0x00, 0x00, 0x00, 0x10, 0x00, 0x00, 0x00, 0x10,
  0x01, 0x03, 0x00, 0x00, 0x00, 0x25, 0x3d, 0x6d, 0x22, 0x00, 0x00, 0x00,
  0x06, 0x50, 0x4c, 0x54, 0x45, 0x03, 0x03, 0x03, 0xff, 0xff, 0xff, 0x76,
  0x58, 0x38, 0x4d, 0x00, 0x00, 0x00, 0x30, 0x49, 0x44, 0x41, 0x54, 0x78,
  0x5e, 0x45, 0xc9, 0x31, 0x0d, 0x00, 0x20, 0x0c, 0x05, 0xd1, 0xdb, 0xba,
  0x20, 0xa0, 0x32, 0xea, 0xa9, 0xc9, 0x97, 0x86, 0x0a, 0xc4, 0x7c, 0x29,
  0x04, 0x18, 0x78, 0xb9, 0xed, 0x78, 0xc2, 0x64, 0x52, 0x83, 0x9e, 0x48,
  0xbf, 0x5e, 0x14, 0x67, 0x85, 0xb9, 0x36, 0xbd, 0xbc, 0x07, 0xf3, 0x76,
  0x39, 0x0d, 0x84, 0x00, 0x00, 0x00, 0x00, 0x49, 0x45, 0x4e, 0x44, 0xae,
  0x42, 0x60, 0x82
};
static const unsigned char asset_216[] = {
  0x89, 0x50, 0x4e, 0x47, 0x0d, 0x0a, 0x1a, 0x0a, 0x00, 0x00, 0x00, 0x0d,
  0x49, 0x48, 0x44, 0x52, 0x00, 0x00, 0x00, 0x10, 0x00, 0x00, 0x00, 0x10,
  0x01, 0x03, 0x00, 0x00, 0x00, 0x25, 0x3d, 0x6d, 0x22, 0x00, 0x00, 0x00,
  0x06, 0x50, 0x4c, 0x54, 0x45, 0x03, 0x03, 0x03, 0xff, 0xff, 0xff, 0x76,
  0x58, 0x38, 0x4d, 0x00, 0x00, 0x00, 0x3e, 0x49, 0x44, 0x41, 0x54, 0x78,
  0x5e, 0x1d, 0xc8, 0xb1, 0x11, 0x40, 0x30, 0x00, 0x00, 0xc0, 0x3f, 0x0a,
  0xa7, 0x61, 0x01, 0x67, 0x02, 0x65, 0x0a, 0x85, 0x0b, 0x23, 0x29, 0x15,
  0x19, 0xc2, 0x48, 0x19, 0xc5, 0x08, 0xca, 0x94, 0xb9, 0x4b, 0xfb, 0x70,
  0x4f, 0x9e, 0x55, 0x8a, 0x62, 0xb2, 0x14, 0xe3, 0xaf, 0xff, 0x0c, 0xd9,
  0xfc, 0x3a, 0x8f, 0x86, 0xbb, 0x2d, 0xb8, 0x3a, 0x54, 0xeb, 0x11, 0x09,
  0x0a, 0x89, 0x86, 0xf6, 0x02, 0x00, 0x00, 0x00, 0x00, 0x49, 0x45, 0x4e,
  0x44, 0xae, 0x42, 0x60, 0x82
};
static const unsigned char asset_217[] = {
  0x89, 0x50, 0x4e, 0x47, 0x0d, 0x0a, 0x1a, 0x0a, 0x00, 0x00, 0x00, 0x0d,
  0x49, 0x48, 0x44, 0x52, 0x00, 0x00, 0x00, 0x10, 0x00, 0x00, 0x00, 0x10,
  0x01, 0x03, 0x00, 0x00, 0x00, 0x25, 0x3d, 0x6d, 0x22, 0x00, 0x00, 0x00,
  0x06, 0x50, 0x4c, 0x54, 0x45, 0x03, 0x03, 0x03, 0xff, 0xff, 0xff, 0x76,
  0x58, 0x38, 0x4d, 0x00, 0x00, 0x00, 0x3b, 0x49, 0x44, 0x41, 0x54, 0x78,
  0x5e, 0x05, 0xc0, 0x31, 0x0d, 0x80, 0x30, 0x10, 0x00, 0xc0, 0x4b, 0xba,
  0x83, 0x81, 0x06, 0x34, 0xb0, 0x75, 0x78, 0x0d, 0x78, 0xa1, 0xf8, 0x40,
  0x03, 0x52, 0x50, 0x80, 0x16, 0xc6, 0x1f, 0x3a, 0x10, 0x28, 0x8f, 0xf9,
  0xb3, 0xa6, 0x08, 0xad, 0x3a, 0x2e, 0x7d, 0xd7, 0x5f, 0xe7, 0x62, 0x1b,
  0x5a, 0xaa, 0x4c, 0x94, 0x1b, 0x3f, 0x09, 0x77, 0x0a, 0x60, 0x46, 0xba,
  0xce, 0x19, 0x00, 0x00, 0x00, 0x00, 0x49, 0x45, 0x4e, 0x44, 0xae, 0x42,
  0x60, 0x82
};
static const unsigned char asset_218[] = {
  0x89, 0x50, 0x4e, 0x47, 0x0d, 0x0a, 0x1a, 0x0a, 0x00, 0x00, 0x00, 0x0d,
  0x49, 0x48, 0x44, 0x52, 0x00, 0x00, 0x00, 0x10, 0x00, 0x00, 0x00, 0x10,
  0x01, 0x03, 0x00, 0x00, 0x00, 0x25, 0x3d, 0x6d, 0x22, 0x00, 0x00, 0x00,
  0x06, 0x50, 0x4c, 0x54, 0x45, 0x03, 0x03, 0x03, 0xff, 0xff, 0xff, 0x76,
  0x58, 0x38, 0x4d, 0x00, 0x00, 0x00, 0x3b, 0x49, 0x44, 0x41, 0x54, 0x78,
  0x5e, 0x15, 0xca, 0xbb, 0x0d, 0x00, 0x10, 0x18, 0x00, 0xe1, 0x4b, 0x14,
  0x24, 0xe2, 0x55, 0xaa, 0xac, 0x64, 0x14, 0x63, 0x18, 0xc1, 0x18, 0x46,
  0x30, 0x8a, 0x11, 0x94, 0x4a, 0xfe, 0xe4, 0x6b, 0x2e, 0x39, 0x00, 0xbd,
  0x09, 0x87, 0x72, 0x45, 0x1e, 0xa4, 0x2e, 0x7c, 0x43, 0x2d, 0x6c, 0xc5,
  0x44, 0xdc, 0xfc, 0x8f, 0x24, 0x3c, 0x03, 0x1f, 0x0a, 0x13, 0xab, 0x45,
  0x5c, 0x22, 0x00, 0x00, 0x00, 0x00, 0x49, 0x45, 0x4e, 0x44, 0xae, 0x42,
  0x60, 0x82
};
static const unsigned char asset_219[] = {
  0x89, 0x50, 0x4e, 0x47, 0x0d, 0x0a, 0x1a, 0x0a, 0x00, 0x00, 0x00, 0x0d,
  0x49, 0x48, 0x44, 0x52, 0x00, 0x00, 0x00, 0x10, 0x00, 0x00, 0x00, 0x10,
  0x01, 0x03, 0x00, 0x00, 0x00, 0x25, 0x3d, 0x6d, 0x22, 0x00, 0x00, 0x00,
  0x06, 0x50, 0x4c, 0x54, 0x45, 0x03, 0x03, 0x03, 0xff, 0xff, 0xff, 0x76,
  0x58, 0x38, 0x4d, 0x00, 0x00, 0x00, 0x2a, 0x49, 0x44, 0x41, 0x54, 0x78,
  0x5e, 0x6d, 0xc2, 0xc1, 0x09, 0x00, 0x10, 0x00, 0x00, 0xc0, 0x23, 0x4a,
  0xf9, 0xf8, 0x79, 0xb2, 0x81, 0x15, 0x8c, 0x66, 0x6c, 0x4f, 0x0b, 0xa8,
  0x83, 0x71, 0xcd, 0x64, 0xfd, 0xf4, 0xa2, 0x36, 0x79, 0x8a, 0x5b, 0x38,
  0x78, 0x65, 0xfe, 0x03, 0xc3, 0xe9, 0x1e, 0xbe, 0xe5, 0x00, 0x00, 0x00,
  0x00, 0x49, 0x45, 0x4e, 0x44, 0xae, 0x42, 0x60, 0x82
};
static const unsigned char asset_220[] = {
  0x89, 0x50, 0x4e, 0x47, 0x0d, 0x0a, 0x1a, 0x0a, 0x00, 0x00, 0x00, 0x0d,
  0x49, 0x48, 0x44, 0x52, 0x00, 0x00, 0x00, 0x10, 0x00, 0x00, 0x00, 0x10,
  0x01, 0x03, 0x00, 0x00, 0x00, 0x25, 0x3d, 0x6d, 0x22, 0x00, 0x00, 0x00,
  0x06, 0x50, 0x4c, 0x54, 0x45, 0x03, 0x03, 0x03, 0xff, 0xff, 0xff, 0x76,
  0x58, 0x38, 0x4d, 0x00, 0x00, 0x00, 0x39, 0x49, 0x44, 0x41, 0x54, 0x78,
  0x5e, 0x1d, 0x8a, 0xb1, 0x0d, 0x00, 0x10, 0x10, 0x00, 0x2f, 0x12, 0xd1,
  0x29, 0xf5, 0x22, 0x51, 0xff, 0x08, 0x5f, 0x18, 0x40, 0x65, 0x03, 0xfb,
  0x19, 0xca, 0x00, 0x46, 0xe0, 0x5d, 0xae, 0xb8, 0xe2, 0x00, 0xd4, 0x91,
  0x1b, 0x5e, 0xbf, 0xdd, 0x9c, 0x83, 0x70, 0xa8, 0x42, 0x5a, 0x44, 0xb1,
  0x2e, 0xdb, 0x36, 0xb8, 0x92, 0xa1, 0x07, 0x28, 0xb4, 0x83, 0xb0, 0xf0,
  0x00, 0x00, 0x00, 0x00, 0x49, 0x45, 0x4e, 0x44, 0xae, 0x42, 0x60, 0x82
};
static const unsigned char asset_221[] = {
  0x89, 0x50, 0x4e, 0x47, 0x0d, 0x0a, 0x1a, 0x0a, 0x00, 0x00, 0x00, 0x0d,
  0x49, 0x48, 0x44, 0x52, 0x00, 0x00, 0x00, 0x10, 0x00, 0x00, 0x00, 0x10,
  0x01, 0x03, 0x00, 0x00, 0x00, 0x25, 0x3d, 0x6d, 0x22, 0x00, 0x00, 0x00,
  0x06, 0x50, 0x4c, 0x54, 0x45, 0x03, 0x03, 0x03, 0xff, 0xff, 0xff, 0x76,
  0x58, 0x38, 0x4d, 0x00, 0x00, 0x00, 0x35, 0x49, 0x44, 0x41, 0x54, 0x78,
  0x5e, 0x15, 0xca, 0xa1, 0x0d, 0x80, 0x40, 0x0c, 0x00, 0xc0, 0x0b, 0x34,
  0xa1, 0xb2, 0xcf, 0x04, 0x8c, 0x02, 0x16, 0xf9, 0x23, 0xa1, 0x18, 0xb3,
  0xa3, 0x10, 0xfc, 0xc1, 0xf9, 0x38, 0xc2, 0xda, 0xa2, 0x64, 0x1a, 0x6d,
  0x96, 0xfd, 0x36, 0x5e, 0x95, 0xb2, 0x6c, 0xfd, 0x83, 0x6b, 0xc1, 0x07,
  0x92, 0x39, 0x05, 0xb4, 0xd8, 0xe0, 0xe2, 0x95, 0x00, 0x00, 0x00, 0x00,
  0x49, 0x45, 0x4e, 0x44, 0xae, 0x42, 0x60, 0x82
};
static const unsigned char asset_222[] = {
  0x89, 0x50, 0x4e, 0x47, 0x0d, 0x0a, 0x1a, 0x0a, 0x00, 0x00, 0x00, 0x0d,
  0x49, 0x48, 0x44, 0x52, 0x00, 0x00, 0x00, 0x10, 0x00, 0x00, 0x00, 0x10,
  0x01, 0x03, 0x00, 0x00, 0x00, 0x25, 0x3d, 0x6d, 0x22, 0x00, 0x00, 0x00,
  0x06, 0x50, 0x4c, 0x54, 0x45, 0x03, 0x03, 0x03, 0xff, 0xff, 0xff, 0x76,
  0x58, 0x38, 0x4d, 0x00, 0x00, 0x00, 0x2e, 0x49, 0x44, 0x41, 0x54, 0x78,
  0x5e, 0x3d, 0x88, 0xa1, 0x11, 0x00, 0x20, 0x10, 0xc3, 0x72, 0x87, 0xc0,
  0xa1, 0x23, 0x18, 0x84, 0xb1, 0x18, 0x91, 0x51, 0x7e, 0x14, 0x6a, 0x20,
  0x57, 0x91, 0x94, 0x8f, 0x32, 0x17, 0x63, 0xd3, 0x8b, 0x76, 0xb2, 0x48,
  0x32, 0x27, 0xca, 0xe3, 0x02, 0x7e, 0x5c, 0x05, 0x59, 0x2d, 0x32, 0x28,
  0xaf, 0x00, 0x00, 0x00, 0x00, 0x49, 0x45, 0x4e, 0x44, 0xae, 0x42, 0x60,
  0x82
};
static const unsigned char asset_223[] = {
  0x89, 0x50, 0x4e, 0x47, 0x0d, 0x0a, 0x1a, 0x0a, 0x00, 0x00, 0x00, 0x0d,
  0x49, 0x48, 0x44, 0x52, 0x00, 0x00, 0x00, 0x10, 0x00, 0x00, 0x00, 0x10,
  0x01, 0x03, 0x00, 0x00, 0x00, 0x25, 0x3d, 0x6d, 0x22, 0x00, 0x00, 0x00,
  0x06, 0x50, 0x4c, 0x54, 0x45, 0x03, 0x03, 0x03, 0xff, 0xff, 0xff, 0x76,
  0x58, 0x38, 0x4d, 0x00, 0x00, 0x00, 0x3b, 0x49, 0x44, 0x41, 0x54, 0x78,
  0x5e, 0x05, 0xc0, 0x31, 0x0a, 0x80, 0x20, 0x00, 0x00, 0xc0, 0x0b, 0xa2,
  0xb6, 0xa2, 0xcd, 0x1f, 0xb4, 0x06, 0x42, 0x6b, 0xdf, 0x69, 0x14, 0x67,
  0x1f, 0xd1, 0xf3, 0x9a, 0xc2, 0x87, 0x88, 0x04, 0x0c, 0x6c, 0x8f, 0xf8,
  0x8a, 0xcd, 0xde, 0xac, 0xdd, 0xd5, 0x95, 0x4f, 0x3e, 0xdd, 0x8b, 0x34,
  0x39, 0x46, 0x21, 0x98, 0x2b, 0x7e, 0x09, 0x8d, 0x0a, 0x83, 0x27, 0xb4,
  0xce, 0x3d, 0x00, 0x00, 0x00, 0x00, 0x49, 0x45, 0x4e, 0x44, 0xae, 0x42,
  0x60, 0x82
};
static const unsigned char asset_224[] = {
  0x89, 0x50, 0x4e, 0x47, 0x0d, 0x0a, 0x1a, 0x0a, 0x00, 0x00, 0x00, 0x0d,
  0x49, 0x48, 0x44, 0x52, 0x00, 0x00, 0x00, 0x10, 0x00, 0x00, 0x00, 0x10,
  0x01, 0x03, 0x00, 0x00, 0x00, 0x25, 0x3d, 0x6d, 0x22, 0x00, 0x00, 0x00,
  0x06, 0x50, 0x4c, 0x54, 0x45, 0x03, 0x03, 0x03, 0xff, 0xff, 0xff, 0x76,
  0x58, 0x38, 0x4d, 0x00, 0x00, 0x00, 0x30, 0x49, 0x44, 0x41, 0x54, 0x78,
  0x5e, 0x45, 0xca, 0xa1, 0x15, 0x00, 0x20, 0x08, 0x00, 0xd1, 0xf3, 0x19,
  0x8c, 0x6e, 0x80, 0xa3, 0xb8, 0x16, 0x91, 0xd1, 0x18, 0xc5, 0x11, 0x8c,
  0x06, 0x03, 0x0d, 0xee, 0xfd, 0x78, 0x64, 0xa2, 0xec, 0x5f, 0xd6, 0x63,
  0x5e, 0xc6, 0xa1, 0x3b, 0xcd, 0xf2, 0x0a, 0xf0, 0xab, 0x09, 0xc4, 0x3c,
  0x6b, 0xd7, 0xaa, 0x00, 0x00, 0x00, 0x00, 0x49, 0x45, 0x4e, 0x44, 0xae,
  0x42, 0x60, 0x82
};
static const unsigned char asset_225[] = {
  0x89, 0x50, 0x4e, 0x47, 0x0d, 0x0a, 0x1a, 0x0a, 0x00, 0x00, 0x00, 0x0d,
  0x49, 0x48, 0x44, 0x52, 0x00, 0x00, 0x00, 0x10, 0x00, 0x00, 0x00, 0x10,
  0x01, 0x03, 0x00, 0x00, 0x00, 0x25, 0x3d, 0x6d, 0x22, 0x00, 0x00, 0x00,
  0x06, 0x50, 0x4c, 0x54, 0x45, 0x03, 0x03, 0x03, 0xff, 0xff, 0xff, 0x76,
  0x58, 0x38, 0x4d, 0x00, 0x00, 0x00, 0x30, 0x49, 0x44, 0x41, 0x54, 0x78,
  0x5e, 0x15, 0xc4, 0x31, 0x0d, 0x00, 0x21, 0x0c, 0x00, 0xc0, 0x23, 0x1f,
  0x12, 0x46, 0x04, 0xa0, 0xa0, 0x0a, 0x18, 0x5f, 0x44, 0x05, 0x54, 0x0a,
  0xd2, 0x09, 0xcb, 0x01, 0x66, 0xc9, 0xb2, 0xc9, 0x61, 0x06, 0x8b, 0x60,
  0x68, 0xf4, 0xdf, 0x77, 0x9e, 0x0d, 0x2e, 0x57, 0x35, 0x03, 0x50, 0x74,
  0x88, 0xba, 0x1c, 0x00, 0x00, 0x00, 0x00, 0x49, 0x45, 0x4e, 0x44, 0xae,
  0x42, 0x60, 0x82
};
static const unsigned char asset_226[] = {
  0x89, 0x50, 0x4e, 0x47, 0x0d, 0x0a, 0x1a, 0x0a, 0x00, 0x00, 0x00, 0x0d,
  0x49, 0x48, 0x44, 0x52, 0x00, 0x00, 0x00, 0x10, 0x00, 0x00, 0x00, 0x10,
  0x01, 0x03, 0x00, 0x00, 0x00, 0x25, 0x3d, 0x6d, 0x22, 0x00, 0x00, 0x00,
  0x06, 0x50, 0x4c, 0x54, 0x45, 0x03, 0x03, 0x03, 0xff, 0xff, 0xff, 0x76,
  0x58, 0x38, 0x4d, 0x00, 0x00, 0x00, 0x2f, 0x49, 0x44, 0x41, 0x54, 0x78,
  0x5e, 0x05, 0xc0, 0x31, 0x0d, 0xc0, 0x20, 0x10, 0x05, 0xd0, 0x47, 0x7e,
  0x53, 0x46, 0x24, 0xd4, 0x2a, 0xd2, 0x90, 0x82, 0x84, 0x1b, 0x6f, 0x6c,
  0x00, 0x69, 0x29, 0xf3, 0x9a, 0xc7, 0xda, 0x56, 0xfb, 0xca, 0xb8, 0xc6,
  0x91, 0x2d, 0xbc, 0x3c, 0xf0, 0x03, 0xe6, 0x10, 0x08, 0x74, 0x62, 0xbb,
  0x40, 0x7d, 0x00, 0x00, 0x00, 0x00, 0x49, 0x45, 0x4e, 0x44, 0xae, 0x42,
  0x60, 0x82
};
static const unsigned char asset_227[] = {
  0x89, 0x50, 0x4e, 0x47, 0x0d, 0x0a, 0x1a, 0x0a, 0x00, 0x00, 0x00, 0x0d,
  0x49, 0x48, 0x44, 0x52, 0x00, 0x00, 0x00, 0x10, 0x00, 0x00, 0x00, 0x10,
  0x01, 0x03, 0x00, 0x00, 0x00, 0x25, 0x3d, 0x6d, 0x22, 0x00, 0x00, 0x00,
  0x06, 0x50, 0x4c, 0x54, 0x45, 0x03, 0x03, 0x03, 0xff, 0xff, 0xff, 0x76,
  0x58, 0x38, 0x4d, 0x00, 0x00, 0x00, 0x2d, 0x49, 0x44, 0x41, 0x54, 0x78,
  0x5e, 0x3d, 0x8a, 0xc1, 0x0d, 0x00, 0x20, 0x08, 0xc4, 0x6a, 0x18, 0xc0,
  0x11, 0x5c, 0xd5, 0x51, 0x19, 0xe1, 0x9e, 0x3c, 0x15, 0x48, 0x68, 0xee,
  0x73, 0x69, 0x69, 0xf6, 0xe5, 0x38, 0x26, 0x96, 0x20, 0x66, 0x79, 0x4d,
  0x5f, 0x65, 0x50, 0x3c, 0xfd, 0x92, 0x0a, 0xc5, 0x77, 0xdc, 0x89, 0xcd,
  0x00, 0x00, 0x00, 0x00, 0x49, 0x45, 0x4e, 0x44, 0xae, 0x42, 0x60, 0x82
};
static const unsigned char asset_228[] = {
  0x89, 0x50, 0x4e, 0x47, 0x0d, 0x0a, 0x1a, 0x0a, 0x00, 0x00, 0x00, 0x0d,
  0x49, 0x48, 0x44, 0x52, 0x00, 0x00, 0x00, 0x10, 0x00, 0x00, 0x00, 0x10,
  0x01, 0x03, 0x00, 0x00, 0x00, 0x25, 0x3d, 0x6d, 0x22, 0x00, 0x00, 0x00,
  0x06, 0x50, 0x4c, 0x54, 0x45, 0x03, 0x03, 0x03, 0xff, 0xff, 0xff, 0x76,
  0x58, 0x38, 0x4d, 0x00, 0x00, 0x00, 0x33, 0x49, 0x44, 0x41, 0x54, 0x78,
  0x5e, 0x25, 0xca, 0x31, 0x0d, 0x00, 0x20, 0x0c, 0x05, 0xd1, 0x23, 0x69,
  0x52, 0x24, 0x20, 0x83, 0x81, 0xb1, 0x82, 0x90, 0xf0, 0x25, 0x22, 0x89,
  0x91, 0x36, 0x5c, 0xde, 0x78, 0x54, 0x03, 0x44, 0xbb, 0x78, 0x3a, 0x78,
  0xc7, 0xd2, 0xc6, 0xc4, 0x12, 0x31, 0x89, 0x5a, 0x7e, 0x0f, 0x9f, 0x52,
  0x05, 0xc7, 0x2e, 0x02, 0x38, 0x06, 0x00, 0x00, 0x00, 0x00, 0x49, 0x45,
  0x4e, 0x44, 0xae, 0x42, 0x60, 0x82
};
static const unsigned char asset_229[] = {
  0x89, 0x50, 0x4e, 0x47, 0x0d, 0x0a, 0x1a, 0x0a, 0x00, 0x00, 0x00, 0x0d,
  0x49, 0x48, 0x44, 0x52, 0x00, 0x00, 0x00, 0x10, 0x00, 0x00, 0x00, 0x10,
  0x01, 0x03, 0x00, 0x00, 0x00, 0x25, 0x3d, 0x6d, 0x22, 0x00, 0x00, 0x00,
  0x06, 0x50, 0x4c, 0x54, 0x45, 0x03, 0x03, 0x03, 0xff, 0xff, 0xff, 0x76,
  0x58, 0x38, 0x4d, 0x00, 0x00, 0x00, 0x22, 0x49, 0x44, 0x41, 0x54, 0x78,
  0x5e, 0x45, 0xc8, 0x3b, 0x0d, 0x00, 0x00, 0x08, 0x03, 0x51, 0x12, 0x84,
  0xe0, 0xdf, 0x45, 0x65, 0x75, 0x64, 0xe9, 0xe7, 0xf2, 0xa6, 0x9b, 0xb4,
  0x90, 0x63, 0x74, 0xba, 0x07, 0xd2, 0x97, 0x08, 0xef, 0xc0, 0x83, 0x25,
  0xb8, 0x00, 0x00, 0x00, 0x00, 0x49, 0x45, 0x4e, 0x44, 0xae, 0x42, 0x60,
  0x82
};
static const unsigned char asset_230[] = {
  0x89, 0x50, 0x4e, 0x47, 0x0d, 0x0a, 0x1a, 0x0a, 0x00, 0x00, 0x00, 0x0d,
  0x49, 0x48, 0x44, 0x52, 0x00, 0x00, 0x00, 0x10, 0x00, 0x00, 0x00, 0x10,
  0x01, 0x03, 0x00, 0x00, 0x00, 0x25, 0x3d, 0x6d, 0x22, 0x00, 0x00, 0x00,
  0x06, 0x50, 0x4c, 0x54, 0x45, 0x03, 0x03, 0x03, 0xff, 0xff, 0xff, 0x76,
  0x58, 0x38, 0x4d, 0x00, 0x00, 0x00, 0x33, 0x49, 0x44, 0x41, 0x54, 0x78,
  0x5e, 0x15, 0xc2, 0xc1, 0x09, 0x80, 0x40, 0x0c, 0x00, 0xb0, 0xb4, 0x3a,
  0x88, 0x63, 0xe8, 0xdf, 0x91, 0x7c, 0x3a, 0x5c, 0x47, 0x71, 0x8c, 0x22,
  0x72, 0xc8, 0x85, 0x80, 0x16, 0x9f, 0x65, 0xcc, 0xf9, 0xca, 0x74, 0xac,
  0xee, 0x76, 0x71, 0xb2, 0x97, 0x78, 0xc4, 0x46, 0xe1, 0x07, 0x05, 0x6e,
  0x0a, 0x1b, 0x7f, 0x23, 0xb4, 0xb2, 0x00, 0x00, 0x00, 0x00, 0x49, 0x45,
  0x4e, 0x44, 0xae, 0x42, 0x60, 0x82
};
static const unsigned char asset_231[] = {
  0x89, 0x50, 0x4e, 0x47, 0x0d, 0x0a, 0x1a, 0x0a, 0x00, 0x00, 0x00, 0x0d,
  0x49, 0x48, 0x44, 0x52, 0x00, 0x00, 0x00, 0x10, 0x00, 0x00, 0x00, 0x10,
  0x01, 0x03, 0x00, 0x00, 0x00, 0x25, 0x3d, 0x6d, 0x22, 0x00, 0x00, 0x00,
  0x06, 0x50, 0x4c, 0x54, 0x45, 0x03, 0x03, 0x03, 0xff, 0xff, 0xff, 0x76,
  0x58, 0x38, 0x4d, 0x00, 0x00, 0x00, 0x33, 0x49, 0x44, 0x41, 0x54, 0x78,
  0x5e, 0x25, 0xc6, 0xb1, 0x0d, 0x80, 0x20, 0x10, 0x00, 0xc0, 0xfb, 0xd8,
  0xd8, 0xda, 0xd3, 0xb8, 0x05, 0x63, 0x31, 0xc0, 0x17, 0x8e, 0xc6, 0x28,
  0x4c, 0xf2, 0x31, 0x84, 0xe4, 0x8a, 0x83, 0xa8, 0x4d, 0xa3, 0xcb, 0xe1,
  0x5e, 0x9e, 0xf2, 0x96, 0x04, 0xd7, 0xe4, 0x13, 0x27, 0x7e, 0xe3, 0xd7,
  0x08, 0xd8, 0x9e, 0xcd, 0xdd, 0xb8, 0x00, 0x00, 0x00, 0x00, 0x49, 0x45,
  0x4e, 0x44, 0xae, 0x42, 0x60, 0x82
};
static const unsigned char asset_232[] = {
  0x89, 0x50, 0x4e, 0x47, 0x0d, 0x0a, 0x1a, 0x0a, 0x00, 0x00, 0x00, 0x0d,
  0x49, 0x48, 0x44, 0x52, 0x00, 0x00, 0x00, 0x10, 0x00, 0x00, 0x00, 0x10,
  0x01, 0x03, 0x00, 0x00, 0x00, 0x25, 0x3d, 0x6d, 0x22, 0x00, 0x00, 0x00,
  0x03, 0x50, 0x4c, 0x54, 0x45, 0xff, 0xff, 0xff, 0xa7, 0xc4, 0x1b, 0xc8,
  0x00, 0x00, 0x00, 0x14, 0x49, 0x44, 0x41, 0x54, 0x78, 0x5e, 0x95, 0xc0,
  0x81, 0x00, 0x00, 0x00, 0x00, 0x80, 0xa0, 0xfd, 0xa9, 0x67, 0xa8, 0xd0,
  0x00, 0x30, 0x00, 0x01, 0x27, 0xbf, 0x24, 0xa4, 0x00, 0x00, 0x00, 0x00,
  0x49, 0x45, 0x4e, 0x44, 0xae, 0x42, 0x60, 0x82
};
static const unsigned char asset_233[] = {
  0x89, 0x50, 0x4e, 0x47, 0x0d, 0x0a, 0x1a, 0x0a, 0x00, 0x00, 0x00, 0x0d,
  0x49, 0x48, 0x44, 0x52, 0x00, 0x00, 0x00, 0x10, 0x00, 0x00, 0x00, 0x10,
  0x01, 0x03, 0x00, 0x00, 0x00, 0x25, 0x3d, 0x6d, 0x22, 0x00, 0x00, 0x00,
  0x06, 0x50, 0x4c, 0x54, 0x45, 0x03, 0x03, 0x03, 0xff, 0xff, 0xff, 0x76,
  0x58, 0x38, 0x4d, 0x00, 0x00, 0x00, 0x36, 0x49, 0x44, 0x41, 0x54, 0x78,
  0x5e, 0x1d, 0xc4, 0x41, 0x0a, 0x00, 0x10, 0x14, 0x00, 0xd1, 0x91, 0xb2,
  0x75, 0x01, 0xe5, 0x1a, 0x56, 0x5c, 0xc5, 0x41, 0x14, 0x47, 0x73, 0x24,
  0x4b, 0x0b, 0xc9, 0xff, 0xa6, 0xd7, 0x00, 0x98, 0xa1, 0xec, 0x54, 0xfd,
  0x52, 0x0e, 0x71, 0xe3, 0x97, 0x5c, 0xe5, 0x46, 0x0a, 0x54, 0xc7, 0xef,
  0x01, 0x19, 0x98, 0x0a, 0xf9, 0x79, 0xb1, 0x81, 0x96, 0x00, 0x00, 0x00,
  0x00, 0x49, 0x45, 0x4e, 0x44, 0xae, 0x42, 0x60, 0x82
};
static const unsigned char asset_234[] = {
  0x89, 0x50, 0x4e, 0x47, 0x0d, 0x0a, 0x1a, 0x0a, 0x00, 0x00, 0x00, 0x0d,
  0x49, 0x48, 0x44, 0x52, 0x00, 0x00, 0x00, 0x10, 0x00, 0x00, 0x00, 0x10,
  0x01, 0x03, 0x00, 0x00, 0x00, 0x25, 0x3d, 0x6d, 0x22, 0x00, 0x00, 0x00,
  0x06, 0x50, 0x4c, 0x54, 0x45, 0x03, 0x03, 0x03, 0xff, 0xff, 0xff, 0x76,
  0x58, 0x38, 0x4d, 0x00, 0x00, 0x00, 0x33, 0x49, 0x44, 0x41, 0x54, 0x78,
  0x5e, 0x25, 0x8a, 0xb1, 0x09, 0x00, 0x20, 0x10, 0xc4, 0x62, 0xff, 0xf0,
  0x23, 0x58, 0xda, 0xfe, 0x46, 0xae, 0xe2, 0xb0, 0x0e, 0x70, 0xa5, 0x58,
  0xc9, 0x21, 0xa4, 0x08, 0x24, 0x00, 0x6d, 0x51, 0xc1, 0xd8, 0xa4, 0xe8,
  0xc7, 0xcc, 0x6b, 0xbe, 0xa7, 0x9c, 0x2a, 0xbc, 0xc1, 0x03, 0x2a, 0x99,
  0x0c, 0x9d, 0x56, 0x04, 0x7c, 0x67, 0x00, 0x00, 0x00, 0x00, 0x49, 0x45,
  0x4e, 0x44, 0xae, 0x42, 0x60, 0x82
};
static const unsigned char asset_235[] = {
  0x89, 0x50, 0x4e, 0x47, 0x0d, 0x0a, 0x1a, 0x0a, 0x00, 0x00, 0x00, 0x0d,
  0x49, 0x48, 0x44, 0x52, 0x00, 0x00, 0x00, 0x10, 0x00, 0x00, 0x00, 0x10,
  0x01, 0x03, 0x00, 0x00, 0x00, 0x25, 0x3d, 0x6d, 0x22, 0x00, 0x00, 0x00,
  0x06, 0x50, 0x4c, 0x54, 0x45, 0x03, 0x03, 0x03, 0xff, 0xff, 0xff, 0x76,
  0x58, 0x38, 0x4d, 0x00, 0x00, 0x00, 0x37, 0x49, 0x44, 0x41, 0x54, 0x78,
  0x5e, 0x0d, 0x8a, 0x39, 0x0d, 0x00, 0x20, 0x10, 0x04, 0x27, 0x41, 0x00,
  0x06, 0x48, 0xb0, 0x41, 0x71, 0xa6, 0x08, 0x3e, 0xd0, 0x84, 0x02, 0xb4,
  0x50, 0x5e, 0xc9, 0x6c, 0xb6, 0xd8, 0x67, 0x50, 0xe5, 0x50, 0x1f, 0x3d,
  0x89, 0x60, 0x34, 0xe6, 0x66, 0x5d, 0x6d, 0xb0, 0x3a, 0x7a, 0x09, 0x88,
  0x01, 0x1f, 0x18, 0x5c, 0x0b, 0xcb, 0x66, 0x3e, 0x58, 0x68, 0x00, 0x00,
  0x00, 0x00, 0x49, 0x45, 0x4e, 0x44, 0xae, 0x42, 0x60, 0x82
};
static const unsigned char asset_236[] = {
  0x89, 0x50, 0x4e, 0x47, 0x0d, 0x0a, 0x1a, 0x0a, 0x00, 0x00, 0x00, 0x0d,
  0x49, 0x48, 0x44, 0x52, 0x00, 0x00, 0x00, 0x10, 0x00, 0x00, 0x00, 0x10,
  0x01, 0x03, 0x00, 0x00, 0x00, 0x25, 0x3d, 0x6d, 0x22, 0x00, 0x00, 0x00,
  0x06, 0x50, 0x4c, 0x54, 0x45, 0x03, 0x03, 0x03, 0xff, 0xff, 0xff, 0x76,
  0x58, 0x38, 0x4d, 0x00, 0x00, 0x00, 0x30, 0x49, 0x44, 0x41, 0x54, 0x78,
  0x5e, 0x5d, 0xc7, 0xb1, 0x11, 0x00, 0x20, 0x08, 0xc0, 0xc0, 0x78, 0x16,
  0x96, 0x8e, 0xe0, 0x28, 0xae, 0xe6, 0x68, 0x8e, 0xe2, 0x08, 0x94, 0x14,
  0x14, 0x78, 0xd0, 0xf1, 0x97, 0x26, 0xa4, 0x76, 0xe8, 0x97, 0xf1, 0x98,
  0xc2, 0x52, 0xb6, 0xfd, 0xad, 0x05, 0x07, 0xee, 0x2c, 0x0a, 0x0f, 0xaf,
  0xcc, 0xb0, 0xe4, 0x00, 0x00, 0x00, 0x00, 0x49, 0x45, 0x4e, 0x44, 0xae,
  0x42, 0x60, 0x82
};
static const unsigned char asset_237[] = {
  0x89, 0x50, 0x4e, 0x47, 0x0d, 0x0a, 0x1a, 0x0a, 0x00, 0x00, 0x00, 0x0d,
  0x49, 0x48, 0x44, 0x52, 0x00, 0x00, 0x00, 0x10, 0x00, 0x00, 0x00, 0x10,
  0x01, 0x03, 0x00, 0x00, 0x00, 0x25, 0x3d, 0x6d, 0x22, 0x00, 0x00, 0x00,
  0x06, 0x50, 0x4c, 0x54, 0x45, 0x03, 0x03, 0x03, 0xff, 0xff, 0xff, 0x76,
  0x58, 0x38, 0x4d, 0x00, 0x00, 0x00, 0x2f, 0x49, 0x44, 0x41, 0x54, 0x78,
  0x5e, 0x3d, 0xc6, 0x21, 0x0e, 0x00, 0x20, 0x10, 0xc4, 0xc0, 0x12, 0x04,
  0xeb, 0xce, 0x22, 0x48, 0xf8, 0xc9, 0xbd, 0x9b, 0xa7, 0xad, 0x84, 0x9c,
  0x60, 0x44, 0x53, 0xbe, 0x30, 0xc3, 0x74, 0xd3, 0x5e, 0xeb, 0xe3, 0xb0,
  0x27, 0x29, 0x16, 0x88, 0xc2, 0x05, 0xc7, 0xe6, 0x07, 0x5d, 0xb6, 0x9a,
  0xee, 0x5f, 0x00, 0x00, 0x00, 0x00, 0x49, 0x45, 0x4e, 0x44, 0xae, 0x42,
  0x60, 0x82
};
static const unsigned char asset_238[] = {
  0x89, 0x50, 0x4e, 0x47, 0x0d, 0x0a, 0x1a, 0x0a, 0x00, 0x00, 0x00, 0x0d,
  0x49, 0x48, 0x44, 0x52, 0x00, 0x00, 0x00, 0x10, 0x00, 0x00, 0x00, 0x10,
  0x01, 0x03, 0x00, 0x00, 0x00, 0x25, 0x3d, 0x6d, 0x22, 0x00, 0x00, 0x00,
  0x06, 0x50, 0x4c, 0x54, 0x45, 0x03, 0x03, 0x03, 0xff, 0xff, 0xff, 0x76,
  0x58, 0x38, 0x4d, 0x00, 0x00, 0x00, 0x32, 0x49, 0x44, 0x41, 0x54, 0x78,
  0x5e, 0x2d, 0xca, 0xb1, 0x09, 0x00, 0x20, 0x0c, 0x00, 0xc1, 0x47, 0x2c,
  0x22, 0x16, 0xba, 0x81, 0x8e, 0xe2, 0x88, 0x19, 0xcd, 0x51, 0x2c, 0x2d,
  0x93, 0x40, 0xe0, 0x8a, 0x2f, 0x1e, 0x60, 0xfd, 0x20, 0x33, 0xd5, 0x4d,
  0x39, 0x2e, 0xa2, 0x29, 0xfd, 0x32, 0x5e, 0x3e, 0x60, 0xa2, 0x54, 0x07,
  0xe4, 0x69, 0xe5, 0xb2, 0xf7, 0x00, 0x00, 0x00, 0x00, 0x49, 0x45, 0x4e,
  0x44, 0xae, 0x42, 0x60, 0x82
};
static const unsigned char asset_239[] = {
  0x89, 0x50, 0x4e, 0x47, 0x0d, 0x0a, 0x1a, 0x0a, 0x00, 0x00, 0x00, 0x0d,
  0x49, 0x48, 0x44, 0x52, 0x00, 0x00, 0x00, 0x10, 0x00, 0x00, 0x00, 0x10,
  0x01, 0x03, 0x00, 0x00, 0x00, 0x25, 0x3d, 0x6d, 0x22, 0x00, 0x00, 0x00,
  0x06, 0x50, 0x4c, 0x54, 0x45, 0x03, 0x03, 0x03, 0xff, 0xff, 0xff, 0x76,
  0x58, 0x38, 0x4d, 0x00, 0x00, 0x00, 0x35, 0x49, 0x44, 0x41, 0x54, 0x78,
  0x5e, 0x1d, 0xc2, 0xc1, 0x0d, 0x00, 0x10, 0x10, 0x00, 0xc1, 0x15, 0x09,
  0x3f, 0x25, 0x28, 0x85, 0x56, 0x94, 0xe0, 0xe9, 0x21, 0x47, 0x69, 0x4a,
  0x51, 0x88, 0x88, 0x9c, 0xc9, 0x00, 0x98, 0x89, 0x5d, 0xda, 0x6f, 0x5c,
  0x21, 0x54, 0x1d, 0x9b, 0xce, 0x87, 0xd4, 0x11, 0x61, 0x5c, 0xbe, 0x07,
  0xe0, 0xf1, 0x09, 0xeb, 0x24, 0x58, 0x41, 0x7d, 0x00, 0x00, 0x00, 0x00,
  0x49, 0x45, 0x4e, 0x44, 0xae, 0x42, 0x60, 0x82
};
static const unsigned char asset_240[] = {
  0x89, 0x50, 0x4e, 0x47, 0x0d, 0x0a, 0x1a, 0x0a, 0x00, 0x00, 0x00, 0x0d,
  0x49, 0x48, 0x44, 0x52, 0x00, 0x00, 0x00, 0x10, 0x00, 0x00, 0x00, 0x10,
  0x01, 0x03, 0x00, 0x00, 0x00, 0x25, 0x3d, 0x6d, 0x22, 0x00, 0x00, 0x00,
  0x06, 0x50, 0x4c, 0x54, 0x45, 0x03, 0x03, 0x03, 0xff, 0xff, 0xff, 0x76,
  0x58, 0x38, 0x4d, 0x00, 0x00, 0x00, 0x2f, 0x49, 0x44, 0x41, 0x54, 0x78,
  0x5e, 0x15, 0xc2, 0xa1, 0x0d, 0x00, 0x20, 0x0c, 0x45, 0xc1, 0x07, 0xa6,
  0x75, 0xd4, 0x21, 0xdb, 0x51, 0x18, 0x0d, 0x89, 0x64, 0x44, 0x46, 0x21,
  0x3f, 0x39, 0x80, 0xb6, 0xe9, 0x4b, 0xac, 0x64, 0x5c, 0xc9, 0x23, 0xd3,
  0x09, 0xc1, 0x03, 0x7b, 0xc0, 0x07, 0x78, 0x57, 0x05, 0x2e, 0x56, 0x3b,
  0xd3, 0xd4, 0x00, 0x00, 0x00, 0x00, 0x49, 0x45, 0x4e, 0x44, 0xae, 0x42,
  0x60, 0x82
};
static const unsigned char asset_241[] = {
  0x89, 0x50, 0x4e, 0x47, 0x0d, 0x0a, 0x1a, 0x0a, 0x00, 0x00, 0x00, 0x0d,
  0x49, 0x48, 0x44, 0x52, 0x00, 0x00, 0x00, 0x10, 0x00, 0x00, 0x00, 0x10,
  0x01, 0x03, 0x00, 0x00, 0x00, 0x25, 0x3d, 0x6d, 0x22, 0x00, 0x00, 0x00,
  0x06, 0x50, 0x4c, 0x54, 0x45, 0x03, 0x03, 0x03, 0xff, 0xff, 0xff, 0x76,
  0x58, 0x38, 0x4d, 0x00, 0x00, 0x00, 0x37, 0x49, 0x44, 0x41, 0x54, 0x78,
  0x5e, 0x3d, 0xc2, 0xb1, 0x0d, 0x00, 0x10, 0x10, 0x40, 0xd1, 0x9f, 0x28,
  0x6c, 0x70, 0x1a, 0x62, 0x02, 0xbd, 0xce, 0x3a, 0x37, 0xa0, 0x42, 0x69,
  0x14, 0xa5, 0x11, 0x14, 0x0a, 0xb9, 0xc6, 0xcb, 0xe3, 0x2b, 0x9d, 0x76,
  0x2d, 0x90, 0x0f, 0x61, 0x23, 0x4a, 0xac, 0x36, 0x0d, 0xdc, 0xc4, 0x2f,
  0xe0, 0x01, 0xc7, 0x50, 0x09, 0x13, 0x49, 0x1a, 0x32, 0x7d, 0x00, 0x00,
  0x00, 0x00, 0x49, 0x45, 0x4e, 0x44, 0xae, 0x42, 0x60, 0x82
};
static const unsigned char asset_242[] = {
  0x89, 0x50, 0x4e, 0x47, 0x0d, 0x0a, 0x1a, 0x0a, 0x00, 0x00, 0x00, 0x0d,
  0x49, 0x48, 0x44, 0x52, 0x00, 0x00, 0x00, 0x10, 0x00, 0x00, 0x00, 0x10,
  0x01, 0x03, 0x00, 0x00, 0x00, 0x25, 0x3d, 0x6d, 0x22, 0x00, 0x00, 0x00,
  0x06, 0x50, 0x4c, 0x54, 0x45, 0x03, 0x03, 0x03, 0xff, 0xff, 0xff, 0x76,
  0x58, 0x38, 0x4d, 0x00, 0x00, 0x00, 0x32, 0x49, 0x44, 0x41, 0x54, 0x78,
  0x5e, 0x3d, 0xc9, 0xb1, 0x09, 0x00, 0x20, 0x0c, 0x00, 0xc1, 0x07, 0x0b,
  0x4b, 0x17, 0x48, 0x74, 0x8d, 0x8c, 0xe6, 0x68, 0x96, 0x19, 0xc5, 0x11,
  0x2c, 0x53, 0x8a, 0x10, 0x7c, 0xae, 0x7b, 0x7e, 0xc5, 0xa9, 0x9b, 0x76,
  0x9e, 0x11, 0xf4, 0x89, 0x58, 0xd2, 0x95, 0x17, 0x2e, 0xbf, 0xd8, 0x08,
  0xd1, 0x61, 0xdb, 0x99, 0x18, 0x00, 0x00, 0x00, 0x00, 0x49, 0x45, 0x4e,
  0x44, 0xae, 0x42, 0x60, 0x82
};
static const unsigned char asset_243[] = {
  0x89, 0x50, 0x4e, 0x47, 0x0d, 0x0a, 0x1a, 0x0a, 0x00, 0x00, 0x00, 0x0d,
  0x49, 0x48, 0x44, 0x52, 0x00, 0x00, 0x00, 0x10, 0x00, 0x00, 0x00, 0x10,
  0x01, 0x03, 0x00, 0x00, 0x00, 0x25, 0x3d, 0x6d, 0x22, 0x00, 0x00, 0x00,
  0x06, 0x50, 0x4c, 0x54, 0x45, 0x03, 0x03, 0x03, 0xff, 0xff, 0xff, 0x76,
  0x58, 0x38, 0x4d, 0x00, 0x00, 0x00, 0x3b, 0x49, 0x44, 0x41, 0x54, 0x78,
  0x5e, 0x3d, 0xc2, 0xa1, 0x11, 0x40, 0x11, 0x00, 0x80, 0xe1, 0xdf, 0x7b,
  0xe7, 0x04, 0x4d, 0x91, 0x9c, 0x11, 0xac, 0x21, 0x1a, 0xcd, 0x28, 0xa2,
  0x68, 0x04, 0x23, 0x88, 0x06, 0x10, 0x44, 0xa7, 0xf8, 0xee, 0xe3, 0x11,
  0x99, 0x2f, 0x21, 0x0b, 0xba, 0x63, 0x27, 0x61, 0xe1, 0x37, 0x26, 0xde,
  0xae, 0xf2, 0x37, 0xd4, 0x00, 0x0e, 0xb0, 0xbe, 0x08, 0xe0, 0xf5, 0xbb,
  0xfb, 0x83, 0x00, 0x00, 0x00, 0x00, 0x49, 0x45, 0x4e, 0x44, 0xae, 0x42,
  0x60, 0x82
};
static const unsigned char asset_244[] = {
  0x89, 0x50, 0x4e, 0x47, 0x0d, 0x0a, 0x1a, 0x0a, 0x00, 0x00, 0x00, 0x0d,
  0x49, 0x48, 0x44, 0x52, 0x00, 0x00, 0x01, 0x40, 0x00, 0x00, 0x04, 0xf0,
  0x02, 0x03, 0x00, 0x00, 0x00, 0xf8, 0x0c, 0x71, 0xeb, 0x00, 0x00, 0x00,
  0x09, 0x50, 0x4c, 0x54, 0x45, 0x11, 0x11, 0x33, 0x33, 0x33, 0x55, 0xee,
  0xee, 0xcc, 0x78, 0xad, 0xd4, 0x1e, 0x00, 0x00, 0x20, 0x40, 0x49, 0x44,
  0x41, 0x54, 0x78, 0x5e, 0xec, 0x93, 0x31, 0x6a, 0xc4, 0x30, 0x10, 0x45,
  0x87, 0x25, 0x6e, 0x7e, 0x95, 0x26, 0x77, 0x10, 0x7b, 0x1a, 0x15, 0xeb,
  0xc6, 0xa7, 0xc9, 0x51, 0xa6, 0x31, 0x98, 0x39, 0x65, 0x32, 0x5f, 0xfb,
  0x41, 0x10, 0x92, 0x26, 0x52, 0x9a, 0xc8, 0xcb, 0xe3, 0x6b, 0x19, 0xcf,
  0x63, 0x24, 0xdb, 0xb6, 0xae, 0xc5, 0xe2, 0xdf, 0x71, 0x7b, 0x1f, 0xa2,
  0x81, 0x67, 0x60, 0x9c, 0xb0, 0x14, 0x09, 0x6d, 0x94, 0xb0, 0x14, 0x38,
  0x38, 0x29, 0xae, 0x41, 0x42, 0x2b, 0xe0, 0xa4, 0x65, 0xd8, 0x84, 0x17,
  0xec, 0x7e, 0x19, 0x19, 0x20, 0xa4, 0x92, 0xd3, 0x0d, 0x19, 0x11, 0x0e,
  0xc7, 0x75, 0x73, 0xb8, 0xd9, 0xdd, 0x87, 0xec, 0x99, 0xb1, 0x58, 0x2c,
  0xc8, 0xbe, 0x93, 0x4d, 0x59, 0x8d, 0xa8, 0xa6, 0xdc, 0x1a, 0x5a, 0xd7,
  0x84, 0xf5, 0xe9, 0x42, 0x15, 0x85, 0x84, 0xaa, 0x29, 0x85, 0x84, 0xe2,
  0x0f, 0x84, 0x11, 0x35, 0x81, 0xd2, 0xcd, 0x12, 0xd5, 0x94, 0x78, 0x62,
  0x11, 0x86, 0x08, 0x4f, 0x58, 0x9f, 0x2e, 0xc4, 0x79, 0x38, 0xba, 0x9f,
  0x84, 0xb9, 0x9d, 0xfc, 0xc7, 0xec, 0xee, 0x61, 0x31, 0xe3, 0xac, 0xec,
  0x9d, 0x28, 0xdc, 0x76, 0x5e, 0x38, 0xb3, 0x91, 0xe2, 0x1f, 0x84, 0x4d,
  0x9a, 0xf4, 0xc2, 0xec, 0x6d, 0x96, 0x3a, 0x45, 0xf8, 0x89, 0x0e, 0xdc,
  0xb7, 0xda, 0x0b, 0x49, 0x04, 0xf5, 0x3a, 0xfc, 0x2f, 0xc2, 0x70, 0xf6,
  0x36, 0x0b, 0x85, 0x6f, 0x74, 0xff, 0x56, 0x48, 0xc9, 0x83, 0xc2, 0xd7,
  0xe7, 0x51, 0x1e, 0xce, 0x2d, 0xb1, 0xa9, 0xad, 0x13, 0x3d, 0x30, 0xdd,
  0x83, 0xf6, 0xba, 0x54, 0x3b, 0x4e, 0x0a, 0xb3, 0x27, 0x7b, 0x29, 0x79,
  0x99, 0x29, 0xa4, 0x44, 0xdb, 0xfd, 0x46, 0xd8, 0xea, 0xe9, 0x81, 0xf7,
  0x42, 0xd6, 0xa7, 0x0b, 0x2d, 0x82, 0xa4, 0xb0, 0xff, 0xac, 0x54, 0x53,
  0x4a, 0x98, 0x6b, 0x0a, 0x23, 0xb8, 0x1e, 0x2d, 0xfc, 0x60, 0xef, 0x6e,
  0x72, 0x1b, 0xd7, 0x99, 0x7e, 0x81, 0xff, 0x9f, 0xc2, 0x1b, 0x80, 0xa8,
  0xd1, 0x1d, 0xa4, 0xe7, 0x84, 0x46, 0x04, 0x57, 0x71, 0x06, 0xcf, 0x02,
  0x7a, 0x90, 0x05, 0x15, 0x3c, 0x12, 0xb4, 0x8a, 0x82, 0x46, 0x44, 0xad,
  0xf2, 0xb2, 0x48, 0xd1, 0x4e, 0xb7, 0x7d, 0xf3, 0x61, 0x09, 0xef, 0xed,
  0xd3, 0x90, 0x8c, 0x0a, 0x65, 0x27, 0xe7, 0xd7, 0x45, 0x4a, 0xe6, 0x11,
  0x6d, 0x4a, 0xba, 0x03, 0xf7, 0xc6, 0xbf, 0x03, 0x3c, 0xc1, 0x13, 0xfc,
  0xf1, 0xda, 0xcb, 0x97, 0xfa, 0x7f, 0xe8, 0xff, 0xfc, 0xb3, 0x1d, 0x43,
  0xbc, 0xd6, 0x35, 0xfc, 0xe7, 0x9f, 0xe7, 0xc0, 0x37, 0x74, 0xa3, 0x2e,
  0x2f, 0xff, 0xbc, 0x76, 0xfe, 0x15, 0x78, 0x79, 0x36, 0xc3, 0xd7, 0xff,
  0xbe, 0xfc, 0xac, 0x8c, 0x8b, 0x6f, 0x35, 0xa7, 0xd7, 0x96, 0xeb, 0xdb,
  0xcb, 0xcf, 0x1f, 0x35, 0xea, 0xcf, 0x9f, 0x4f, 0x80, 0x95, 0x6a, 0xcc,
  0x8f, 0x5a, 0xd1, 0xff, 0xfc, 0xec, 0xb9, 0xf6, 0x2a, 0xfb, 0xda, 0x33,
  0x19, 0xbe, 0x39, 0xf8, 0x0a, 0x67, 0xf0, 0xea, 0x8d, 0xb0, 0x0f, 0xfc,
  0x9f, 0xda, 0x76, 0x6f, 0x03, 0xec, 0xf4, 0x4e, 0xb0, 0x72, 0x9e, 0xd7,
  0xd6, 0x6e, 0xa3, 0x0d, 0xff, 0xf3, 0xd3, 0xdb, 0xf0, 0x09, 0x10, 0x70,
  0xe2, 0x0f, 0xd8, 0xb1, 0x4f, 0xf0, 0x04, 0x4f, 0xf0, 0x04, 0x4f, 0xf0,
  0x04, 0xeb, 0x71, 0xc2, 0x15, 0x78, 0x39, 0x02, 0x7c, 0x7d, 0x3d, 0x1a,
  0xc4, 0x0f, 0xff, 0xff, 0x6d, 0x3f, 0x72, 0x79, 0x6b, 0x6b, 0x6f, 0x3b,
  0xc1, 0x9a, 0xe2, 0xeb, 0x0f, 0x2f, 0x5e, 0x5f, 0xf0, 0x5a, 0xd7, 0x5e,
  0xb1, 0x1b, 0xac, 0x47, 0x33, 0x68, 0xe1, 0xc7, 0x31, 0x35, 0xf6, 0x81,
  0x7d, 0x69, 0xe5, 0x8b, 0xf3, 0xc0, 0xeb, 0xce, 0xad, 0xdc, 0x33, 0x1c,
  0xc7, 0x2f, 0xde, 0xa6, 0x7f, 0xe6, 0x8e, 0x7d, 0x82, 0x7a, 0x14, 0x18,
  0x60, 0x7a, 0x05, 0x69, 0x5d, 0xe4, 0x0e, 0xc8, 0xe5, 0x13, 0x30, 0x97,
  0xf7, 0x91, 0xb7, 0x92, 0x5a, 0x69, 0xf6, 0x1e, 0xea, 0x21, 0xf4, 0x09,
  0x68, 0x36, 0x22, 0x6c, 0x81, 0x11, 0xd7, 0x45, 0x6e, 0x7f, 0x47, 0x80,
  0x7c, 0x0f, 0x14, 0xba, 0xe1, 0x03, 0x55, 0x14, 0xd8, 0xfa, 0x45, 0x70,
  0x59, 0x3d, 0x62, 0x8d, 0xe0, 0x41, 0xd3, 0x2c, 0xb5, 0x9c, 0xda, 0xfa,
  0xb2, 0x0a, 0x58, 0x1d, 0x52, 0x2c, 0x06, 0xac, 0x0b, 0x28, 0x86, 0x2f,
  0x65, 0x18, 0x46, 0x50, 0x2e, 0x72, 0x5d, 0x37, 0x93, 0xde, 0x76, 0x26,
  0x28, 0xf8, 0x62, 0x86, 0xca, 0x1e, 0x61, 0x04, 0xb1, 0xca, 0x75, 0xbd,
  0x64, 0xc1, 0x34, 0x03, 0x53, 0x11, 0xa8, 0x02, 0x25, 0x77, 0xd0, 0x07,
  0xa6, 0x3d, 0x1e, 0x67, 0x28, 0x66, 0xe1, 0x51, 0x1b, 0x06, 0xb3, 0x38,
  0x32, 0xe4, 0x15, 0xea, 0xd9, 0x7f, 0x0e, 0xe6, 0x02, 0xc9, 0x25, 0x81,
  0x4b, 0x86, 0x97, 0x0e, 0x78, 0x39, 0xd6, 0x53, 0x42, 0xc8, 0x24, 0x9c,
  0x8b, 0xb2, 0x90, 0x92, 0xd0, 0x27, 0x55, 0x16, 0x42, 0x14, 0xaf, 0x1c,
  0x09, 0x6a, 0x59, 0x83, 0xb6, 0xb2, 0xf0, 0xb2, 0x2a, 0x78, 0x45, 0x58,
  0x16, 0x38, 0x94, 0xcd, 0x0a, 0xe5, 0xf2, 0x31, 0x48, 0x66, 0x32, 0xd5,
  0x48, 0x8b, 0x15, 0xb2, 0x16, 0x4b, 0xe5, 0x4b, 0x8b, 0x75, 0x11, 0x44,
  0x06, 0x69, 0x6f, 0x9a, 0x64, 0x96, 0x02, 0x10, 0x3f, 0x04, 0xbd, 0x2a,
  0x35, 0x42, 0x5a, 0x4a, 0xe0, 0x9c, 0xfc, 0xf9, 0x5c, 0x03, 0x2d, 0x52,
  0x52, 0x58, 0x01, 0x59, 0x6b, 0x06, 0x10, 0x89, 0x44, 0xa1, 0xf0, 0x45,
  0xd0, 0x81, 0x10, 0xda, 0xf3, 0x54, 0x61, 0x50, 0x68, 0xe0, 0xa2, 0x0d,
  0xec, 0xb0, 0x7d, 0x0e, 0x22, 0x25, 0x8f, 0xe0, 0x08, 0x72, 0x0a, 0xdb,
  0x73, 0xcf, 0xa8, 0xaf, 0xb3, 0x82, 0x2e, 0x01, 0xa4, 0xa9, 0x81, 0xf9,
  0x72, 0x29, 0x1f, 0x83, 0x31, 0x80, 0x62, 0x88, 0x5e, 0xc2, 0x2c, 0xb4,
  0x52, 0xb9, 0xaf, 0x7b, 0x19, 0x22, 0xa8, 0x25, 0x15, 0xfb, 0xeb, 0xcb,
  0xfa, 0x27, 0xf5, 0x87, 0xd3, 0xfc, 0x6f, 0xe9, 0x0f, 0x23, 0xe4, 0xcb,
  0xfd, 0x21, 0x99, 0x49, 0x0d, 0x2f, 0x67, 0x0f, 0x08, 0x8d, 0x75, 0x0f,
  0x81, 0x32, 0x90, 0x48, 0xc8, 0xd6, 0x1a, 0x26, 0x9f, 0xee, 0xd8, 0xde,
  0xe7, 0xd5, 0x88, 0x35, 0xe6, 0x16, 0xd3, 0xec, 0xcf, 0xa7, 0xed, 0xb9,
  0x10, 0xab, 0x20, 0x9b, 0xd0, 0x62, 0x32, 0xad, 0xcb, 0x1c, 0x62, 0x88,
  0x5f, 0xc9, 0x30, 0x5c, 0xb3, 0xca, 0x45, 0xc6, 0x3a, 0x9b, 0x29, 0x72,
  0x41, 0x70, 0xd0, 0xb8, 0x3d, 0x2f, 0x40, 0xfe, 0x10, 0x9c, 0x4a, 0x9e,
  0x6b, 0x84, 0xad, 0x9c, 0x3d, 0xa3, 0xb1, 0xce, 0x25, 0x2b, 0xa6, 0x19,
  0x34, 0x15, 0x99, 0x0a, 0x2b, 0x4a, 0xc6, 0x0c, 0x4c, 0x1f, 0x76, 0x5f,
  0x9c, 0x8b, 0x2e, 0xb9, 0x84, 0xed, 0x3d, 0xdc, 0xda, 0xd0, 0xcb, 0x2d,
  0x5a, 0x86, 0x94, 0x17, 0xe1, 0x94, 0xe0, 0xd9, 0x47, 0xa1, 0xf0, 0x21,
  0x08, 0x56, 0x08, 0x6b, 0x02, 0x6b, 0xae, 0x91, 0x1c, 0xf0, 0xd2, 0x83,
  0x59, 0x15, 0x0d, 0x9a, 0x04, 0xac, 0xad, 0x3f, 0x64, 0x65, 0xfd, 0xf4,
  0x7f, 0x01, 0x31, 0x56, 0x4d, 0x58, 0xa0, 0xdc, 0xfa, 0x43, 0x2f, 0x3d,
  0xa2, 0x72, 0x00, 0xaf, 0xa0, 0xc5, 0x00, 0xe5, 0xde, 0x1f, 0xb2, 0x7e,
  0xbe, 0xdb, 0x44, 0xb3, 0xb0, 0xf5, 0x87, 0xb2, 0xf5, 0x87, 0xd2, 0xa2,
  0x22, 0x88, 0x01, 0xa4, 0x00, 0x7d, 0xab, 0x3f, 0xb4, 0x6b, 0x7f, 0x18,
  0xde, 0xf5, 0x87, 0xbe, 0x7e, 0xed, 0xbe, 0xf8, 0xab, 0xfd, 0x21, 0xfa,
  0x7f, 0xec, 0x20, 0x90, 0x42, 0x80, 0x23, 0x29, 0x01, 0xa0, 0xb0, 0xb5,
  0xe7, 0xad, 0x83, 0x35, 0x13, 0xcf, 0xfd, 0xf9, 0xfe, 0x70, 0x80, 0x97,
  0xe0, 0xaf, 0x35, 0x10, 0x97, 0x0b, 0x3e, 0x06, 0x43, 0x04, 0x85, 0x18,
  0xbd, 0x84, 0x59, 0x68, 0xe5, 0xe8, 0x0f, 0xcd, 0x7a, 0x66, 0x14, 0x70,
  0x7d, 0x7d, 0x9a, 0xbf, 0xdc, 0x7d, 0x05, 0x2f, 0xd2, 0x61, 0x83, 0x47,
  0x92, 0x00, 0x36, 0x24, 0x32, 0xf1, 0x72, 0x1f, 0x78, 0xeb, 0x0b, 0x25,
  0xb0, 0xe9, 0xf6, 0xfc, 0x49, 0xd0, 0xb1, 0xcb, 0xad, 0x0f, 0x0c, 0xb9,
  0xc4, 0xb1, 0xfe, 0x1c, 0xe8, 0x50, 0x49, 0x18, 0xc7, 0x35, 0x71, 0x2b,
  0xc9, 0x4c, 0x9e, 0x07, 0x97, 0x0b, 0x70, 0xb9, 0x04, 0x02, 0x24, 0x3a,
  0x06, 0x78, 0x9f, 0xb8, 0x03, 0xb4, 0x8b, 0x13, 0xa1, 0x75, 0x5d, 0x80,
  0x78, 0xc9, 0x4f, 0x67, 0xe8, 0x3b, 0xaa, 0x66, 0xa0, 0xe4, 0x40, 0x29,
  0xc9, 0x54, 0x31, 0x2f, 0xb9, 0xe4, 0x76, 0xd8, 0xf6, 0x49, 0x7c, 0x70,
  0x8c, 0x1d, 0x72, 0xc0, 0xb2, 0x62, 0xaa, 0x98, 0x97, 0x9c, 0xcb, 0x73,
  0x20, 0x39, 0x90, 0x0b, 0xf2, 0x9c, 0x12, 0x62, 0x40, 0xca, 0x05, 0x5e,
  0x32, 0xaf, 0xcf, 0x6d, 0x65, 0xce, 0x45, 0x49, 0x48, 0x92, 0x50, 0x22,
  0x65, 0xc9, 0xfd, 0x20, 0x9e, 0xa2, 0xf2, 0x73, 0x60, 0x05, 0x94, 0xcd,
  0x34, 0x2d, 0xab, 0x84, 0x94, 0x62, 0x05, 0x7b, 0x9f, 0x68, 0x25, 0x3e,
  0x05, 0x26, 0x07, 0x73, 0xd1, 0xd6, 0x1f, 0xce, 0x93, 0x62, 0x9a, 0xb5,
  0xf7, 0x89, 0x9a, 0x9e, 0x02, 0x63, 0x07, 0x34, 0x5d, 0x24, 0x84, 0x79,
  0x8a, 0x31, 0xf5, 0xe7, 0xc8, 0x21, 0x3f, 0x07, 0xa6, 0x19, 0x48, 0x09,
  0x69, 0x4e, 0xad, 0xeb, 0x8a, 0x79, 0xf4, 0x87, 0xa6, 0xcf, 0x81, 0xca,
  0x7d, 0xab, 0xc6, 0x10, 0xa0, 0x8c, 0x68, 0xd6, 0x9e, 0x83, 0xed, 0x2f,
  0x1b, 0xd1, 0x9f, 0xe0, 0x09, 0x9e, 0xe0, 0x09, 0x9e, 0xe0, 0x09, 0xbe,
  0xff, 0xe4, 0xdf, 0x47, 0x83, 0xbb, 0xc1, 0xd7, 0x7b, 0x60, 0xff, 0xb7,
  0x15, 0x3f, 0xfa, 0xf7, 0x29, 0x6f, 0x2f, 0x63, 0x3e, 0xc8, 0xae, 0x2a,
  0xd7, 0x29, 0x30, 0x95, 0xec, 0xdf, 0x58, 0x8c, 0xd9, 0x16, 0x3b, 0xc0,
  0x81, 0xd4, 0xb6, 0xf4, 0xc7, 0x21, 0xa0, 0x67, 0xe8, 0xd9, 0x79, 0xed,
  0xf7, 0x83, 0x35, 0x33, 0x6f, 0x43, 0x67, 0x7f, 0xd4, 0x87, 0xb7, 0xe1,
  0x3e, 0xf0, 0xe1, 0x96, 0xfe, 0xb3, 0xc0, 0xfd, 0x71, 0x82, 0x64, 0x26,
  0x5f, 0x09, 0x8c, 0xf2, 0x33, 0x90, 0xcd, 0xf4, 0x4b, 0xc1, 0xbd, 0xfc,
  0x14, 0xcc, 0x66, 0xe5, 0x4b, 0xa1, 0xbd, 0x3c, 0x0e, 0x34, 0xd6, 0x2f,
  0x81, 0x89, 0x4b, 0xf0, 0xc8, 0xd9, 0xe6, 0xcc, 0x25, 0xa5, 0x6c, 0x61,
  0xc4, 0x7b, 0x30, 0x65, 0x0d, 0x5f, 0x1b, 0xeb, 0x65, 0x4b, 0x5b, 0xcc,
  0x8e, 0x38, 0x3a, 0xa2, 0xfd, 0x43, 0x4b, 0x29, 0x79, 0xf1, 0x7f, 0x4c,
  0x43, 0x2a, 0xab, 0xde, 0x0d, 0x6f, 0x3f, 0x02, 0xbd, 0x74, 0x74, 0xbc,
  0x96, 0xac, 0x6c, 0xd9, 0x95, 0xfa, 0xbc, 0x3c, 0x02, 0x9f, 0x68, 0xc3,
  0xb2, 0xde, 0xd6, 0xa9, 0x84, 0xcf, 0xab, 0xac, 0x28, 0x79, 0x2d, 0xa5,
  0x95, 0x85, 0xde, 0x05, 0x6a, 0x58, 0x5f, 0x37, 0xee, 0xbf, 0x37, 0xfe,
  0xda, 0x56, 0x76, 0x60, 0xc0, 0xa3, 0x1c, 0xc0, 0xc8, 0x70, 0xc4, 0xd7,
  0x77, 0xec, 0x42, 0xbd, 0x54, 0x6c, 0xe5, 0xf6, 0x7c, 0x2d, 0xad, 0x1c,
  0x71, 0xd8, 0x5b, 0x6f, 0xc4, 0xff, 0x56, 0xe7, 0x70, 0x82, 0x27, 0x78,
  0x82, 0x27, 0x78, 0x82, 0x27, 0x78, 0x8e, 0x97, 0x81, 0x3f, 0x71, 0xbc,
  0xec, 0xa3, 0x3b, 0x1f, 0xe5, 0x1d, 0x55, 0xe5, 0x7f, 0xb0, 0x4d, 0xef,
  0x3b, 0x2e, 0xc3, 0x37, 0x07, 0x5f, 0xde, 0x0e, 0x03, 0x9d, 0xf3, 0x38,
  0x30, 0xc3, 0x3e, 0x07, 0xf1, 0xdf, 0xbb, 0x63, 0x9f, 0x60, 0x88, 0x5f,
  0x03, 0xa9, 0x44, 0x10, 0xab, 0xa0, 0x0c, 0x40, 0x80, 0xd4, 0x1f, 0xb4,
  0x58, 0x02, 0xcd, 0x98, 0xd6, 0x39, 0x22, 0xcb, 0x17, 0x41, 0xbb, 0xa0,
  0xcf, 0x13, 0xd9, 0x3c, 0x13, 0x60, 0x42, 0x55, 0x6c, 0xa6, 0x6c, 0x33,
  0xb2, 0x81, 0xb3, 0x29, 0x8a, 0x7e, 0x0e, 0x12, 0x20, 0xb0, 0x82, 0x90,
  0x4b, 0xa4, 0xdc, 0x3d, 0x16, 0xa0, 0x22, 0xa5, 0x85, 0x39, 0x64, 0x52,
  0x43, 0x61, 0xf6, 0x31, 0x48, 0x92, 0x10, 0x62, 0x88, 0xc4, 0x16, 0x1b,
  0x88, 0x08, 0xb0, 0x49, 0x76, 0x84, 0x4d, 0x43, 0xb0, 0x48, 0x36, 0x26,
  0x55, 0xac, 0x91, 0xbe, 0x02, 0xa6, 0xba, 0x20, 0x9a, 0xb4, 0x36, 0xbc,
  0x88, 0x67, 0xa6, 0x15, 0x2c, 0x81, 0x93, 0xc6, 0x8a, 0xd2, 0x5a, 0x2a,
  0x78, 0xa9, 0xa0, 0x80, 0xd6, 0xcf, 0xaa, 0x6c, 0xd2, 0x41, 0x32, 0x4d,
  0x97, 0x4b, 0x02, 0x42, 0x03, 0x3d, 0xab, 0x54, 0xb1, 0x68, 0x68, 0xeb,
  0xb4, 0x08, 0x78, 0x11, 0x21, 0xe5, 0x8f, 0xc1, 0x29, 0x29, 0x72, 0x4a,
  0x25, 0xf4, 0x39, 0x74, 0x33, 0x58, 0x81, 0x12, 0x53, 0x9f, 0xe2, 0x67,
  0x98, 0xd6, 0x8b, 0x84, 0x42, 0x4a, 0x97, 0x15, 0x7c, 0xe9, 0x1b, 0xed,
  0xe3, 0xf9, 0x36, 0x56, 0x42, 0xee, 0x6d, 0x14, 0xb1, 0x2e, 0x80, 0x10,
  0xd2, 0xba, 0xcc, 0x20, 0x2b, 0xa9, 0x5c, 0xe2, 0x54, 0x52, 0xcc, 0x99,
  0x67, 0xd2, 0x0b, 0xb1, 0xca, 0x85, 0xcc, 0x3e, 0x06, 0x3d, 0x9d, 0xbc,
  0x2e, 0x15, 0xf4, 0x2a, 0xad, 0x8a, 0x5c, 0x2a, 0x38, 0xcf, 0xbd, 0x1d,
  0xa1, 0x5c, 0x2c, 0xe6, 0x4b, 0x49, 0x54, 0x52, 0xe0, 0x92, 0x03, 0xd9,
  0x27, 0xd3, 0x05, 0x91, 0x2d, 0xe6, 0xec, 0x8d, 0x1e, 0x10, 0x2f, 0x97,
  0xe0, 0x60, 0x98, 0xd3, 0x8c, 0x65, 0xdd, 0x46, 0xaa, 0xd0, 0xac, 0x28,
  0x64, 0x08, 0xdc, 0xa2, 0xe8, 0xc7, 0xa0, 0x59, 0x9c, 0x42, 0x9c, 0x83,
  0xa9, 0x78, 0xc9, 0xeb, 0xa2, 0x21, 0x78, 0xf3, 0xd9, 0x06, 0xae, 0x9a,
  0x0b, 0x55, 0xd0, 0x0a, 0xd7, 0x08, 0x9f, 0x81, 0x94, 0x2d, 0x46, 0x20,
  0x20, 0x1b, 0x28, 0x44, 0xc9, 0xcb, 0x5a, 0xa8, 0x12, 0x98, 0x27, 0xf0,
  0x45, 0x0a, 0x67, 0x6a, 0xbb, 0x10, 0xfa, 0x6e, 0x89, 0x10, 0x52, 0xfa,
  0xb4, 0xca, 0xad, 0xbc, 0xcc, 0x42, 0x80, 0x4c, 0x42, 0x33, 0x59, 0x56,
  0x08, 0x81, 0x09, 0x81, 0x93, 0x83, 0x8b, 0x52, 0x5e, 0x14, 0xe6, 0xd9,
  0x07, 0x7c, 0x0d, 0x0c, 0x26, 0x8e, 0x44, 0xa1, 0x10, 0x58, 0x80, 0x18,
  0x10, 0x08, 0x08, 0x89, 0x35, 0x67, 0x56, 0x5e, 0xe6, 0x99, 0xf3, 0x3c,
  0xd3, 0xa7, 0xe0, 0xbb, 0x19, 0x17, 0x0e, 0x06, 0xa1, 0x38, 0x45, 0x53,
  0xb0, 0x6e, 0x60, 0xa8, 0x50, 0x98, 0xa3, 0x84, 0x39, 0xd5, 0x40, 0x08,
  0xff, 0xea, 0x1e, 0xfb, 0x04, 0x4f, 0xf0, 0x04, 0x4f, 0xf0, 0x04, 0xcf,
  0xf1, 0xf2, 0x4b, 0x7d, 0xbc, 0xf6, 0x63, 0x9f, 0xd7, 0x9d, 0xa0, 0x23,
  0x03, 0x04, 0x0e, 0x01, 0xfd, 0xbb, 0xe5, 0x06, 0xbe, 0xfa, 0xf7, 0xa3,
  0x2f, 0x6f, 0xbb, 0x41, 0xff, 0x6e, 0xb9, 0x81, 0x3f, 0x2b, 0x5e, 0x97,
  0xfd, 0x19, 0xa2, 0x83, 0x3f, 0xfe, 0x39, 0x0c, 0x3c, 0x3c, 0xc3, 0x7a,
  0xa6, 0x5e, 0x7d, 0x54, 0xd6, 0xe3, 0xed, 0x2f, 0xde, 0xb1, 0x4f, 0x90,
  0x00, 0x08, 0x1d, 0x09, 0x0a, 0x88, 0x55, 0x0e, 0x01, 0xaf, 0xa7, 0x3c,
  0x98, 0x1d, 0x02, 0x76, 0xc8, 0x0c, 0x1e, 0xbb, 0x41, 0x1f, 0x96, 0x61,
  0x59, 0xc7, 0x8c, 0xfa, 0xcf, 0x80, 0xcf, 0x27, 0x27, 0xfb, 0x50, 0xec,
  0x7a, 0xea, 0x83, 0x99, 0xec, 0x06, 0x61, 0x86, 0x71, 0xd5, 0x2c, 0x96,
  0x49, 0x3f, 0x99, 0x2e, 0xfd, 0xb5, 0x49, 0xf2, 0x59, 0x97, 0x92, 0x95,
  0x4b, 0x5e, 0xa8, 0xec, 0x07, 0x85, 0x5a, 0x3b, 0x8e, 0x38, 0x64, 0x9e,
  0x83, 0xb7, 0xe0, 0x88, 0xdd, 0x60, 0x9b, 0xe9, 0x6c, 0x96, 0x46, 0xec,
  0x06, 0x43, 0x2e, 0x31, 0x9a, 0x85, 0x11, 0xbb, 0x41, 0x4e, 0xe9, 0xd8,
  0x0c, 0x39, 0x44, 0x4d, 0xca, 0x69, 0xc4, 0x6e, 0x10, 0x21, 0x02, 0x31,
  0x8c, 0xf8, 0xab, 0x3b, 0xd8, 0x13, 0x3c, 0xc1, 0x13, 0x3c, 0xc1, 0x13,
  0x3c, 0xc7, 0xcb, 0xaf, 0xad, 0x6c, 0x17, 0xaf, 0x1b, 0x47, 0x44, 0x7b,
  0x87, 0x66, 0x37, 0xb0, 0x2f, 0x3b, 0x41, 0x9f, 0x41, 0xec, 0x60, 0x2d,
  0xf1, 0xf2, 0x73, 0x8c, 0x9a, 0xf7, 0x64, 0x58, 0x17, 0x07, 0x2b, 0xd5,
  0x9e, 0xf5, 0x57, 0x76, 0x81, 0x3f, 0xde, 0x0e, 0x06, 0x5f, 0x71, 0x03,
  0x5f, 0x7e, 0x1e, 0x00, 0xf6, 0x2b, 0xf4, 0xd5, 0xdc, 0x7e, 0x3a, 0xd7,
  0x47, 0xcd, 0x47, 0xef, 0x87, 0x4f, 0x66, 0x78, 0xd4, 0xe5, 0x00, 0xcf,
  0xce, 0x21, 0x5c, 0x01, 0x56, 0x24, 0x36, 0x20, 0x97, 0xfe, 0x22, 0xdb,
  0xf7, 0x41, 0xca, 0xe5, 0x97, 0xeb, 0x35, 0x64, 0x2f, 0xcd, 0x90, 0xfb,
  0x6b, 0xcf, 0x9d, 0xcc, 0x3b, 0x4a, 0xce, 0x45, 0xa3, 0x19, 0x68, 0x35,
  0x09, 0xd9, 0x1c, 0x7e, 0x02, 0xbc, 0x38, 0x48, 0xe2, 0xa0, 0x0f, 0xcd,
  0xa2, 0x10, 0x68, 0x59, 0xfc, 0xb9, 0x40, 0xe8, 0x19, 0x70, 0xed, 0xe0,
  0xe5, 0x82, 0x08, 0x84, 0x89, 0x44, 0x26, 0x5b, 0x67, 0x52, 0x52, 0x02,
  0xe4, 0xc9, 0x2a, 0x13, 0x1c, 0xf4, 0xef, 0x97, 0x1d, 0xcc, 0x6b, 0x2e,
  0x24, 0x50, 0x8a, 0xe1, 0xfb, 0x60, 0x28, 0x4b, 0x87, 0x4b, 0x46, 0x28,
  0x39, 0x4e, 0x29, 0x49, 0x56, 0x2e, 0xa4, 0xda, 0x32, 0xfc, 0xfe, 0xf9,
  0xcb, 0xca, 0x00, 0xb2, 0x80, 0x15, 0x1e, 0x13, 0xab, 0xb0, 0xb2, 0x3e,
  0x0f, 0xc6, 0x10, 0x80, 0x0c, 0x70, 0x04, 0x2f, 0x93, 0x4e, 0x1c, 0x85,
  0xca, 0x22, 0x34, 0x93, 0x3e, 0x37, 0xd6, 0x13, 0x12, 0xc0, 0x40, 0x42,
  0x63, 0xdc, 0xdc, 0x27, 0x2c, 0x8b, 0x09, 0x83, 0xe4, 0xdb, 0xe0, 0x94,
  0xd7, 0x48, 0x8b, 0x89, 0x0f, 0x73, 0x91, 0x0b, 0xf8, 0x76, 0x62, 0x41,
  0xfb, 0xdd, 0xb7, 0xc1, 0x58, 0xa1, 0x90, 0x4d, 0x99, 0xa4, 0xc5, 0x64,
  0xa6, 0x30, 0x9b, 0x91, 0x25, 0x46, 0x2b, 0xf1, 0xb9, 0x33, 0xfd, 0xa3,
  0x2a, 0x73, 0x8f, 0xe8, 0x99, 0xb2, 0x69, 0x03, 0xec, 0x99, 0xb7, 0x5e,
  0x4a, 0x80, 0x48, 0x1c, 0xc3, 0xdb, 0x98, 0xad, 0x01, 0xe4, 0x40, 0xb6,
  0x27, 0xc0, 0x30, 0x39, 0x88, 0x2b, 0xa8, 0xab, 0x5c, 0x01, 0x5f, 0xff,
  0x5b, 0x3a, 0xd8, 0x13, 0x3c, 0xc1, 0x13, 0x3c, 0xc1, 0x13, 0x3c, 0xc1,
  0xdb, 0xfd, 0x66, 0x8e, 0x02, 0x5f, 0x5f, 0x8f, 0x06, 0x31, 0xae, 0x05,
  0xfb, 0xfa, 0xda, 0xd6, 0xde, 0x76, 0x83, 0x3f, 0xaa, 0x84, 0xed, 0x5a,
  0xb0, 0xbe, 0xba, 0x17, 0x74, 0xd2, 0xcf, 0xad, 0xc6, 0x38, 0x8b, 0x79,
  0x2f, 0xe8, 0xe9, 0x55, 0xac, 0x83, 0x3e, 0xb4, 0x3f, 0xe0, 0xaa, 0xbf,
  0xde, 0x72, 0x3e, 0x56, 0xee, 0x67, 0x31, 0xff, 0x8d, 0x3b, 0xf6, 0x09,
  0x12, 0x02, 0xe8, 0x36, 0x94, 0x0d, 0xb4, 0x01, 0xf2, 0xe4, 0xf0, 0x16,
  0x48, 0x8d, 0x34, 0x93, 0xfe, 0x2c, 0x02, 0x79, 0x52, 0x00, 0x7b, 0xc0,
  0x14, 0xd8, 0xac, 0x23, 0x51, 0x6b, 0x20, 0x39, 0xf6, 0xf4, 0x00, 0x3c,
  0x00, 0x91, 0x25, 0x2b, 0xd8, 0x00, 0x6a, 0x48, 0x82, 0x59, 0x02, 0xc9,
  0xf7, 0x41, 0x32, 0x91, 0x44, 0x25, 0x66, 0xe6, 0x82, 0x5c, 0xa4, 0x06,
  0x20, 0x31, 0x61, 0x59, 0x93, 0x0f, 0xc8, 0xbf, 0x0d, 0xb2, 0x69, 0x4c,
  0x6c, 0x21, 0xc7, 0xa5, 0xc0, 0x0c, 0x28, 0xcb, 0xc8, 0x30, 0xe4, 0x94,
  0x9e, 0x04, 0xb3, 0x76, 0x50, 0x19, 0x34, 0x65, 0x64, 0x5e, 0x22, 0x84,
  0x82, 0x67, 0xf8, 0xed, 0xe1, 0x6d, 0x30, 0xa9, 0xe0, 0xa2, 0x0d, 0x9c,
  0x27, 0x10, 0x48, 0xb2, 0x2d, 0x91, 0x01, 0x7d, 0x0e, 0x44, 0x88, 0x99,
  0x73, 0x69, 0x6d, 0x28, 0x04, 0x8a, 0x53, 0x05, 0x67, 0x8d, 0x66, 0x48,
  0xb9, 0xa4, 0x6f, 0x57, 0x39, 0x24, 0xc4, 0x08, 0x0b, 0x59, 0x72, 0xa1,
  0x18, 0x64, 0xcb, 0xb0, 0x81, 0x51, 0x28, 0x7c, 0x1f, 0x54, 0x44, 0x5e,
  0xcb, 0xcc, 0x66, 0xda, 0x66, 0x8c, 0x0b, 0xc1, 0xc1, 0x64, 0x86, 0x1a,
  0x4f, 0x64, 0x88, 0x4b, 0xcc, 0xa5, 0x28, 0xab, 0x46, 0x56, 0x56, 0x8e,
  0x41, 0x77, 0x82, 0x88, 0xd1, 0x22, 0x48, 0x10, 0x1c, 0x98, 0xb2, 0xce,
  0x03, 0x78, 0xea, 0x93, 0x25, 0x2e, 0x88, 0x53, 0xe6, 0x90, 0x82, 0x2a,
  0x94, 0x11, 0xb9, 0x04, 0x08, 0x01, 0xb1, 0x86, 0xf2, 0xf7, 0xc1, 0x2c,
  0x6b, 0xe0, 0xb4, 0x6a, 0x5a, 0xd7, 0xd2, 0x20, 0x10, 0x48, 0x48, 0xa0,
  0x2c, 0xa4, 0xfc, 0x17, 0x8d, 0x97, 0x4f, 0xf0, 0x04, 0x4f, 0xf0, 0x04,
  0x4f, 0xf0, 0x04, 0x7d, 0xe4, 0xe4, 0x37, 0x19, 0xf3, 0xcb, 0x4a, 0x1d,
  0x38, 0x5e, 0x76, 0x10, 0x38, 0x06, 0xac, 0x4b, 0x9b, 0x8f, 0xfd, 0x36,
  0x66, 0x63, 0xef, 0xae, 0x72, 0xbf, 0xaf, 0xda, 0xf8, 0x1a, 0xf8, 0x80,
  0x0c, 0xff, 0x74, 0xd0, 0xbf, 0xa1, 0xf7, 0xf9, 0xd8, 0xe3, 0x2c, 0xe6,
  0xa3, 0xf7, 0xc3, 0xd7, 0x83, 0xc1, 0x97, 0x9f, 0x7f, 0x7f, 0xe7, 0x80,
  0xd5, 0x6e, 0x0f, 0xbd, 0x2c, 0xab, 0xc7, 0x6a, 0xbc, 0xda, 0x6f, 0x4b,
  0x07, 0xa8, 0x7c, 0x0b, 0x14, 0xba, 0x5c, 0x3c, 0x16, 0x5b, 0x56, 0x01,
  0xe8, 0x7d, 0x64, 0xb3, 0xd2, 0xc0, 0x65, 0x75, 0x42, 0x21, 0x11, 0x30,
  0xfb, 0x18, 0x6c, 0x39, 0x28, 0x90, 0xcd, 0x74, 0x31, 0x5b, 0xdf, 0x47,
  0x04, 0x82, 0x83, 0x3e, 0xf4, 0x68, 0x70, 0x48, 0x20, 0x40, 0x3e, 0x06,
  0x55, 0xc1, 0x85, 0x24, 0xdb, 0x2a, 0x8e, 0xcc, 0xc0, 0x74, 0x31, 0xbb,
  0x2c, 0x42, 0x1d, 0xe4, 0xb5, 0xe4, 0x65, 0xed, 0x99, 0x72, 0x40, 0x20,
  0x89, 0x1f, 0x82, 0x17, 0x55, 0x5d, 0x0a, 0x6b, 0x36, 0x4d, 0x0b, 0xd0,
  0x40, 0x31, 0xa3, 0x65, 0xb9, 0xdc, 0x83, 0x59, 0x10, 0x43, 0x0c, 0x1f,
  0x6e, 0x65, 0x12, 0x28, 0x57, 0x90, 0x4c, 0x3a, 0x18, 0xe6, 0x49, 0x72,
  0xa1, 0x65, 0x76, 0x90, 0xca, 0x0d, 0x44, 0x05, 0x0b, 0x94, 0x95, 0xef,
  0x40, 0x4f, 0x6d, 0xad, 0x61, 0x0a, 0x02, 0x29, 0x48, 0x49, 0x8a, 0xb1,
  0x2c, 0x5c, 0xd6, 0x79, 0x9a, 0x26, 0x61, 0x1d, 0xa0, 0x63, 0x23, 0xc3,
  0x84, 0x35, 0x43, 0x49, 0x3e, 0x02, 0x6d, 0x95, 0xd6, 0x80, 0xea, 0xf5,
  0x59, 0x1d, 0x6c, 0x19, 0x92, 0x3c, 0x02, 0x67, 0x94, 0x59, 0x14, 0xf8,
  0x18, 0xd4, 0xa5, 0x5c, 0xd4, 0x0a, 0xad, 0xb6, 0x81, 0xd3, 0x74, 0x03,
  0xd9, 0x31, 0x0d, 0xd1, 0xcc, 0x41, 0x25, 0x81, 0x14, 0x20, 0x3f, 0x04,
  0x15, 0xa0, 0x06, 0x72, 0xc1, 0x6a, 0x05, 0x6c, 0x8b, 0x5e, 0x33, 0x0c,
  0xf1, 0x17, 0xb0, 0xa7, 0x44, 0x85, 0x84, 0xc4, 0xdb, 0xf9, 0x21, 0xe8,
  0x8b, 0x83, 0xad, 0x0d, 0xad, 0x68, 0xb6, 0xf5, 0xd6, 0x86, 0x31, 0xd0,
  0xb2, 0x6c, 0xa0, 0x20, 0xc4, 0x6d, 0xa3, 0x04, 0xb3, 0xb8, 0x9a, 0x2d,
  0x1f, 0x82, 0x24, 0x24, 0x15, 0x2c, 0xd9, 0x0a, 0x5f, 0xb7, 0xb2, 0x10,
  0xf9, 0x7e, 0x98, 0x97, 0x0e, 0x8e, 0x8d, 0x12, 0x80, 0x98, 0xcc, 0xd2,
  0x87, 0xe0, 0xa2, 0xab, 0x5c, 0xac, 0xa4, 0x0a, 0xe6, 0xeb, 0x8e, 0x0d,
  0x5c, 0x06, 0x18, 0x31, 0x40, 0xf4, 0x01, 0x3b, 0xa0, 0x1f, 0xee, 0x87,
  0xac, 0x0a, 0x32, 0x05, 0x57, 0xd4, 0xc1, 0x81, 0x7a, 0x39, 0x40, 0xf4,
  0x25, 0x8e, 0xeb, 0x7f, 0x7d, 0xd8, 0x39, 0x78, 0x95, 0x61, 0x17, 0x21,
  0x5b, 0xe5, 0x51, 0xe7, 0x30, 0x02, 0x40, 0xf0, 0x2a, 0x7f, 0xda, 0x39,
  0x28, 0x58, 0x47, 0x3c, 0xee, 0xbe, 0x6e, 0xe1, 0xd9, 0xfd, 0x2f, 0xf6,
  0xd8, 0x24, 0x57, 0xc0, 0xab, 0xc4, 0x66, 0xba, 0xeb, 0xf2, 0xfe, 0x8e,
  0x0c, 0x6c, 0x04, 0xe7, 0xa2, 0xcf, 0x81, 0x66, 0xc7, 0x82, 0x64, 0x26,
  0x09, 0x48, 0x03, 0x8c, 0x40, 0xf0, 0x32, 0x00, 0xf1, 0x39, 0x50, 0x59,
  0x1c, 0x18, 0x55, 0x9f, 0x62, 0x07, 0xc9, 0x4c, 0x9e, 0xce, 0x30, 0x03,
  0x65, 0x54, 0x7d, 0x9a, 0x24, 0x8c, 0x0d, 0xf3, 0x1c, 0x28, 0x24, 0x0e,
  0x0c, 0xd0, 0x63, 0x80, 0xcf, 0x5d, 0xde, 0xdf, 0xec, 0x5a, 0x65, 0x5f,
  0x22, 0x10, 0x1c, 0xdb, 0x0f, 0x02, 0xbd, 0xca, 0xf3, 0x32, 0x0f, 0xf4,
  0xe9, 0x36, 0x1c, 0x73, 0x46, 0xa6, 0x75, 0x6a, 0xe0, 0xc0, 0x9e, 0x07,
  0x49, 0x00, 0x65, 0x4c, 0x96, 0xcb, 0xc8, 0xf6, 0xf9, 0x0c, 0x97, 0xdc,
  0x41, 0xa0, 0x81, 0xad, 0xba, 0xc0, 0x8e, 0x0c, 0x53, 0xba, 0x82, 0x8e,
  0x4d, 0x65, 0x9e, 0x1d, 0xf4, 0x38, 0xa4, 0x73, 0x38, 0x04, 0x1c, 0x31,
  0xb6, 0xf4, 0xfe, 0xee, 0xcb, 0xcc, 0xe3, 0xfe, 0xf9, 0x88, 0xdb, 0x6b,
  0xff, 0x1f, 0x40, 0xab, 0xcb, 0x0d, 0xf0, 0xe5, 0xbe, 0xb4, 0x77, 0xcb,
  0x1f, 0x08, 0x9e, 0xe0, 0xa7, 0xdd, 0xd7, 0xa6, 0x7e, 0xba, 0xfb, 0x8c,
  0xe7, 0x9f, 0x82, 0x53, 0x5d, 0x1a, 0x52, 0x0b, 0x98, 0x4d, 0xb1, 0xad,
  0xfb, 0x72, 0x7b, 0x5e, 0xa3, 0xbd, 0xe0, 0xe5, 0xa7, 0x55, 0x9e, 0xeb,
  0xd2, 0xc0, 0x5a, 0xc0, 0x2c, 0xcc, 0x6d, 0xdd, 0x97, 0xdb, 0xf3, 0xd9,
  0x4b, 0x5f, 0xee, 0xcf, 0x96, 0x3b, 0x33, 0x7c, 0x62, 0x2b, 0x1f, 0x0d,
  0x9e, 0xb3, 0x59, 0xfe, 0x12, 0xf0, 0x04, 0x4f, 0xf0, 0x04, 0x4f, 0xf0,
  0xbc, 0x1e, 0xec, 0xcb, 0xf6, 0xfd, 0x8a, 0x8f, 0x0a, 0x77, 0x5e, 0xdf,
  0xa6, 0xc7, 0xab, 0xc7, 0x31, 0xd7, 0xb7, 0xf1, 0x6f, 0x52, 0x06, 0xd8,
  0xcf, 0xd9, 0x6b, 0x8f, 0xb7, 0xa7, 0xc0, 0x7e, 0x2f, 0x7a, 0xc7, 0x1a,
  0xda, 0x96, 0xfa, 0xcf, 0xf8, 0xf2, 0x64, 0x86, 0x15, 0xda, 0xce, 0xd9,
  0xfb, 0x09, 0xf8, 0x9a, 0x83, 0x7d, 0x2e, 0xe2, 0x73, 0x60, 0x4f, 0xf0,
  0x75, 0x80, 0xaf, 0xd8, 0xce, 0xd9, 0xab, 0xfa, 0xd3, 0x19, 0xfa, 0xbd,
  0x53, 0x50, 0x21, 0xdf, 0xca, 0xce, 0x79, 0x0b, 0x7a, 0xcb, 0x3e, 0x01,
  0xee, 0xbf, 0xe1, 0xc9, 0xf1, 0xe0, 0xd9, 0x39, 0x84, 0x08, 0x42, 0x18,
  0xc0, 0xdd, 0x1d, 0x4b, 0xbe, 0x0d, 0x52, 0x88, 0x82, 0xa5, 0xfc, 0x02,
  0x26, 0x20, 0x8d, 0xf8, 0x36, 0xe8, 0x59, 0x50, 0xe4, 0xf9, 0x3d, 0x18,
  0x3d, 0x6f, 0xb3, 0xe0, 0xe5, 0xf8, 0x34, 0x78, 0x93, 0xd3, 0x97, 0x32,
  0xa4, 0xa0, 0xb1, 0x49, 0x41, 0x9d, 0x40, 0x0c, 0x14, 0xa6, 0x10, 0xe7,
  0x06, 0x02, 0xe2, 0xf1, 0x2d, 0x30, 0x4f, 0x49, 0x1a, 0xc8, 0x11, 0x48,
  0x8c, 0x98, 0xf8, 0x06, 0xe6, 0xd2, 0x40, 0xea, 0x80, 0x7c, 0x0a, 0xe6,
  0x6c, 0x25, 0xe8, 0x25, 0x22, 0x97, 0x9e, 0xe1, 0x00, 0xcd, 0x6e, 0x20,
  0x17, 0xe9, 0x14, 0x7d, 0x6d, 0xa3, 0x84, 0x65, 0x8e, 0x23, 0xc3, 0xd1,
  0x86, 0xd7, 0x0c, 0x53, 0xea, 0x60, 0x74, 0x20, 0x7c, 0x3e, 0xbc, 0xa5,
  0x00, 0x09, 0xd3, 0x1a, 0xa7, 0x69, 0x9e, 0x11, 0xf4, 0x01, 0xe8, 0x19,
  0x06, 0xa1, 0xd9, 0x84, 0x6c, 0x92, 0x4f, 0xc1, 0x6c, 0x54, 0xc2, 0x85,
  0x63, 0x2e, 0xb9, 0xb4, 0x0c, 0x63, 0x40, 0x8c, 0xe1, 0xb7, 0x2a, 0x27,
  0x61, 0x82, 0x32, 0x44, 0xbf, 0x50, 0x65, 0x08, 0xa5, 0xb9, 0x60, 0x2c,
  0x9a, 0x10, 0x35, 0x8d, 0x0c, 0xaf, 0x6d, 0x38, 0x76, 0xf4, 0xaf, 0xb5,
  0x21, 0x47, 0xe9, 0xba, 0xdc, 0x83, 0x7d, 0x0b, 0x7f, 0x1d, 0x64, 0x33,
  0x9d, 0x34, 0xc8, 0xc3, 0x1d, 0xdb, 0x6c, 0xec, 0xd8, 0xdf, 0xcb, 0x10,
  0x79, 0x3d, 0xee, 0xad, 0x87, 0x10, 0x81, 0x08, 0x79, 0xba, 0x73, 0x38,
  0x3b, 0xd8, 0x13, 0x3c, 0xc1, 0x13, 0x3c, 0xc1, 0x13, 0x3c, 0xcf, 0xd7,
  0x03, 0xc6, 0xb4, 0xc1, 0xdd, 0x73, 0xe7, 0x0e, 0x07, 0xdb, 0x08, 0xf9,
  0xed, 0xf5, 0x7f, 0xfc, 0xa7, 0xcf, 0x43, 0x3c, 0x00, 0x6c, 0x67, 0xea,
  0xfd, 0xd7, 0x7f, 0xfa, 0x2c, 0xbf, 0xfd, 0xa0, 0x8f, 0x90, 0xe1, 0xe0,
  0x2b, 0x8e, 0x00, 0xbd, 0xc2, 0xf0, 0xe1, 0xf6, 0x41, 0xe0, 0x76, 0x45,
  0x9b, 0xea, 0x3b, 0xec, 0xf3, 0x10, 0xff, 0xf2, 0x1d, 0xfb, 0x04, 0x59,
  0x01, 0x92, 0x1b, 0x90, 0xcb, 0x3d, 0x10, 0xe4, 0x1b, 0xa0, 0x59, 0x47,
  0xe7, 0x09, 0x50, 0x7d, 0x7c, 0x6b, 0x13, 0xfa, 0x06, 0x48, 0x66, 0xd2,
  0xb2, 0x8a, 0x01, 0xcc, 0x0c, 0x98, 0x49, 0xcf, 0xfa, 0x82, 0xb0, 0x2e,
  0x31, 0x9b, 0x15, 0xf0, 0x37, 0xc0, 0x31, 0x0e, 0x21, 0x65, 0xf9, 0xe5,
  0x1f, 0x08, 0xd3, 0xf8, 0x5d, 0x40, 0xfe, 0x12, 0xd8, 0xdb, 0xce, 0xc1,
  0x91, 0x61, 0x03, 0xcb, 0xd6, 0x0c, 0xd3, 0xd2, 0x41, 0x41, 0xe0, 0x3c,
  0x7f, 0x02, 0x06, 0x8f, 0x02, 0x4c, 0x33, 0xc6, 0x34, 0x19, 0x84, 0xd8,
  0xc1, 0xd5, 0xa4, 0x81, 0xcb, 0xda, 0x00, 0x07, 0x53, 0xbe, 0x7c, 0x06,
  0xce, 0xd7, 0xb1, 0xd3, 0x98, 0x09, 0x94, 0xe7, 0xa9, 0x40, 0x55, 0x69,
  0x31, 0xf5, 0xe7, 0x94, 0xcb, 0x98, 0x85, 0x16, 0x62, 0x86, 0x7c, 0x38,
  0xbc, 0x85, 0x08, 0xd0, 0xff, 0x14, 0x59, 0xb9, 0x8c, 0xeb, 0x9b, 0x32,
  0x33, 0xc0, 0x15, 0x2c, 0x59, 0x82, 0x59, 0x74, 0xd4, 0x6b, 0x10, 0x13,
  0xd2, 0xc7, 0xa0, 0x07, 0x87, 0xde, 0x86, 0xf3, 0xa4, 0x63, 0xd7, 0xf1,
  0x85, 0x16, 0x2b, 0xa4, 0xdc, 0xb2, 0xa3, 0x94, 0x04, 0x46, 0x25, 0x46,
  0xe8, 0xe7, 0x1b, 0x85, 0xb7, 0x72, 0x5d, 0x6e, 0xd3, 0x65, 0x00, 0xf0,
  0xba, 0x81, 0x21, 0x8a, 0x97, 0x28, 0xa5, 0x24, 0xa2, 0xcf, 0xc1, 0x11,
  0x63, 0x4b, 0x0f, 0x30, 0x97, 0xdf, 0x40, 0xa3, 0x92, 0x8b, 0xc9, 0x77,
  0xc0, 0x5b, 0xa9, 0xaa, 0x15, 0x0c, 0xb4, 0x2e, 0x32, 0x02, 0x34, 0x21,
  0x9b, 0xe1, 0x5b, 0xe0, 0x08, 0x66, 0x46, 0x2e, 0x45, 0xc1, 0x8a, 0x6b,
  0x10, 0x81, 0xad, 0x3c, 0xd1, 0x39, 0xb0, 0x6e, 0x55, 0xa6, 0x52, 0x55,
  0x5c, 0x03, 0xf7, 0xd8, 0xd9, 0xc1, 0x9e, 0xe0, 0x09, 0x9e, 0xe0, 0x09,
  0x9e, 0xe0, 0x79, 0xff, 0x94, 0x06, 0xf4, 0x2b, 0xc2, 0xee, 0x04, 0x5f,
  0xf1, 0x2b, 0x08, 0xec, 0x06, 0xc7, 0x95, 0x60, 0xdb, 0xf7, 0xcc, 0x6f,
  0xfd, 0x3b, 0xd1, 0x3d, 0x55, 0xee, 0x17, 0x43, 0x75, 0xb6, 0xda, 0x2f,
  0xe3, 0xfa, 0xb0, 0x7b, 0x32, 0x74, 0xc2, 0x41, 0xff, 0x16, 0xf7, 0x10,
  0x70, 0x64, 0xe8, 0x95, 0xdf, 0x0d, 0xfa, 0x56, 0xf6, 0x36, 0xdc, 0xae,
  0x6e, 0xf3, 0x56, 0xcb, 0xfa, 0xd8, 0x01, 0x1e, 0xf2, 0x65, 0xf0, 0xf1,
  0xe0, 0xd9, 0x39, 0xc4, 0x6d, 0x5c, 0x42, 0x02, 0x13, 0x00, 0x06, 0x80,
  0x6f, 0x40, 0x2e, 0xdf, 0x05, 0x93, 0x20, 0x44, 0x07, 0x23, 0xa8, 0x28,
  0x08, 0x02, 0x44, 0xe9, 0xd8, 0xa4, 0x10, 0xba, 0x07, 0x4c, 0x3e, 0x00,
  0xa3, 0x01, 0xd3, 0xec, 0x60, 0x00, 0xb2, 0x46, 0x07, 0x49, 0x3a, 0x18,
  0x91, 0x70, 0xb9, 0x00, 0xfc, 0x2b, 0x40, 0xa6, 0x3d, 0x73, 0x32, 0xb9,
  0x07, 0x61, 0x80, 0x32, 0x00, 0x2e, 0x35, 0x24, 0x6c, 0x19, 0xb2, 0xad,
  0xe2, 0x20, 0x09, 0x09, 0x28, 0x83, 0x14, 0x40, 0x02, 0x90, 0xb5, 0x3b,
  0xb6, 0x02, 0xe1, 0x11, 0x48, 0xd6, 0x06, 0x87, 0x40, 0x06, 0x40, 0x1a,
  0x70, 0x01, 0x4c, 0x24, 0xdb, 0xa2, 0x0e, 0x72, 0x2e, 0x1a, 0xa2, 0x81,
  0x0b, 0xe0, 0xbf, 0x82, 0x26, 0xc0, 0xb2, 0x92, 0x15, 0xc1, 0x54, 0xee,
  0x41, 0xe2, 0x8b, 0xdc, 0xc6, 0x20, 0x5a, 0x41, 0x03, 0x95, 0x18, 0x33,
  0x77, 0x30, 0x0b, 0x95, 0x0c, 0xa4, 0x10, 0x00, 0x76, 0x50, 0x0a, 0x08,
  0x56, 0xc8, 0x92, 0x60, 0xd1, 0x7b, 0x10, 0x79, 0x6b, 0xa0, 0x8b, 0x02,
  0xa4, 0x29, 0x40, 0xc1, 0x16, 0x00, 0x01, 0x1c, 0x6d, 0x83, 0xf2, 0x54,
  0x41, 0x36, 0x8d, 0x66, 0x8a, 0xac, 0x40, 0xa9, 0xe0, 0xaa, 0x42, 0x59,
  0x1e, 0x80, 0x31, 0x4b, 0xca, 0x25, 0xd1, 0x2a, 0x00, 0x4b, 0x0a, 0xc1,
  0x1a, 0x98, 0x17, 0xc7, 0x16, 0xe5, 0x8a, 0x50, 0x92, 0x72, 0x05, 0x25,
  0xb4, 0x86, 0xa4, 0x8b, 0x83, 0x78, 0x00, 0x56, 0xc0, 0xab, 0xcc, 0x0a,
  0x20, 0x23, 0x84, 0x08, 0x84, 0x52, 0x41, 0xee, 0x60, 0xff, 0x9e, 0x99,
  0x4a, 0x08, 0xa4, 0x7c, 0x21, 0xa5, 0xd9, 0x80, 0xaa, 0x92, 0x89, 0x50,
  0xa2, 0xc7, 0xe7, 0x49, 0x79, 0x64, 0x03, 0x50, 0x1c, 0xbc, 0x20, 0xa0,
  0x82, 0xd6, 0xc1, 0x98, 0x4b, 0xc8, 0xb8, 0x14, 0x2e, 0x14, 0x71, 0xa1,
  0xc8, 0xb3, 0x49, 0xcb, 0x30, 0x45, 0x21, 0x84, 0x07, 0xa0, 0x02, 0x61,
  0x59, 0x63, 0x36, 0x01, 0x69, 0x05, 0x27, 0xc8, 0x7b, 0x30, 0x08, 0xc5,
  0x7c, 0x29, 0x3a, 0x76, 0x1b, 0xbe, 0x98, 0x70, 0x91, 0x00, 0x21, 0x10,
  0xe2, 0x3d, 0x48, 0xe2, 0x28, 0xb7, 0x0c, 0x59, 0x00, 0xba, 0x40, 0x08,
  0xf1, 0x0a, 0xf2, 0x5a, 0xe3, 0x62, 0x18, 0x0b, 0x9b, 0x49, 0xb6, 0xbc,
  0xdd, 0x48, 0x48, 0xee, 0x41, 0xee, 0xd5, 0xee, 0x35, 0x07, 0x00, 0x82,
  0xc0, 0xe4, 0x97, 0x4f, 0x9b, 0x68, 0x31, 0x79, 0x07, 0x22, 0xdf, 0xfc,
  0x7b, 0x30, 0xa1, 0x2f, 0x59, 0xc7, 0xba, 0x0d, 0xeb, 0xd6, 0xc6, 0x5c,
  0x7e, 0x79, 0xdb, 0x71, 0x39, 0x3b, 0xd8, 0x3b, 0x90, 0xac, 0x97, 0x26,
  0x7b, 0xc1, 0xd1, 0xe8, 0x5d, 0x22, 0xd3, 0x1a, 0xb2, 0x13, 0x5c, 0x2e,
  0x00, 0x5d, 0x9a, 0xc2, 0x56, 0xc0, 0x64, 0xfb, 0x40, 0xca, 0x2a, 0x1b,
  0xa8, 0x5c, 0x12, 0x18, 0x22, 0xfb, 0xc1, 0x60, 0x60, 0x07, 0xd7, 0x0a,
  0x8a, 0x1e, 0x00, 0xb2, 0x80, 0xcd, 0x84, 0xd7, 0x15, 0x64, 0xd6, 0xa6,
  0xc0, 0x7c, 0x31, 0x1e, 0x83, 0xe4, 0x0f, 0x33, 0x65, 0x65, 0x09, 0x61,
  0xde, 0x09, 0xb2, 0x08, 0x52, 0xea, 0x55, 0xf6, 0x2c, 0x05, 0x3b, 0x37,
  0x0a, 0x20, 0x20, 0x71, 0x70, 0xab, 0xf6, 0xb4, 0x0f, 0x84, 0x10, 0x3c,
  0xc3, 0xd1, 0xb3, 0x38, 0xba, 0x7b, 0xc7, 0x66, 0x21, 0xed, 0xeb, 0x06,
  0xda, 0x0b, 0x7a, 0x30, 0xa0, 0x7f, 0x4c, 0xe7, 0x70, 0x82, 0x27, 0x78,
  0x82, 0x27, 0x78, 0x82, 0x27, 0x78, 0x9e, 0x9f, 0xf2, 0x3a, 0xce, 0x4e,
  0xe9, 0x47, 0x40, 0xaf, 0xcf, 0x82, 0x2e, 0x8d, 0xe2, 0x76, 0x76, 0xca,
  0x4e, 0xb0, 0x9f, 0x89, 0x32, 0xc0, 0x7e, 0xb6, 0x8a, 0xc3, 0x4f, 0x7f,
  0x7e, 0xf8, 0xda, 0x96, 0x71, 0x76, 0xca, 0x8f, 0x7e, 0x6e, 0xca, 0xcf,
  0x1d, 0x19, 0x0e, 0xd0, 0x11, 0x97, 0x1d, 0xfc, 0xf1, 0xcf, 0xc1, 0xa0,
  0xe3, 0x3b, 0xdb, 0x70, 0x9c, 0x9d, 0xe2, 0xcf, 0x3d, 0xe3, 0xbf, 0x6b,
  0xc7, 0x3e, 0x41, 0x12, 0xd6, 0xbb, 0xfb, 0x4a, 0xfd, 0x06, 0x28, 0x10,
  0x58, 0x1a, 0x40, 0xe3, 0x77, 0x0c, 0x20, 0x3e, 0x04, 0x4b, 0x64, 0x2f,
  0x73, 0xbc, 0x62, 0x9c, 0x6e, 0x68, 0x72, 0x44, 0x40, 0x4b, 0x76, 0x25,
  0x80, 0xcb, 0x00, 0x05, 0x24, 0x78, 0x0c, 0x42, 0x01, 0x98, 0x8c, 0xdb,
  0x40, 0x21, 0x97, 0x2d, 0xe0, 0xd1, 0x40, 0xbe, 0x24, 0x01, 0x8a, 0xd2,
  0x52, 0x14, 0xd9, 0x00, 0x5a, 0x14, 0xac, 0x8f, 0x40, 0x46, 0x04, 0xf7,
  0xba, 0xa4, 0xa4, 0x24, 0xe6, 0x68, 0x87, 0x8b, 0xf6, 0x9a, 0x29, 0x83,
  0x15, 0x0a, 0x5e, 0x85, 0x94, 0x94, 0xcc, 0x04, 0xbc, 0x2a, 0xcc, 0x1e,
  0x81, 0x09, 0x11, 0x10, 0xb0, 0x28, 0x56, 0x4b, 0x94, 0xb2, 0x50, 0x31,
  0x05, 0x1b, 0xc8, 0xd1, 0xd5, 0xc0, 0xcb, 0xaa, 0x7d, 0x2e, 0xce, 0x22,
  0x50, 0x12, 0x76, 0x30, 0x17, 0xd0, 0x3a, 0xcb, 0x3d, 0xc8, 0x8a, 0x98,
  0x11, 0x91, 0x55, 0xb1, 0x18, 0x38, 0x65, 0x0d, 0xb6, 0x16, 0x5a, 0x59,
  0x1c, 0xa1, 0x92, 0x25, 0xe7, 0x52, 0x82, 0x2d, 0x0a, 0xcb, 0x02, 0x2e,
  0x60, 0x21, 0x81, 0xf5, 0xbf, 0xbd, 0x07, 0x2d, 0x21, 0x46, 0x09, 0x40,
  0x11, 0xca, 0x05, 0x8c, 0x1c, 0xf3, 0x6a, 0x85, 0x8a, 0x09, 0x27, 0x56,
  0x12, 0x6a, 0x20, 0x5b, 0x51, 0x14, 0x03, 0x48, 0xc1, 0xd4, 0x2e, 0xee,
  0x04, 0xb6, 0x72, 0x0f, 0xf2, 0x02, 0x44, 0x96, 0x40, 0x9a, 0xc0, 0x56,
  0x41, 0x29, 0x32, 0x59, 0x09, 0x0d, 0x2c, 0x15, 0x34, 0x6b, 0xa0, 0x97,
  0xb4, 0xb5, 0x19, 0x2d, 0x0b, 0x28, 0x5f, 0x40, 0xeb, 0x22, 0x77, 0xe0,
  0x54, 0x22, 0x22, 0x10, 0xb8, 0x6c, 0xa0, 0x99, 0x46, 0xd3, 0x40, 0x96,
  0x1d, 0x94, 0x01, 0x7a, 0x76, 0x64, 0x05, 0xa0, 0x6d, 0x8f, 0x61, 0x42,
  0x30, 0x8b, 0x77, 0x60, 0xae, 0x60, 0x02, 0x52, 0xcc, 0x11, 0x79, 0x55,
  0x90, 0x2d, 0x12, 0xd2, 0x45, 0x1d, 0x0c, 0xd9, 0x6e, 0x20, 0x2b, 0xd8,
  0x6a, 0x6c, 0x20, 0x10, 0x1e, 0x5f, 0x77, 0x2e, 0xa9, 0xf4, 0xcb, 0x21,
  0x31, 0x6a, 0xe9, 0xa0, 0x0a, 0x71, 0x40, 0x85, 0x1c, 0xd4, 0x71, 0xbf,
  0x33, 0x90, 0x80, 0x0d, 0xe0, 0x19, 0x40, 0x16, 0x64, 0x44, 0xd0, 0x1a,
  0xef, 0xc1, 0x2c, 0x1d, 0x24, 0x06, 0x62, 0x5e, 0x00, 0xaf, 0x86, 0x44,
  0x34, 0xc8, 0x54, 0xaf, 0x3b, 0x3a, 0x47, 0x64, 0x05, 0x68, 0x80, 0x22,
  0x8f, 0x41, 0x26, 0xb4, 0x76, 0x0b, 0x01, 0x48, 0x39, 0x01, 0x1c, 0x23,
  0xa2, 0x74, 0x04, 0xd8, 0x30, 0x05, 0x82, 0x4b, 0xdb, 0xdb, 0x97, 0xfb,
  0xc6, 0xc4, 0x3a, 0xe1, 0x0e, 0xa4, 0x82, 0x56, 0xbd, 0xa8, 0xd7, 0x3e,
  0x41, 0xc0, 0x78, 0xb0, 0xc8, 0x00, 0x6f, 0x93, 0x87, 0x72, 0xf9, 0x37,
  0xf6, 0x87, 0xf1, 0x51, 0x1f, 0xc8, 0xfa, 0x3c, 0x88, 0x6c, 0xbd, 0x4c,
  0xe9, 0x86, 0xa5, 0xb4, 0x03, 0xdc, 0x7a, 0x8e, 0x16, 0x03, 0xce, 0xe5,
  0x79, 0x90, 0xcc, 0x66, 0x28, 0xb7, 0x2e, 0x0a, 0xac, 0x0d, 0xa3, 0x65,
  0x95, 0x3d, 0xa0, 0x38, 0x98, 0x95, 0x8b, 0x67, 0xe7, 0x68, 0x00, 0xe2,
  0x1e, 0x50, 0x1d, 0x8d, 0x66, 0xe1, 0x3a, 0xdd, 0x52, 0x76, 0x80, 0x30,
  0x4b, 0x9c, 0x8b, 0x36, 0x90, 0x15, 0x28, 0x04, 0x2e, 0x88, 0xcf, 0x7f,
  0xdc, 0x47, 0x32, 0xb3, 0x90, 0xa6, 0x0a, 0x7b, 0x76, 0xa4, 0x10, 0xb6,
  0x3d, 0xa0, 0xc6, 0x79, 0x9c, 0x06, 0xd6, 0xb2, 0x53, 0x44, 0xb6, 0x3d,
  0x6d, 0xb8, 0x76, 0x90, 0xcc, 0xa4, 0x81, 0xb2, 0x1f, 0xec, 0x98, 0x19,
  0x8e, 0x02, 0xfb, 0xd7, 0x70, 0x63, 0x83, 0x00, 0x91, 0x8c, 0xe4, 0x69,
  0x30, 0x29, 0xf5, 0xae, 0x3c, 0x06, 0x78, 0x90, 0x90, 0xec, 0x7a, 0xeb,
  0x71, 0x2e, 0x63, 0x0e, 0x71, 0x0f, 0x7f, 0xfe, 0xc5, 0x04, 0xcf, 0xc1,
  0xe3, 0x09, 0x9e, 0xe0, 0x09, 0x9e, 0xe0, 0x09, 0x9e, 0xe7, 0xeb, 0xf9,
  0xac, 0x43, 0x3f, 0x9f, 0xeb, 0xa8, 0xcb, 0xfb, 0x3b, 0xf8, 0xe2, 0x3f,
  0x8f, 0x02, 0xfd, 0x6c, 0xb8, 0x17, 0xf8, 0xdc, 0xc3, 0xc3, 0xc0, 0x17,
  0xfc, 0xf8, 0xc7, 0xab, 0x7c, 0x20, 0xf8, 0x82, 0x3f, 0x17, 0xdc, 0xee,
  0x16, 0x00, 0xff, 0xf9, 0x77, 0xef, 0xd8, 0x27, 0x48, 0xa5, 0x17, 0xe6,
  0x65, 0xea, 0x80, 0xb6, 0x82, 0x01, 0x4d, 0xed, 0x35, 0x4e, 0xbf, 0x2a,
  0x41, 0x3e, 0x00, 0xb9, 0x00, 0xe4, 0xe0, 0x0c, 0xa0, 0x00, 0x26, 0xa0,
  0xa0, 0x30, 0x03, 0x2b, 0x6b, 0x36, 0x09, 0x00, 0x85, 0xdf, 0xc0, 0xb9,
  0x86, 0x3e, 0x00, 0x49, 0x80, 0xec, 0xbf, 0x14, 0xc0, 0x02, 0x40, 0x0a,
  0x32, 0x45, 0x20, 0xed, 0xf3, 0x1e, 0x4a, 0x04, 0xab, 0x00, 0x51, 0x30,
  0x0e, 0xf0, 0x41, 0xd2, 0xc1, 0x9c, 0xee, 0x41, 0xa6, 0x0d, 0x8a, 0x11,
  0x48, 0x01, 0x60, 0x69, 0x60, 0x44, 0xc3, 0xd8, 0x10, 0x03, 0xad, 0x00,
  0x2e, 0x09, 0x36, 0xe6, 0x41, 0xe4, 0x48, 0x71, 0x29, 0x40, 0x2a, 0x0f,
  0xc0, 0x19, 0xa0, 0x12, 0x01, 0x49, 0x40, 0x70, 0x10, 0xe0, 0x12, 0x11,
  0x49, 0xd9, 0xb4, 0x81, 0x84, 0x19, 0xa0, 0x10, 0x1c, 0xeb, 0xa0, 0xc5,
  0x29, 0x5a, 0x09, 0xfa, 0x28, 0x43, 0x28, 0x7a, 0x95, 0xa4, 0x00, 0x97,
  0x00, 0x88, 0x3f, 0x8f, 0x08, 0x5c, 0xb8, 0xa0, 0x81, 0x90, 0x49, 0x10,
  0xa2, 0x5c, 0x41, 0x32, 0x4c, 0x31, 0x86, 0x9c, 0x1e, 0x66, 0x98, 0x80,
  0x7c, 0x01, 0xc2, 0x45, 0x41, 0x3a, 0xd7, 0x00, 0xb2, 0x28, 0x28, 0x17,
  0x5e, 0x25, 0x7a, 0x20, 0x2e, 0x8a, 0x78, 0xc1, 0x15, 0x64, 0x43, 0x5e,
  0x59, 0x53, 0x79, 0x94, 0x61, 0x5e, 0xc0, 0x39, 0x00, 0x69, 0x11, 0xb0,
  0xa4, 0x1a, 0xdb, 0x24, 0x47, 0xd3, 0x2b, 0x48, 0xa4, 0xe4, 0xc9, 0x93,
  0x80, 0x00, 0x41, 0xae, 0xa0, 0xe5, 0xca, 0xc5, 0x70, 0x0f, 0x96, 0x0a,
  0xa6, 0x08, 0xa8, 0x01, 0x19, 0x00, 0x03, 0xb0, 0x02, 0xa4, 0x2c, 0xac,
  0x88, 0x5e, 0x6d, 0x04, 0x28, 0x27, 0x77, 0x45, 0x1a, 0x68, 0x86, 0x18,
  0x72, 0x49, 0xe5, 0x01, 0x48, 0x6b, 0x8d, 0x45, 0x40, 0x52, 0x80, 0x02,
  0x40, 0x1c, 0x14, 0xa0, 0xf0, 0x6d, 0xa8, 0x1b, 0x25, 0xa6, 0xd2, 0xb3,
  0xa3, 0x92, 0x05, 0x59, 0xc0, 0x5a, 0xc9, 0xc4, 0x7a, 0x0f, 0xce, 0xdb,
  0x76, 0x81, 0x82, 0x14, 0x3d, 0x4a, 0x2f, 0x19, 0x1b, 0x28, 0x31, 0xb6,
  0x7f, 0x58, 0xa8, 0x81, 0xed, 0x51, 0x9c, 0x04, 0xee, 0x41, 0x07, 0x32,
  0x90, 0x00, 0xb0, 0xfc, 0x1a, 0x04, 0x48, 0x03, 0x11, 0x22, 0x96, 0xf1,
  0x79, 0x36, 0x2b, 0xda, 0xb4, 0x4f, 0xe0, 0x21, 0xe8, 0x91, 0xb8, 0x83,
  0x79, 0x0b, 0xde, 0xca, 0xbe, 0x23, 0x93, 0xd3, 0x09, 0x09, 0xef, 0x96,
  0x8e, 0xb1, 0xfe, 0xbf, 0xc0, 0x51, 0xbe, 0x5f, 0xff, 0x75, 0x72, 0x72,
  0x42, 0xfc, 0x15, 0x64, 0xfd, 0xfb, 0x3a, 0x58, 0xb6, 0xe7, 0x41, 0x5e,
  0x17, 0xfd, 0x15, 0xd3, 0xd1, 0x76, 0x20, 0x21, 0xf9, 0x16, 0xc8, 0x25,
  0x0f, 0xec, 0xb6, 0x5b, 0xc4, 0xd0, 0xfb, 0xbd, 0x52, 0x10, 0x72, 0x89,
  0xdf, 0x06, 0xc7, 0x47, 0xf0, 0xb4, 0xac, 0xe2, 0xd9, 0x36, 0x54, 0x08,
  0x54, 0x0c, 0x01, 0xf8, 0x1e, 0xe8, 0xe1, 0x20, 0x9b, 0x29, 0x0b, 0x35,
  0x8c, 0xe7, 0x49, 0xfb, 0xdb, 0xcc, 0xe4, 0xdb, 0x20, 0x95, 0xdc, 0xba,
  0xa4, 0x08, 0x84, 0xac, 0x5c, 0x2a, 0xe9, 0x59, 0x76, 0x70, 0x15, 0x65,
  0x40, 0x03, 0x49, 0x64, 0xb3, 0xf2, 0x65, 0xd0, 0xb3, 0x6a, 0xf7, 0xf6,
  0xa8, 0x0f, 0x94, 0xec, 0xcd, 0xd0, 0x40, 0x30, 0x62, 0x6b, 0x06, 0x56,
  0xcd, 0x52, 0xc2, 0x97, 0x40, 0xa4, 0x84, 0x06, 0xce, 0x53, 0x03, 0x89,
  0x44, 0xd8, 0x6c, 0x6b, 0x43, 0x44, 0xe4, 0x80, 0x30, 0x4f, 0x31, 0x7e,
  0x15, 0xf4, 0xf6, 0xea, 0x19, 0x4e, 0x2d, 0x3b, 0xaf, 0xbe, 0x67, 0xbd,
  0x7d, 0x38, 0x19, 0x61, 0xbd, 0xa7, 0x86, 0xcc, 0x5f, 0x03, 0x3d, 0xab,
  0xb1, 0x21, 0x90, 0x4b, 0x03, 0x41, 0x02, 0x5a, 0x17, 0x19, 0x60, 0x5b,
  0x32, 0xe9, 0xb7, 0x40, 0xb0, 0x8e, 0x6b, 0xb7, 0x35, 0xb4, 0xbd, 0xa6,
  0x10, 0x07, 0xbf, 0xb5, 0x95, 0xc7, 0x79, 0xdf, 0x63, 0x03, 0xc1, 0x0c,
  0x1e, 0x0d, 0x4c, 0x04, 0x2c, 0xf4, 0x7c, 0xe7, 0x40, 0xca, 0x32, 0x70,
  0x16, 0x52, 0x70, 0xeb, 0x45, 0x8f, 0xe9, 0x1c, 0x18, 0xd0, 0x0f, 0xbf,
  0x68, 0x38, 0x07, 0x8f, 0x27, 0x78, 0x82, 0x27, 0x78, 0x82, 0x27, 0x78,
  0x82, 0x3f, 0x5e, 0x81, 0x31, 0xe7, 0xf0, 0xd0, 0x0b, 0x6e, 0x1f, 0x06,
  0xbe, 0xfe, 0xd7, 0x67, 0xce, 0xf5, 0x33, 0x6e, 0x0f, 0x02, 0x31, 0xae,
  0x87, 0xfd, 0xf3, 0xa8, 0x0c, 0xc7, 0xf5, 0xb0, 0xff, 0x39, 0x06, 0xfc,
  0x9f, 0xd7, 0x23, 0x33, 0x74, 0xf0, 0xe5, 0xed, 0xd0, 0x36, 0xec, 0xea,
  0xc1, 0x3b, 0xf6, 0xcb, 0xcf, 0x9d, 0xe0, 0xd9, 0x39, 0x08, 0x40, 0xf7,
  0x63, 0xff, 0x6c, 0xdb, 0xa0, 0x92, 0x31, 0x6e, 0xa4, 0x16, 0x21, 0x01,
  0x80, 0x44, 0x20, 0x80, 0xf5, 0x31, 0x08, 0xda, 0x02, 0xbf, 0x4d, 0x93,
  0xb9, 0x58, 0xc9, 0xd9, 0x66, 0xc0, 0xe0, 0x00, 0x09, 0xb9, 0x16, 0x09,
  0x55, 0xa5, 0x18, 0xa1, 0xf9, 0x31, 0x08, 0x64, 0x69, 0x41, 0x7d, 0x38,
  0xd6, 0xc7, 0xca, 0x09, 0x58, 0xac, 0x90, 0x83, 0x6c, 0x98, 0xc6, 0xed,
  0xf1, 0xb8, 0x78, 0xb6, 0x8a, 0x29, 0x82, 0x20, 0xf2, 0x18, 0x84, 0x29,
  0x50, 0x66, 0xd0, 0xa5, 0x9f, 0x9c, 0x9b, 0x12, 0x2a, 0x04, 0x08, 0x10,
  0x5a, 0xe2, 0xdc, 0xc0, 0x98, 0x62, 0xf0, 0xfc, 0x08, 0x10, 0x07, 0x03,
  0x21, 0x3e, 0x06, 0xa3, 0xc6, 0x1a, 0xe2, 0x60, 0x30, 0x8d, 0x5e, 0x65,
  0x36, 0x13, 0x78, 0x00, 0x20, 0xdd, 0x40, 0x50, 0x80, 0x40, 0x28, 0x86,
  0x0a, 0x4e, 0x1f, 0x80, 0xb4, 0x44, 0xb4, 0xf4, 0x2d, 0x36, 0x90, 0x15,
  0x6c, 0x45, 0x20, 0x10, 0x02, 0x81, 0x24, 0x77, 0x90, 0x24, 0x10, 0x95,
  0xca, 0xc6, 0x06, 0x46, 0x42, 0xc2, 0x63, 0x70, 0x56, 0x04, 0x03, 0x88,
  0xd5, 0x41, 0x36, 0xd3, 0xd6, 0xe0, 0xdb, 0xf4, 0x40, 0xba, 0x58, 0x1c,
  0x6d, 0x38, 0x05, 0x6a, 0x6d, 0x97, 0xa6, 0x29, 0x45, 0xc8, 0xfc, 0xf8,
  0xf2, 0x5c, 0xbc, 0x08, 0x02, 0x22, 0x78, 0x96, 0x90, 0xe7, 0x0d, 0x64,
  0x81, 0x52, 0xcf, 0xd0, 0x2c, 0xe6, 0x0a, 0x4e, 0x42, 0x33, 0x85, 0x38,
  0x13, 0x41, 0x90, 0xad, 0x0d, 0xa4, 0x1f, 0x83, 0x19, 0xa1, 0x6f, 0x68,
  0xf8, 0x4a, 0xab, 0x72, 0x03, 0x47, 0x86, 0xa6, 0x11, 0x00, 0x62, 0x2e,
  0x81, 0x48, 0xa4, 0xa2, 0x12, 0x12, 0x23, 0x26, 0x84, 0xc7, 0x55, 0x2e,
  0x1e, 0xa1, 0x95, 0x21, 0x84, 0xd8, 0x26, 0x80, 0xb2, 0x01, 0xe3, 0xaa,
  0xe2, 0x86, 0x96, 0x61, 0x02, 0x12, 0xa1, 0x6f, 0x14, 0x4a, 0x0b, 0x42,
  0x42, 0x7c, 0x08, 0x92, 0x86, 0x1a, 0xe8, 0x01, 0x11, 0xb0, 0x82, 0x6b,
  0xc0, 0xfa, 0xd9, 0xeb, 0xa4, 0x7d, 0x6b, 0x66, 0xa1, 0x02, 0x21, 0x38,
  0x8a, 0xc2, 0x08, 0x78, 0x0c, 0x82, 0xe5, 0x16, 0x10, 0x82, 0x83, 0x64,
  0x40, 0x52, 0x12, 0x7f, 0xa7, 0x50, 0xb6, 0x18, 0x52, 0x8a, 0xe3, 0xed,
  0xc7, 0xad, 0xb4, 0x06, 0x3f, 0x04, 0xf3, 0x2d, 0x6e, 0x1f, 0x4f, 0xad,
  0x40, 0x34, 0x13, 0xda, 0xc0, 0x31, 0xa7, 0xe9, 0xfa, 0xd6, 0xe3, 0x12,
  0xa1, 0x8c, 0x87, 0x60, 0x1a, 0xf1, 0x5b, 0xe7, 0x50, 0x81, 0xde, 0xea,
  0x15, 0xf2, 0xec, 0xa2, 0x59, 0xa8, 0x5a, 0x20, 0x00, 0x1f, 0x75, 0x0e,
  0x5f, 0x0f, 0x92, 0xbf, 0xa4, 0x83, 0x3d, 0xc1, 0x13, 0x3c, 0xc1, 0x13,
  0x3c, 0xc1, 0x73, 0xbc, 0x7c, 0x1c, 0xf8, 0x76, 0x70, 0x86, 0x7e, 0xd5,
  0xe9, 0x3e, 0xd6, 0x3b, 0x0c, 0x1c, 0x67, 0xc0, 0x1d, 0x08, 0xfe, 0x78,
  0xab, 0x20, 0x80, 0xc3, 0xc6, 0xcb, 0x68, 0xe3, 0xe5, 0xc3, 0xc0, 0x76,
  0x47, 0xae, 0xfa, 0xf8, 0x9b, 0x77, 0xec, 0x13, 0x24, 0x70, 0xb9, 0x02,
  0x69, 0xdc, 0x19, 0x67, 0x07, 0x18, 0x0a, 0xdb, 0xf5, 0x04, 0xa0, 0x3e,
  0x8c, 0x15, 0xda, 0x95, 0x61, 0x01, 0x09, 0xb6, 0xd1, 0x67, 0x6c, 0xd9,
  0xe5, 0xb2, 0x07, 0x64, 0xa1, 0xa0, 0x1b, 0x50, 0xd0, 0xb2, 0x5b, 0xd6,
  0x3d, 0x60, 0x06, 0x85, 0x2c, 0xad, 0xca, 0x6c, 0x48, 0x75, 0xa1, 0x75,
  0xd9, 0x73, 0xc2, 0x4b, 0xa9, 0xa0, 0x44, 0xac, 0x11, 0x64, 0x1b, 0x68,
  0xf6, 0x3c, 0xc8, 0xa6, 0x15, 0x9c, 0x1b, 0x18, 0x3c, 0x43, 0x20, 0xc1,
  0xec, 0xf9, 0xcb, 0xd1, 0x64, 0x13, 0x07, 0x15, 0x2b, 0x10, 0xa8, 0x20,
  0xad, 0x4b, 0xa2, 0x5c, 0xe4, 0x79, 0x90, 0x63, 0x05, 0x17, 0x69, 0x60,
  0x6c, 0x20, 0x48, 0xe8, 0xf9, 0x2a, 0x4f, 0xd0, 0x1b, 0x98, 0x62, 0x05,
  0x65, 0x5f, 0x1b, 0xa6, 0x8b, 0x83, 0x06, 0x28, 0x40, 0xa8, 0xa0, 0x32,
  0x76, 0x81, 0x39, 0xdf, 0x40, 0x48, 0x05, 0xfb, 0x4e, 0x8e, 0xa7, 0x41,
  0x5e, 0x04, 0xc4, 0xa5, 0x83, 0x59, 0xbc, 0xdc, 0x7b, 0x26, 0x17, 0xc0,
  0x76, 0x03, 0xd2, 0xd9, 0xc1, 0x9e, 0xe0, 0x09, 0x9e, 0xe0, 0x09, 0x7e,
  0x2f, 0x4e, 0xf0, 0xbc, 0x9f, 0xd4, 0x2b, 0x0e, 0x3c, 0x9d, 0xe4, 0x68,
  0xb0, 0x92, 0x3f, 0xfa, 0x68, 0x0f, 0x2f, 0x6f, 0x87, 0x54, 0xb9, 0xdf,
  0x20, 0xb9, 0x5d, 0x81, 0x1a, 0x07, 0x80, 0x70, 0xeb, 0xbf, 0x1d, 0xfc,
  0x71, 0x44, 0x86, 0x15, 0x7a, 0x1b, 0x20, 0x5e, 0x8f, 0xd9, 0xca, 0x35,
  0xc3, 0x76, 0xd7, 0xe5, 0xda, 0x92, 0xbb, 0xc1, 0x4e, 0x9e, 0x9d, 0xc3,
  0xbf, 0x05, 0x24, 0xf1, 0xf8, 0xed, 0x3e, 0x53, 0x24, 0xa0, 0xeb, 0xef,
  0x3f, 0xb8, 0x7c, 0x2b, 0xc9, 0x43, 0x90, 0x01, 0x85, 0xc9, 0xed, 0x1c,
  0x71, 0x64, 0x21, 0xba, 0x80, 0x90, 0x80, 0x10, 0x01, 0x36, 0xb9, 0x03,
  0x49, 0x48, 0x5a, 0x06, 0x66, 0xad, 0x1c, 0x73, 0xff, 0x1d, 0x08, 0xb9,
  0x44, 0xb2, 0x02, 0xda, 0x7e, 0x07, 0x32, 0x61, 0x5e, 0x65, 0x8a, 0x57,
  0x10, 0x77, 0x20, 0x03, 0xda, 0xb2, 0xcc, 0x1b, 0xa8, 0x2c, 0x6c, 0xa6,
  0x0e, 0xf4, 0xcc, 0x0c, 0xac, 0x7c, 0xfd, 0x1b, 0x66, 0x53, 0x16, 0x00,
  0x39, 0x3c, 0xbe, 0x6a, 0x47, 0xe2, 0x39, 0xf5, 0x2a, 0x75, 0x10, 0x25,
  0xc3, 0xc1, 0x71, 0xe7, 0x26, 0x90, 0x81, 0x85, 0x14, 0x29, 0x01, 0x59,
  0x25, 0x64, 0xd3, 0x29, 0x42, 0x3a, 0xa8, 0x0f, 0xc0, 0x31, 0x3e, 0x26,
  0x93, 0x56, 0xe6, 0xd2, 0x40, 0x8f, 0x06, 0xc2, 0x24, 0x93, 0x14, 0x94,
  0x0c, 0x64, 0x08, 0xcc, 0x0a, 0x21, 0xcc, 0xb0, 0x0b, 0x60, 0xf2, 0x18,
  0xec, 0x55, 0xdc, 0x40, 0x56, 0x0c, 0x6c, 0x32, 0x9b, 0x1b, 0xc8, 0xda,
  0xc1, 0x08, 0xe1, 0x0a, 0x02, 0xa4, 0x1d, 0x34, 0x79, 0x08, 0x3a, 0x82,
  0x7c, 0x03, 0x5b, 0x69, 0x86, 0xf7, 0x60, 0x9f, 0x52, 0x9d, 0x24, 0xeb,
  0x5a, 0x80, 0x30, 0x93, 0x89, 0x27, 0x80, 0xff, 0x37, 0x68, 0xcb, 0xb5,
  0xca, 0x8e, 0x39, 0xfa, 0xbe, 0xca, 0x1d, 0xcc, 0x92, 0x03, 0x27, 0x00,
  0xe2, 0x20, 0xe8, 0xe1, 0x46, 0x59, 0xb4, 0x67, 0x45, 0xd7, 0x8d, 0xe2,
  0xe8, 0x00, 0xc7, 0x46, 0x69, 0xed, 0x5a, 0xc1, 0x24, 0x28, 0x20, 0x80,
  0x32, 0x04, 0xa4, 0x0f, 0x77, 0x1b, 0x38, 0xc4, 0x05, 0xd7, 0xdd, 0xa6,
  0x3f, 0xcf, 0xfa, 0x7e, 0xb7, 0xf1, 0xe7, 0xb5, 0x44, 0x06, 0x12, 0xa6,
  0xe8, 0xa6, 0x80, 0x05, 0x0f, 0x77, 0xec, 0x0e, 0x35, 0xb8, 0x3f, 0x27,
  0x69, 0x59, 0xbd, 0xdf, 0xb1, 0xfb, 0x44, 0xf0, 0x96, 0x40, 0x74, 0xa8,
  0x83, 0x8f, 0xdf, 0x7a, 0x0d, 0x82, 0xe0, 0xee, 0x1e, 0xcc, 0xef, 0xdf,
  0x7a, 0x6d, 0xbf, 0x94, 0x9e, 0x80, 0x67, 0x08, 0x21, 0x20, 0x7d, 0xb7,
  0xb7, 0x79, 0xdf, 0x39, 0x00, 0xb7, 0x04, 0x68, 0x2b, 0xe3, 0xbf, 0xb0,
  0x3f, 0x1c, 0xd5, 0x31, 0x01, 0xf5, 0x39, 0x35, 0x19, 0x28, 0x63, 0x97,
  0x79, 0x0e, 0x34, 0x03, 0xc8, 0xb4, 0x81, 0x66, 0xc8, 0x42, 0x25, 0x00,
  0xf1, 0x69, 0xb0, 0x65, 0xc2, 0xfd, 0xfd, 0xe9, 0x48, 0x56, 0x2e, 0xc1,
  0x10, 0x21, 0x84, 0xa7, 0x40, 0x56, 0xd6, 0x0e, 0xb2, 0x38, 0xc8, 0x25,
  0xeb, 0x3e, 0x50, 0x48, 0x11, 0x6c, 0xce, 0x9a, 0x41, 0x97, 0x8b, 0x90,
  0x9a, 0xec, 0x02, 0x5b, 0x5f, 0x17, 0x10, 0x50, 0x0b, 0x22, 0x11, 0x5c,
  0x0c, 0x0d, 0x8c, 0xe1, 0x49, 0x30, 0xc4, 0xc2, 0x17, 0x44, 0x22, 0x2b,
  0x0d, 0xe4, 0xd2, 0xc1, 0x10, 0x07, 0xf0, 0xcd, 0x8f, 0xfb, 0x82, 0x96,
  0xec, 0xd5, 0x24, 0xdb, 0x7a, 0x65, 0xdd, 0x09, 0x32, 0x95, 0x1c, 0x9b,
  0x83, 0xde, 0x2f, 0x5e, 0xf6, 0x55, 0x99, 0xc9, 0x34, 0x8e, 0x64, 0x96,
  0x09, 0x6c, 0xac, 0x94, 0x21, 0xb8, 0x5c, 0x9e, 0x04, 0xc5, 0x84, 0x45,
  0x7b, 0x76, 0x42, 0xbd, 0x1f, 0x5c, 0xa8, 0xe2, 0xeb, 0x73, 0x20, 0xe9,
  0x38, 0x53, 0x56, 0x80, 0x75, 0xe9, 0x1d, 0xec, 0x14, 0x00, 0xb3, 0xe7,
  0x40, 0xb8, 0x45, 0xe1, 0xda, 0x25, 0x05, 0xe5, 0xb6, 0x41, 0x9e, 0x7f,
  0x2f, 0xf3, 0x38, 0x47, 0xb1, 0x47, 0x04, 0x02, 0x48, 0xbe, 0x0c, 0x9e,
  0x83, 0xc7, 0x13, 0x3c, 0xc1, 0x13, 0x3c, 0xc1, 0x13, 0x3c, 0xef, 0xaf,
  0x77, 0x1c, 0xf8, 0x8a, 0xc3, 0x41, 0x9f, 0x2b, 0x72, 0x3f, 0x8d, 0x67,
  0xe7, 0xf5, 0xb1, 0x0f, 0xcd, 0xf0, 0xcf, 0x07, 0xfd, 0x43, 0xd3, 0x8f,
  0xaf, 0x6d, 0x73, 0x76, 0x0e, 0x27, 0x78, 0x82, 0xac, 0x24, 0xac, 0xac,
  0x28, 0xb9, 0xb0, 0x7a, 0xb0, 0xee, 0x02, 0x53, 0x62, 0x49, 0x75, 0xa1,
  0x92, 0x90, 0x80, 0xe4, 0xcb, 0x3e, 0xb0, 0x90, 0xa0, 0x5a, 0x9c, 0x0e,
  0x02, 0x73, 0x22, 0x21, 0x25, 0x4d, 0x29, 0x6b, 0x56, 0x28, 0x2b, 0x97,
  0x9d, 0x55, 0x26, 0x61, 0x20, 0xe5, 0xe2, 0xd9, 0x41, 0x6b, 0xa4, 0xdd,
  0x60, 0x42, 0x63, 0x92, 0xe3, 0xbb, 0x41, 0xd6, 0xed, 0x83, 0xbc, 0x94,
  0xf5, 0xba, 0xc5, 0x8f, 0xdf, 0x0f, 0x4f, 0xf0, 0x04, 0x03, 0x10, 0x49,
  0xda, 0xda, 0x31, 0x20, 0x01, 0x12, 0x62, 0x88, 0x00, 0xfd, 0xaf, 0xf4,
  0x87, 0x59, 0x3d, 0xfa, 0xfb, 0x25, 0x25, 0x56, 0xff, 0x99, 0x90, 0x93,
  0xaf, 0x67, 0xdd, 0xa2, 0x24, 0x5f, 0x82, 0xff, 0xf0, 0xbf, 0x1b, 0x8f,
  0x5c, 0xee, 0xc0, 0x34, 0x16, 0xa4, 0xb6, 0x4e, 0x42, 0xe2, 0x60, 0x27,
  0x46, 0x90, 0xdc, 0x40, 0xb8, 0x3a, 0x02, 0x8f, 0x41, 0x6c, 0x20, 0x36,
  0x50, 0x2b, 0x3e, 0xe7, 0x9b, 0x87, 0x0d, 0x9c, 0x3d, 0x7b, 0xe8, 0x8d,
  0x7b, 0x08, 0x66, 0x75, 0x28, 0x4b, 0x96, 0x54, 0x72, 0x71, 0x30, 0x8b,
  0x83, 0xa9, 0x0c, 0x8f, 0x75, 0x80, 0x24, 0x7d, 0x7d, 0x80, 0x59, 0xee,
  0xc0, 0x5c, 0xde, 0x65, 0x98, 0xde, 0x67, 0xe8, 0x42, 0x56, 0x0f, 0xa4,
  0x01, 0x3a, 0xc7, 0xc8, 0xa5, 0x3f, 0x3c, 0xc3, 0x2f, 0xb4, 0xe1, 0x24,
  0x8d, 0x0f, 0x8d, 0xc0, 0xad, 0x0d, 0xdb, 0xa6, 0x71, 0x1a, 0x9f, 0xb4,
  0xe1, 0xd8, 0xca, 0x09, 0x5c, 0xda, 0x56, 0xf6, 0xd7, 0x8a, 0x83, 0xac,
  0x09, 0xac, 0xbd, 0xca, 0x1e, 0xb9, 0xd1, 0xb7, 0xcd, 0xf5, 0x68, 0x2b,
  0x7f, 0x1a, 0x1f, 0xf6, 0xdf, 0x72, 0x70, 0xe7, 0x40, 0x07, 0x83, 0x23,
  0x4e, 0x30, 0x92, 0x00, 0xe1, 0x97, 0x72, 0x17, 0xd8, 0x7b, 0x36, 0xfa,
  0xad, 0xfc, 0x93, 0xaa, 0xec, 0xfd, 0xe0, 0xad, 0x87, 0x4b, 0xdb, 0xb2,
  0x03, 0x4c, 0xed, 0x31, 0xa0, 0x3f, 0x11, 0xcc, 0xe2, 0x8f, 0x01, 0xfd,
  0xf5, 0x55, 0xbe, 0xdf, 0xca, 0x23, 0xce, 0xce, 0xe1, 0xf7, 0x38, 0xc1,
  0xf3, 0x08, 0x36, 0x6d, 0x3f, 0x48, 0xbd, 0x20, 0x21, 0x49, 0xe0, 0xdf,
  0x08, 0xfe, 0xce, 0x11, 0xec, 0x00, 0x39, 0x6d, 0x38, 0x1e, 0x80, 0xdf,
  0x3d, 0x82, 0xe5, 0x52, 0x03, 0x5c, 0xf2, 0xd6, 0x6f, 0x33, 0xf2, 0x38,
  0x7a, 0x2d, 0xa9, 0x70, 0xb9, 0x3f, 0x82, 0x1d, 0x71, 0x07, 0x22, 0x8d,
  0x25, 0xcb, 0xed, 0x70, 0x8e, 0xd1, 0x89, 0x06, 0x24, 0xcf, 0xf8, 0xfd,
  0x01, 0xe7, 0xfb, 0x2e, 0xea, 0x0e, 0xe4, 0xed, 0xf8, 0x30, 0x17, 0xc6,
  0x00, 0xb3, 0x54, 0x60, 0x1e, 0x60, 0xaa, 0xf8, 0x00, 0x49, 0xfc, 0x2f,
  0xb8, 0xf4, 0x47, 0xc2, 0x87, 0xc7, 0xd8, 0x37, 0x30, 0xe9, 0xaf, 0x20,
  0x92, 0x83, 0xdb, 0x47, 0x1c, 0x03, 0xef, 0x81, 0x07, 0x19, 0xbe, 0x6f,
  0xc3, 0x71, 0xf8, 0x4b, 0xea, 0xe0, 0xd6, 0x86, 0xc8, 0x4a, 0xb5, 0x24,
  0xe1, 0x58, 0x05, 0xaf, 0xcb, 0x78, 0x3c, 0x6c, 0xc3, 0xf7, 0x91, 0x7e,
  0x9f, 0xc3, 0x96, 0xee, 0x8e, 0x0f, 0x59, 0xbf, 0x7c, 0x7c, 0x38, 0xfe,
  0x98, 0xf1, 0x3b, 0x78, 0x1e, 0x1f, 0x9e, 0xe0, 0x79, 0x04, 0xdb, 0x7b,
  0xb5, 0x03, 0x8f, 0x60, 0x3b, 0x70, 0xf8, 0xd1, 0xd7, 0x9f, 0x7b, 0x7c,
  0x38, 0xda, 0xf0, 0x6f, 0x3d, 0x3e, 0x3c, 0xc1, 0x13, 0x94, 0xf7, 0x00,
  0xc9, 0xad, 0x83, 0x08, 0xf1, 0x5b, 0x20, 0x47, 0x06, 0x83, 0x95, 0xb5,
  0x43, 0xac, 0x57, 0x50, 0x19, 0xa4, 0x3c, 0x66, 0x94, 0xfb, 0xa2, 0x00,
  0x7f, 0x0e, 0x4e, 0xfd, 0x13, 0xae, 0x79, 0x40, 0xe4, 0x84, 0x84, 0xe0,
  0x65, 0x0f, 0x54, 0x9d, 0x04, 0x23, 0x3e, 0xeb, 0x6d, 0x92, 0x26, 0xc4,
  0x92, 0xa4, 0x83, 0xe8, 0x20, 0x80, 0xc1, 0x85, 0x08, 0xe5, 0x06, 0x31,
  0x72, 0x81, 0x7e, 0x9a, 0x21, 0x09, 0x97, 0x29, 0x8d, 0xaa, 0x52, 0x2b,
  0xdf, 0x83, 0x9d, 0x6e, 0x9d, 0x9c, 0x03, 0xe9, 0xd3, 0x0c, 0x39, 0x25,
  0x9d, 0x12, 0xa5, 0xf7, 0xd0, 0xaf, 0x20, 0x03, 0xfa, 0x8d, 0x0c, 0xd3,
  0x5c, 0xc1, 0x9a, 0xe3, 0x00, 0xee, 0xc1, 0x04, 0xa4, 0x2f, 0xb7, 0x21,
  0x47, 0x68, 0xff, 0x9c, 0xf0, 0x1d, 0xf6, 0x1b, 0xa8, 0x00, 0x7f, 0x75,
  0x2b, 0xf7, 0x70, 0xee, 0x6e, 0x5f, 0x1c, 0xbb, 0xcd, 0xd9, 0x39, 0xec,
  0x03, 0xcd, 0x4a, 0x99, 0x67, 0xa2, 0x03, 0xc1, 0x75, 0x9d, 0xa6, 0x10,
  0x0e, 0x04, 0x97, 0x65, 0x9e, 0x63, 0x3c, 0x10, 0xcc, 0x79, 0x9a, 0x44,
  0x76, 0x82, 0xac, 0xe3, 0xf1, 0x4c, 0x1b, 0x2a, 0x0a, 0x81, 0x04, 0x42,
  0xc2, 0xda, 0x8f, 0x74, 0x62, 0x88, 0xc5, 0x1f, 0xb9, 0x3c, 0xd1, 0x86,
  0x14, 0x90, 0x18, 0xac, 0x50, 0x92, 0x9c, 0x62, 0xf0, 0x47, 0xb5, 0xcd,
  0x1f, 0x66, 0x4f, 0xb4, 0x21, 0x05, 0x9e, 0x7b, 0x5e, 0x0e, 0x4e, 0x25,
  0x86, 0xa9, 0xdc, 0xc0, 0x27, 0xda, 0x70, 0xd2, 0x28, 0x8e, 0x39, 0x59,
  0xc1, 0xb0, 0x81, 0xd4, 0xb9, 0x27, 0xda, 0x30, 0x20, 0x0a, 0x83, 0x04,
  0xca, 0x5a, 0xc1, 0xf9, 0x57, 0xf0, 0x89, 0x36, 0x9c, 0xc0, 0x18, 0x1b,
  0x25, 0xa5, 0x18, 0xb6, 0x8d, 0x12, 0x62, 0x6b, 0x86, 0x9d, 0xfb, 0xa1,
  0x6f, 0xe5, 0x5e, 0x8e, 0xc7, 0xfe, 0xfd, 0xf0, 0x7c, 0x2f, 0xef, 0x6c,
  0xc3, 0x73, 0xbc, 0x7c, 0x82, 0x27, 0x78, 0x82, 0x27, 0x78, 0x82, 0x27,
  0x78, 0x82, 0x27, 0x78, 0x82, 0xff, 0x97, 0x5d, 0x3b, 0x58, 0x6d, 0x18,
  0x86, 0xc1, 0x00, 0x3c, 0xc1, 0x74, 0x5f, 0x0f, 0x79, 0x1f, 0xfd, 0x87,
  0xdd, 0xff, 0x81, 0xfd, 0xfe, 0xaf, 0xb2, 0x49, 0xb2, 0xdb, 0x40, 0x2e,
  0x1e, 0xce, 0x2e, 0x43, 0x06, 0xdb, 0x4a, 0x5a, 0x3e, 0xe4, 0x04, 0x8b,
  0x1a, 0xda, 0x37, 0xdb, 0x05, 0xb4, 0xbd, 0xdc, 0xe4, 0x02, 0x7e, 0xee,
  0x25, 0xf8, 0xf5, 0xdf, 0xc0, 0x02, 0x0b, 0x2c, 0xb0, 0xc0, 0x02, 0xa9,
  0xd4, 0xde, 0x4d, 0x01, 0x8f, 0xbd, 0x6f, 0x82, 0x00, 0x30, 0xc7, 0xec,
  0xbb, 0x60, 0xc7, 0x93, 0xf5, 0x10, 0x72, 0x03, 0x68, 0x62, 0x4a, 0x35,
  0x69, 0xbe, 0xf8, 0xbb, 0x32, 0x6c, 0xc7, 0xc8, 0x70, 0x1b, 0x04, 0x90,
  0x60, 0x8e, 0xc0, 0x4d, 0x6f, 0xd9, 0x41, 0xfe, 0x8c, 0xd4, 0xda, 0x29,
  0xd1, 0x0a, 0x2c, 0xd0, 0x64, 0x46, 0xbc, 0x02, 0xc8, 0x21, 0x5b, 0x3b,
  0x96, 0x40, 0xf4, 0xdb, 0x41, 0xc8, 0xd8, 0xc2, 0xe2, 0x23, 0xc0, 0x98,
  0xa9, 0xa6, 0x94, 0xde, 0x19, 0xd5, 0x0c, 0x42, 0x5d, 0x04, 0xed, 0x30,
  0x64, 0x91, 0xe1, 0x28, 0xd2, 0x88, 0xb9, 0x8f, 0xbb, 0x71, 0x05, 0x03,
  0xb0, 0x06, 0xce, 0x9a, 0x2a, 0x2f, 0x70, 0x5c, 0x49, 0x82, 0x26, 0x00,
  0x05, 0xf1, 0xac, 0x57, 0xc1, 0xe8, 0x13, 0x3c, 0x27, 0x78, 0x0e, 0xd0,
  0xd7, 0x33, 0x1c, 0x65, 0xb0, 0xc5, 0x48, 0xb5, 0x9c, 0x23, 0x33, 0x2f,
  0x8e, 0x99, 0x21, 0xf5, 0x04, 0xd6, 0x4e, 0x29, 0xb0, 0xc0, 0x02, 0x0b,
  0x2c, 0xb0, 0xc0, 0x02, 0xa9, 0xaf, 0xb8, 0x1d, 0xde, 0xb9, 0x07, 0x5e,
  0x4f, 0x76, 0x74, 0x78, 0x03, 0x7c, 0xfe, 0xb0, 0x01, 0xa8, 0x14, 0xaa,
  0xc9, 0x26, 0x08, 0x98, 0xcc, 0xf3, 0x28, 0x76, 0x97, 0x9c, 0x20, 0x1e,
  0x26, 0x09, 0x7a, 0x76, 0xbb, 0x4b, 0x86, 0x83, 0xe8, 0x79, 0xb4, 0xed,
  0xd8, 0x06, 0xa9, 0x54, 0x3c, 0xa8, 0xfe, 0x7e, 0xf3, 0x69, 0xb6, 0x3a,
  0x2f, 0x17, 0x58, 0xe0, 0xb9, 0x08, 0x72, 0xc4, 0x19, 0x99, 0xf2, 0x04,
  0xf0, 0x77, 0x20, 0x90, 0xe0, 0x8c, 0x19, 0xf3, 0x16, 0x08, 0x50, 0xd9,
  0xa9, 0x11, 0x8b, 0x49, 0x82, 0x54, 0x4a, 0x9e, 0x95, 0xfd, 0x0e, 0x7d,
  0xd6, 0x65, 0xb0, 0x83, 0xa3, 0x14, 0x1a, 0xe6, 0x92, 0xe1, 0x2d, 0x46,
  0x8e, 0x6f, 0x99, 0x2c, 0x83, 0x14, 0xc6, 0x79, 0xd8, 0x04, 0x73, 0xc9,
  0x83, 0x98, 0x60, 0xd0, 0x8f, 0x65, 0x30, 0x80, 0x88, 0x1d, 0x6c, 0xc7,
  0x04, 0x63, 0x40, 0xde, 0x59, 0x06, 0xa9, 0x54, 0x4a, 0x53, 0x6a, 0x82,
  0x4d, 0xdb, 0x61, 0xda, 0xe2, 0xae, 0x8d, 0xa2, 0xe8, 0xe5, 0x91, 0xba,
  0x08, 0x7a, 0x6a, 0xd7, 0x36, 0x3f, 0xc1, 0x9d, 0x3b, 0x85, 0xba, 0x06,
  0xd6, 0x5e, 0x2e, 0xb0, 0xc0, 0x02, 0x0b, 0x2c, 0xb0, 0xc0, 0x02, 0x0b,
  0x2c, 0xf0, 0xef, 0xff, 0x8c, 0xd7, 0x37, 0xdb, 0x77, 0xbb, 0x76, 0x4c,
  0x03, 0x00, 0x08, 0x03, 0x40, 0x90, 0x01, 0x76, 0x16, 0x7c, 0x31, 0x50,
  0xff, 0x56, 0x48, 0xd0, 0x50, 0xa6, 0xde, 0x09, 0x78, 0x05, 0x5f, 0x72,
  0xb9, 0x14, 0x14, 0x14, 0x14, 0x14, 0x14, 0x5c, 0x91, 0xe6, 0xbc, 0x60,
  0x4b, 0xf4, 0x82, 0x91, 0xe8, 0x43, 0xb0, 0x0e, 0x00, 0xb8, 0x95, 0xbb,
  0x63, 0xbc, 0x4e, 0x69, 0xf9, 0x08, 0x00, 0x00, 0x00, 0x00, 0x49, 0x45,
  0x4e, 0x44, 0xae, 0x42, 0x60, 0x82
};
static const unsigned char asset_245[] = {
  0x89, 0x50, 0x4e, 0x47, 0x0d, 0x0a, 0x1a, 0x0a, 0x00, 0x00, 0x00, 0x0d,
  0x49, 0x48, 0x44, 0x52, 0x00, 0x00, 0x00, 0x10, 0x00, 0x00, 0x00, 0x10,
  0x01, 0x03, 0x00, 0x00, 0x00, 0x25, 0x3d, 0x6d, 0x22, 0x00, 0x00, 0x00,
  0x06, 0x50, 0x4c, 0x54, 0x45, 0xff, 0xff, 0xff, 0x03, 0x03, 0x03, 0xe5,
  0xa0, 0x6f, 0x5e, 0x00, 0x00, 0x00, 0x23, 0x49, 0x44, 0x41, 0x54, 0x78,
  0x5e, 0x65, 0xc4, 0xc9, 0x09, 0x00, 0x00, 0x08, 0x04, 0xb1, 0x79, 0x0b,
  0xb2, 0xfd, 0x77, 0xb9, 0x1d, 0x78, 0xfc, 0x04, 0x21, 0x84, 0xaa, 0x65,
  0x1e, 0xe1, 0xc0, 0x79, 0xd6, 0x68, 0xd2, 0x28, 0x11, 0x82, 0xba, 0x41,
  0x46, 0xe1, 0x00, 0x00, 0x00, 0x00, 0x49, 0x45, 0x4e, 0x44, 0xae, 0x42,
  0x60, 0x82
};
static const unsigned char asset_246[] = {
  0x89, 0x50, 0x4e, 0x47, 0x0d, 0x0a, 0x1a, 0x0a, 0x00, 0x00, 0x00, 0x0d,
  0x49, 0x48, 0x44, 0x52, 0x00, 0x00, 0x00, 0x10, 0x00, 0x00, 0x00, 0x10,
  0x01, 0x03, 0x00, 0x00, 0x00, 0x25, 0x3d, 0x6d, 0x22, 0x00, 0x00, 0x00,
  0x06, 0x50, 0x4c, 0x54, 0x45, 0xff, 0xff, 0xff, 0x03, 0x03, 0x03, 0xe5,
  0xa0, 0x6f, 0x5e, 0x00, 0x00, 0x00, 0x26, 0x49, 0x44, 0x41, 0x54, 0x78,
  0x5e, 0x65, 0x88, 0xb1, 0x09, 0x00, 0x00, 0x08, 0xc3, 0x3a, 0x0b, 0xe2,
  0x6b, 0x9e, 0xea, 0x69, 0x7e, 0x50, 0xeb, 0xe2, 0x62, 0x08, 0x19, 0x02,
  0x72, 0xfd, 0x74, 0xa0, 0x0c, 0xe9, 0x57, 0x1d, 0x39, 0xf9, 0xa9, 0x09,
  0xe2, 0x6a, 0xcf, 0x8e, 0x43, 0x00, 0x00, 0x00, 0x00, 0x49, 0x45, 0x4e,
  0x44, 0xae, 0x42, 0x60, 0x82
};
static const unsigned char asset_247[] = {
  0x89, 0x50, 0x4e, 0x47, 0x0d, 0x0a, 0x1a, 0x0a, 0x00, 0x00, 0x00, 0x0d,
  0x49, 0x48, 0x44, 0x52, 0x00, 0x00, 0x00, 0x10, 0x00, 0x00, 0x00, 0x10,
  0x01, 0x03, 0x00, 0x00, 0x00, 0x25, 0x3d, 0x6d, 0x22, 0x00, 0x00, 0x00,
  0x06, 0x50, 0x4c, 0x54, 0x45, 0xff, 0xff, 0xff, 0x03, 0x03, 0x03, 0xe5,
  0xa0, 0x6f, 0x5e, 0x00, 0x00, 0x00, 0x22, 0x49, 0x44, 0x41, 0x54, 0x78,
  0x5e, 0x65, 0x8a, 0xb1, 0x09, 0x00, 0x00, 0x0c, 0xc2, 0x7c, 0xd2, 0x27,
  0xf3, 0xa4, 0x45, 0x0a, 0x5d, 0x2a, 0xc1, 0x21, 0x44, 0x49, 0x79, 0xab,
  0x04, 0xd9, 0xf7, 0x5b, 0x0e, 0x34, 0x0a, 0x0f, 0x47, 0xb8, 0xdc, 0x27,
  0xdd, 0x00, 0x00, 0x00, 0x00, 0x49, 0x45, 0x4e, 0x44, 0xae, 0x42, 0x60,
  0x82
};
static const unsigned char asset_248[] = {
  0x89, 0x50, 0x4e, 0x47, 0x0d, 0x0a, 0x1a, 0x0a, 0x00, 0x00, 0x00, 0x0d,
  0x49, 0x48, 0x44, 0x52, 0x00, 0x00, 0x00, 0x10, 0x00, 0x00, 0x00, 0x10,
  0x01, 0x03, 0x00, 0x00, 0x00, 0x25, 0x3d, 0x6d, 0x22, 0x00, 0x00, 0x00,
  0x06, 0x50, 0x4c, 0x54, 0x45, 0x03, 0x03, 0x03, 0xff, 0xff, 0xff, 0x76,
  0x58, 0x38, 0x4d, 0x00, 0x00, 0x00, 0x26, 0x49, 0x44, 0x41, 0x54, 0x78,
  0x5e, 0x5d, 0xc4, 0xb1, 0x09, 0x00, 0x00, 0x08, 0x03, 0xc1, 0x34, 0x36,
  0x36, 0x4e, 0xe7, 0x92, 0x4e, 0x97, 0x0d, 0x54, 0xd2, 0x08, 0x3e, 0xc7,
  0x23, 0x28, 0xfd, 0x6d, 0x96, 0xf0, 0xba, 0xab, 0x01, 0x47, 0x29, 0x0a,
  0xc9, 0x97, 0x39, 0xf3, 0x43, 0x00, 0x00, 0x00, 0x00, 0x49, 0x45, 0x4e,
  0x44, 0xae, 0x42, 0x60, 0x82
};
static const unsigned char asset_249[] = {
  0x89, 0x50, 0x4e, 0x47, 0x0d, 0x0a, 0x1a, 0x0a, 0x00, 0x00, 0x00, 0x0d,
  0x49, 0x48, 0x44, 0x52, 0x00, 0x00, 0x00, 0x10, 0x00, 0x00, 0x00, 0x10,
  0x01, 0x03, 0x00, 0x00, 0x00, 0x25, 0x3d, 0x6d, 0x22, 0x00, 0x00, 0x00,
  0x06, 0x50, 0x4c, 0x54, 0x45, 0xff, 0xff, 0xff, 0x03, 0x03, 0x03, 0xe5,
  0xa0, 0x6f, 0x5e, 0x00, 0x00, 0x00, 0x24, 0x49, 0x44, 0x41, 0x54, 0x78,
  0x5e, 0x5d, 0x8a, 0xb1, 0x09, 0x00, 0x00, 0x08, 0xc3, 0x32, 0x0b, 0xc5,
  0xff, 0xbf, 0xec, 0x09, 0x42, 0x05, 0x07, 0x21, 0x64, 0x08, 0xc1, 0x1d,
  0x78, 0x24, 0x16, 0xd6, 0x79, 0xcf, 0x01, 0x79, 0x63, 0x0f, 0x84, 0xd5,
  0x05, 0x4f, 0x55, 0x00, 0x00, 0x00, 0x00, 0x49, 0x45, 0x4e, 0x44, 0xae,
  0x42, 0x60, 0x82
};
static const unsigned char asset_250[] = {
  0x89, 0x50, 0x4e, 0x47, 0x0d, 0x0a, 0x1a, 0x0a, 0x00, 0x00, 0x00, 0x0d,
  0x49, 0x48, 0x44, 0x52, 0x00, 0x00, 0x00, 0x10, 0x00, 0x00, 0x00, 0x10,
  0x01, 0x03, 0x00, 0x00, 0x00, 0x25, 0x3d, 0x6d, 0x22, 0x00, 0x00, 0x00,
  0x06, 0x50, 0x4c, 0x54, 0x45, 0xff, 0xff, 0xff, 0x03, 0x03, 0x03, 0xe5,
  0xa0, 0x6f, 0x5e, 0x00, 0x00, 0x00, 0x27, 0x49, 0x44, 0x41, 0x54, 0x78,
  0x5e, 0x65, 0x8a, 0xb1, 0x09, 0x00, 0x00, 0x08, 0xc3, 0x3a, 0x0b, 0xc5,
  0xd7, 0x3c, 0xd5, 0xd3, 0x7a, 0x82, 0x14, 0xc1, 0xc5, 0x12, 0x3a, 0x84,
  0x40, 0x69, 0xde, 0x2c, 0x3b, 0x50, 0xbc, 0xdf, 0x72, 0x00, 0xa0, 0xe4,
  0x07, 0xe4, 0x4f, 0x30, 0xf1, 0x3a, 0x00, 0x00, 0x00, 0x00, 0x49, 0x45,
  0x4e, 0x44, 0xae, 0x42, 0x60, 0x82
};
static const unsigned char asset_251[] = {
  0x89, 0x50, 0x4e, 0x47, 0x0d, 0x0a, 0x1a, 0x0a, 0x00, 0x00, 0x00, 0x0d,
  0x49, 0x48, 0x44, 0x52, 0x00, 0x00, 0x00, 0x10, 0x00, 0x00, 0x00, 0x10,
  0x01, 0x03, 0x00, 0x00, 0x00, 0x25, 0x3d, 0x6d, 0x22, 0x00, 0x00, 0x00,
  0x06, 0x50, 0x4c, 0x54, 0x45, 0xff, 0xff, 0xff, 0x03, 0x03, 0x03, 0xe5,
  0xa0, 0x6f, 0x5e, 0x00, 0x00, 0x00, 0x25, 0x49, 0x44, 0x41, 0x54, 0x78,
  0x5e, 0x65, 0x88, 0x31, 0x0d, 0x00, 0x00, 0x08, 0xc3, 0xe6, 0x00, 0x75,
  0x33, 0x39, 0x75, 0x38, 0x18, 0xe3, 0xe1, 0xa1, 0x69, 0x7a, 0x14, 0x5d,
  0xeb, 0xc7, 0x86, 0x04, 0xf2, 0x9a, 0x13, 0x07, 0xdb, 0x36, 0x0d, 0x49,
  0x59, 0xc9, 0xd6, 0xe8, 0x00, 0x00, 0x00, 0x00, 0x49, 0x45, 0x4e, 0x44,
  0xae, 0x42, 0x60, 0x82
};
static const unsigned char asset_252[] = {
  0x89, 0x50, 0x4e, 0x47, 0x0d, 0x0a, 0x1a, 0x0a, 0x00, 0x00, 0x00, 0x0d,
  0x49, 0x48, 0x44, 0x52, 0x00, 0x00, 0x00, 0x10, 0x00, 0x00, 0x00, 0x10,
  0x01, 0x03, 0x00, 0x00, 0x00, 0x25, 0x3d, 0x6d, 0x22, 0x00, 0x00, 0x00,
  0x06, 0x50, 0x4c, 0x54, 0x45, 0x03, 0x03, 0x03, 0xff, 0xff, 0xff, 0x76,
  0x58, 0x38, 0x4d, 0x00, 0x00, 0x00, 0x19, 0x49, 0x44, 0x41, 0x54, 0x78,
  0x5e, 0x95, 0xc2, 0x01, 0x0d, 0x00, 0x00, 0x00, 0x82, 0x30, 0x1b, 0xd8,
  0xbf, 0x25, 0x11, 0xc8, 0xc0, 0xf6, 0x9d, 0x44, 0x77, 0xb7, 0x0f, 0xf1,
  0xf9, 0x85, 0x09, 0xa7, 0x00, 0x00, 0x00, 0x00, 0x49, 0x45, 0x4e, 0x44,
  0xae, 0x42, 0x60, 0x82
};
static const unsigned char asset_253[] = {
  0x89, 0x50, 0x4e, 0x47, 0x0d, 0x0a, 0x1a, 0x0a, 0x00, 0x00, 0x00, 0x0d,
  0x49, 0x48, 0x44, 0x52, 0x00, 0x00, 0x00, 0x10, 0x00, 0x00, 0x00, 0x10,
  0x01, 0x03, 0x00, 0x00, 0x00, 0x25, 0x3d, 0x6d, 0x22, 0x00, 0x00, 0x00,
  0x06, 0x50, 0x4c, 0x54, 0x45, 0xff, 0xff, 0xff, 0x03, 0x03, 0x03, 0xe5,
  0xa0, 0x6f, 0x5e, 0x00, 0x00, 0x00, 0x25, 0x49, 0x44, 0x41, 0x54, 0x78,
  0x5e, 0x5d, 0x8a, 0x41, 0x09, 0x00, 0x00, 0x08, 0xc4, 0xd6, 0xe0, 0xaa,
  0x19, 0xd5, 0x68, 0x17, 0x41, 0xd4, 0x87, 0x20, 0x8c, 0x3d, 0xc6, 0xb0,
  0x1a, 0x1e, 0x13, 0x53, 0xc4, 0x79, 0xcf, 0x02, 0xad, 0x48, 0x08, 0x51,
  0x6d, 0xa3, 0x90, 0x69, 0x00, 0x00, 0x00, 0x00, 0x49, 0x45, 0x4e, 0x44,
  0xae, 0x42, 0x60, 0x82
};
static const unsigned char asset_254[] = {
  0x89, 0x50, 0x4e, 0x47, 0x0d, 0x0a, 0x1a, 0x0a, 0x00, 0x00, 0x00, 0x0d,
  0x49, 0x48, 0x44, 0x52, 0x00, 0x00, 0x00, 0x10, 0x00, 0x00, 0x00, 0x10,
  0x01, 0x03, 0x00, 0x00, 0x00, 0x25, 0x3d, 0x6d, 0x22, 0x00, 0x00, 0x00,
  0x06, 0x50, 0x4c, 0x54, 0x45, 0x03, 0x03, 0x03, 0xff, 0xff, 0xff, 0x76,
  0x58, 0x38, 0x4d, 0x00, 0x00, 0x00, 0x26, 0x49, 0x44, 0x41, 0x54, 0x78,
  0x5e, 0x65, 0xc4, 0x39, 0x11, 0x00, 0x00, 0x08, 0xc4, 0xc0, 0x73, 0x80,
  0x35, 0x1a, 0xfc, 0x51, 0xa3, 0xee, 0x1c, 0xf0, 0x35, 0x14, 0x64, 0x76,
  0x02, 0xe1, 0xc8, 0xa7, 0x33, 0x45, 0xf8, 0x7d, 0x2b, 0x15, 0x14, 0x12,
  0x1c, 0x3b, 0xc1, 0x8a, 0x22, 0x00, 0x00, 0x00, 0x00, 0x49, 0x45, 0x4e,
  0x44, 0xae, 0x42, 0x60, 0x82
};
static const unsigned char asset_255[] = {
  0x89, 0x50, 0x4e, 0x47, 0x0d, 0x0a, 0x1a, 0x0a, 0x00, 0x00, 0x00, 0x0d,
  0x49, 0x48, 0x44, 0x52, 0x00, 0x00, 0x00, 0x10, 0x00, 0x00, 0x00, 0x10,
  0x01, 0x03, 0x00, 0x00, 0x00, 0x25, 0x3d, 0x6d, 0x22, 0x00, 0x00, 0x00,
  0x06, 0x50, 0x4c, 0x54, 0x45, 0xff, 0xff, 0xff, 0x03, 0x03, 0x03, 0xe5,
  0xa0, 0x6f, 0x5e, 0x00, 0x00, 0x00, 0x23, 0x49, 0x44, 0x41, 0x54, 0x78,
  0x5e, 0x5d, 0xc4, 0x51, 0x09, 0x00, 0x00, 0x08, 0x43, 0xc1, 0xd7, 0x60,
  0xd5, 0x8c, 0x6a, 0xb4, 0x35, 0x50, 0xf6, 0x27, 0xc2, 0x71, 0xcc, 0x04,
  0xfa, 0x2c, 0x5a, 0xd4, 0xd9, 0xb1, 0x06, 0x1c, 0x0a, 0x4f, 0x6f, 0x26,
  0x90, 0x60, 0x00, 0x00, 0x00, 0x00, 0x49, 0x45, 0x4e, 0x44, 0xae, 0x42,
  0x60, 0x82
};
static const WagnerAsset WAGNER_ASSETS[] = {
    {"Creature_Automaton_U.png", asset_0, sizeof(asset_0)},
    {"Creature_Bat_U.png", asset_1, sizeof(asset_1)},
    {"Creature_Bear_U.png", asset_2, sizeof(asset_2)},
    {"Creature_Cat_U.png", asset_3, sizeof(asset_3)},
    {"Creature_Centipede_U.png", asset_4, sizeof(asset_4)},
    {"Creature_Cyclops_U.png", asset_5, sizeof(asset_5)},
    {"Creature_Diehard_U.png", asset_6, sizeof(asset_6)},
    {"Creature_Dog_U.png", asset_7, sizeof(asset_7)},
    {"Creature_Dragon_U.png", asset_8, sizeof(asset_8)},
    {"Creature_Drake_U.png", asset_9, sizeof(asset_9)},
    {"Creature_Gazer_U.png", asset_10, sizeof(asset_10)},
    {"Creature_Ghost_U.png", asset_11, sizeof(asset_11)},
    {"Creature_Goblin_U.png", asset_12, sizeof(asset_12)},
    {"Creature_Golem_U.png", asset_13, sizeof(asset_13)},
    {"Creature_Hand_U.png", asset_14, sizeof(asset_14)},
    {"Creature_Hobgoblin_U.png", asset_15, sizeof(asset_15)},
    {"Creature_Horse_U.png", asset_16, sizeof(asset_16)},
    {"Creature_Ifrit_U.png", asset_17, sizeof(asset_17)},
    {"Creature_Imp_U.png", asset_18, sizeof(asset_18)},
    {"Creature_Jelly_U.png", asset_19, sizeof(asset_19)},
    {"Creature_Kraken_U.png", asset_20, sizeof(asset_20)},
    {"Creature_Lion_U.png", asset_21, sizeof(asset_21)},
    {"Creature_Mermaid_F.png", asset_22, sizeof(asset_22)},
    {"Creature_Mimic_U.png", asset_23, sizeof(asset_23)},
    {"Creature_Orc_U.png", asset_24, sizeof(asset_24)},
    {"Creature_Rat_U.png", asset_25, sizeof(asset_25)},
    {"Creature_Reaper_U.png", asset_26, sizeof(asset_26)},
    {"Creature_Scorpion_U.png", asset_27, sizeof(asset_27)},
    {"Creature_Skeleton_U.png", asset_28, sizeof(asset_28)},
    {"Creature_Skull_U.png", asset_29, sizeof(asset_29)},
    {"Creature_Snail_U.png", asset_30, sizeof(asset_30)},
    {"Creature_Snake_U.png", asset_31, sizeof(asset_31)},
    {"Creature_Spider_U.png", asset_32, sizeof(asset_32)},
    {"Creature_Stalker_U.png", asset_33, sizeof(asset_33)},
    {"Creature_Wolf_U.png", asset_34, sizeof(asset_34)},
    {"Creature_Zombie_U.png", asset_35, sizeof(asset_35)},
    {"Emote_Angry.png", asset_36, sizeof(asset_36)},
    {"Emote_Excited.png", asset_37, sizeof(asset_37)},
    {"Emote_Happy.png", asset_38, sizeof(asset_38)},
    {"Emote_Hurt.png", asset_39, sizeof(asset_39)},
    {"Emote_Nerd.png", asset_40, sizeof(asset_40)},
    {"Emote_Sad.png", asset_41, sizeof(asset_41)},
    {"Emote_Serious.png", asset_42, sizeof(asset_42)},
    {"Emote_Sick.png", asset_43, sizeof(asset_43)},
    {"Emote_Sleeping.png", asset_44, sizeof(asset_44)},
    {"Emote_Smug.png", asset_45, sizeof(asset_45)},
    {"Emote_Upset.png", asset_46, sizeof(asset_46)},
    {"Emote_Yarr.png", asset_47, sizeof(asset_47)},
    {"Feature_Altar.png", asset_48, sizeof(asset_48)},
    {"Feature_Beartrap_Ready.png", asset_49, sizeof(asset_49)},
    {"Feature_Beartrap_Used.png", asset_50, sizeof(asset_50)},
    {"Feature_Bed.png", asset_51, sizeof(asset_51)},
    {"Feature_Block.png", asset_52, sizeof(asset_52)},
    {"Feature_Bookcase.png", asset_53, sizeof(asset_53)},
    {"Feature_Boulders.png", asset_54, sizeof(asset_54)},
    {"Feature_Brick_A.png", asset_55, sizeof(asset_55)},
    {"Feature_Brick_B.png", asset_56, sizeof(asset_56)},
    {"Feature_Brick_C.png", asset_57, sizeof(asset_57)},
    {"Feature_Button_Ready.png", asset_58, sizeof(asset_58)},
    {"Feature_Button_Used.png", asset_59, sizeof(asset_59)},
    {"Feature_Cauldron.png", asset_60, sizeof(asset_60)},
    {"Feature_Cupboard.png", asset_61, sizeof(asset_61)},
    {"Feature_Door_Closed.png", asset_62, sizeof(asset_62)},
    {"Feature_Door_Open.png", asset_63, sizeof(asset_63)},
    {"Feature_Flower.png", asset_64, sizeof(asset_64)},
    {"Feature_Grass.png", asset_65, sizeof(asset_65)},
    {"Feature_Grate.png", asset_66, sizeof(asset_66)},
    {"Feature_Panel_Ready.png", asset_67, sizeof(asset_67)},
    {"Feature_Panel_Used.png", asset_68, sizeof(asset_68)},
    {"Feature_Pebbles.png", asset_69, sizeof(asset_69)},
    {"Feature_Pillar.png", asset_70, sizeof(asset_70)},
    {"Feature_Pyre.png", asset_71, sizeof(asset_71)},
    {"Feature_Sign.png", asset_72, sizeof(asset_72)},
    {"Feature_Slot.png", asset_73, sizeof(asset_73)},
    {"Feature_Stairs_Down.png", asset_74, sizeof(asset_74)},
    {"Feature_Stairs_Up.png", asset_75, sizeof(asset_75)},
    {"Feature_Stone_A.png", asset_76, sizeof(asset_76)},
    {"Feature_Stone_B.png", asset_77, sizeof(asset_77)},
    {"Feature_Stone_C.png", asset_78, sizeof(asset_78)},
    {"Feature_Stool.png", asset_79, sizeof(asset_79)},
    {"Feature_Switch_Left.png", asset_80, sizeof(asset_80)},
    {"Feature_Switch_Right.png", asset_81, sizeof(asset_81)},
    {"Feature_Table.png", asset_82, sizeof(asset_82)},
    {"Feature_Tombstone.png", asset_83, sizeof(asset_83)},
    {"Feature_Trap_Ready.png", asset_84, sizeof(asset_84)},
    {"Feature_Trap_Used.png", asset_85, sizeof(asset_85)},
    {"Feature_Trapdoor_Ready.png", asset_86, sizeof(asset_86)},
    {"Feature_Trapdoor_Used.png", asset_87, sizeof(asset_87)},
    {"Feature_Tree_Bare.png", asset_88, sizeof(asset_88)},
    {"Feature_Tree_Full.png", asset_89, sizeof(asset_89)},
    {"Feature_Tree_Pine.png", asset_90, sizeof(asset_90)},
    {"Feature_Waves.png", asset_91, sizeof(asset_91)},
    {"Feature_Web.png", asset_92, sizeof(asset_92)},
    {"Feature_Wheel.png", asset_93, sizeof(asset_93)},
    {"Human_Archer_F.png", asset_94, sizeof(asset_94)},
    {"Human_Archer_M.png", asset_95, sizeof(asset_95)},
    {"Human_Assassin_U.png", asset_96, sizeof(asset_96)},
    {"Human_Child_F.png", asset_97, sizeof(asset_97)},
    {"Human_Child_M.png", asset_98, sizeof(asset_98)},
    {"Human_Cultist_U.png", asset_99, sizeof(asset_99)},
    {"Human_Elder_M.png", asset_100, sizeof(asset_100)},
    {"Human_Guard_U.png", asset_101, sizeof(asset_101)},
    {"Human_Knight_F.png", asset_102, sizeof(asset_102)},
    {"Human_Knight_M.png", asset_103, sizeof(asset_103)},
    {"Human_Lunatic_F.png", asset_104, sizeof(asset_104)},
    {"Human_Lunatic_M.png", asset_105, sizeof(asset_105)},
    {"Human_Monk_F.png", asset_106, sizeof(asset_106)},
    {"Human_Monk_M.png", asset_107, sizeof(asset_107)},
    {"Human_Necromancer_M.png", asset_108, sizeof(asset_108)},
    {"Human_Normal_F.png", asset_109, sizeof(asset_109)},
    {"Human_Normal_M.png", asset_110, sizeof(asset_110)},
    {"Human_Phantom_F.png", asset_111, sizeof(asset_111)},
    {"Human_Phantom_M.png", asset_112, sizeof(asset_112)},
    {"Human_Pirate_F.png", asset_113, sizeof(asset_113)},
    {"Human_Pirate_M.png", asset_114, sizeof(asset_114)},
    {"Human_Priest_F.png", asset_115, sizeof(asset_115)},
    {"Human_Priest_M.png", asset_116, sizeof(asset_116)},
    {"Human_Ruler_F.png", asset_117, sizeof(asset_117)},
    {"Human_Ruler_M.png", asset_118, sizeof(asset_118)},
    {"Human_Thief_F.png", asset_119, sizeof(asset_119)},
    {"Human_Thief_M.png", asset_120, sizeof(asset_120)},
    {"Human_Wizard_F.png", asset_121, sizeof(asset_121)},
    {"Human_Wizard_M.png", asset_122, sizeof(asset_122)},
    {"Human_Wrestler_F.png", asset_123, sizeof(asset_123)},
    {"Human_Wrestler_M.png", asset_124, sizeof(asset_124)},
    {"Item_Ankh.png", asset_125, sizeof(asset_125)},
    {"Item_Arrows.png", asset_126, sizeof(asset_126)},
    {"Item_Axe.png", asset_127, sizeof(asset_127)},
    {"Item_Bag.png", asset_128, sizeof(asset_128)},
    {"Item_Beer.png", asset_129, sizeof(asset_129)},
    {"Item_Bell.png", asset_130, sizeof(asset_130)},
    {"Item_Belt.png", asset_131, sizeof(asset_131)},
    {"Item_Bomb.png", asset_132, sizeof(asset_132)},
    {"Item_Bone.png", asset_133, sizeof(asset_133)},
    {"Item_Book.png", asset_134, sizeof(asset_134)},
    {"Item_Boots.png", asset_135, sizeof(asset_135)},
    {"Item_Bottle.png", asset_136, sizeof(asset_136)},
    {"Item_Bow.png", asset_137, sizeof(asset_137)},
    {"Item_Bracers.png", asset_138, sizeof(asset_138)},
    {"Item_Bread.png", asset_139, sizeof(asset_139)},
    {"Item_Broken.png", asset_140, sizeof(asset_140)},
    {"Item_Candy.png", asset_141, sizeof(asset_141)},
    {"Item_Cart.png", asset_142, sizeof(asset_142)},
    {"Item_Chainmail.png", asset_143, sizeof(asset_143)},
    {"Item_Cheese.png", asset_144, sizeof(asset_144)},
    {"Item_Chest_Ready.png", asset_145, sizeof(asset_145)},
    {"Item_Chest_Used.png", asset_146, sizeof(asset_146)},
    {"Item_Cloak.png", asset_147, sizeof(asset_147)},
    {"Item_Club.png", asset_148, sizeof(asset_148)},
    {"Item_Coins.png", asset_149, sizeof(asset_149)},
    {"Item_Corpse.png", asset_150, sizeof(asset_150)},
    {"Item_Crown.png", asset_151, sizeof(asset_151)},
    {"Item_Crystal.png", asset_152, sizeof(asset_152)},
    {"Item_Cupcake.png", asset_153, sizeof(asset_153)},
    {"Item_Dagger.png", asset_154, sizeof(asset_154)},
    {"Item_Drum.png", asset_155, sizeof(asset_155)},
    {"Item_Drumstick.png", asset_156, sizeof(asset_156)},
    {"Item_Egg.png", asset_157, sizeof(asset_157)},
    {"Item_Eyeball.png", asset_158, sizeof(asset_158)},
    {"Item_Fish.png", asset_159, sizeof(asset_159)},
    {"Item_Fossil.png", asset_160, sizeof(asset_160)},
    {"Item_Fruit.png", asset_161, sizeof(asset_161)},
    {"Item_Gem.png", asset_162, sizeof(asset_162)},
    {"Item_Glasses.png", asset_163, sizeof(asset_163)},
    {"Item_Gloves.png", asset_164, sizeof(asset_164)},
    {"Item_Hammer.png", asset_165, sizeof(asset_165)},
    {"Item_Harp.png", asset_166, sizeof(asset_166)},
    {"Item_Hat.png", asset_167, sizeof(asset_167)},
    {"Item_Helm.png", asset_168, sizeof(asset_168)},
    {"Item_Herb.png", asset_169, sizeof(asset_169)},
    {"Item_Hood.png", asset_170, sizeof(asset_170)},
    {"Item_Jug.png", asset_171, sizeof(asset_171)},
    {"Item_Kebab.png", asset_172, sizeof(asset_172)},
    {"Item_Key_A.png", asset_173, sizeof(asset_173)},
    {"Item_Key_B.png", asset_174, sizeof(asset_174)},
    {"Item_Lantern.png", asset_175, sizeof(asset_175)},
    {"Item_Leaf.png", asset_176, sizeof(asset_176)},
    {"Item_Letter.png", asset_177, sizeof(asset_177)},
    {"Item_Lute.png", asset_178, sizeof(asset_178)},
    {"Item_Mushroom.png", asset_179, sizeof(asset_179)},
    {"Item_Necklace.png", asset_180, sizeof(asset_180)},
    {"Item_Nugget.png", asset_181, sizeof(asset_181)},
    {"Item_Orb.png", asset_182, sizeof(asset_182)},
    {"Item_Pants.png", asset_183, sizeof(asset_183)},
    {"Item_Pickaxe.png", asset_184, sizeof(asset_184)},
    {"Item_Pipes.png", asset_185, sizeof(asset_185)},
    {"Item_Plate.png", asset_186, sizeof(asset_186)},
    {"Item_Pole.png", asset_187, sizeof(asset_187)},
    {"Item_Pot.png", asset_188, sizeof(asset_188)},
    {"Item_Ring.png", asset_189, sizeof(asset_189)},
    {"Item_Rod.png", asset_190, sizeof(asset_190)},
    {"Item_Root.png", asset_191, sizeof(asset_191)},
    {"Item_Rope.png", asset_192, sizeof(asset_192)},
    {"Item_Scroll.png", asset_193, sizeof(asset_193)},
    {"Item_Shell.png", asset_194, sizeof(asset_194)},
    {"Item_Shield_A.png", asset_195, sizeof(asset_195)},
    {"Item_Shield_B.png", asset_196, sizeof(asset_196)},
    {"Item_Ship.png", asset_197, sizeof(asset_197)},
    {"Item_Shovel.png", asset_198, sizeof(asset_198)},
    {"Item_Skull.png", asset_199, sizeof(asset_199)},
    {"Item_Spear.png", asset_200, sizeof(asset_200)},
    {"Item_Staff.png", asset_201, sizeof(asset_201)},
    {"Item_Steak.png", asset_202, sizeof(asset_202)},
    {"Item_Sword.png", asset_203, sizeof(asset_203)},
    {"Item_Torch.png", asset_204, sizeof(asset_204)},
    {"Item_Totem.png", asset_205, sizeof(asset_205)},
    {"Item_Trophy.png", asset_206, sizeof(asset_206)},
    {"Item_Tunic.png", asset_207, sizeof(asset_207)},
    {"Item_Urn.png", asset_208, sizeof(asset_208)},
    {"Item_Vegetable.png", asset_209, sizeof(asset_209)},
    {"Item_Vial.png", asset_210, sizeof(asset_210)},
    {"Item_Wand.png", asset_211, sizeof(asset_211)},
    {"Item_Xylophone.png", asset_212, sizeof(asset_212)},
    {"LICENSE.md", asset_213, sizeof(asset_213)},
    {"Other_Arcane.png", asset_214, sizeof(asset_214)},
    {"Other_At.png", asset_215, sizeof(asset_215)},
    {"Other_Attack.png", asset_216, sizeof(asset_216)},
    {"Other_Confusion.png", asset_217, sizeof(asset_217)},
    {"Other_Dead.png", asset_218, sizeof(asset_218)},
    {"Other_Defend.png", asset_219, sizeof(asset_219)},
    {"Other_Divine.png", asset_220, sizeof(asset_220)},
    {"Other_Emanation.png", asset_221, sizeof(asset_221)},
    {"Other_Ex.png", asset_222, sizeof(asset_222)},
    {"Other_Fire.png", asset_223, sizeof(asset_223)},
    {"Other_Heart.png", asset_224, sizeof(asset_224)},
    {"Other_Ice.png", asset_225, sizeof(asset_225)},
    {"Other_Lightning.png", asset_226, sizeof(asset_226)},
    {"Other_Moon.png", asset_227, sizeof(asset_227)},
    {"Other_Music.png", asset_228, sizeof(asset_228)},
    {"Other_Plus.png", asset_229, sizeof(asset_229)},
    {"Other_Poison.png", asset_230, sizeof(asset_230)},
    {"Other_Sleep.png", asset_231, sizeof(asset_231)},
    {"Other_Solid.png", asset_232, sizeof(asset_232)},
    {"Other_Star.png", asset_233, sizeof(asset_233)},
    {"Other_Sun.png", asset_234, sizeof(asset_234)},
    {"Other_Target.png", asset_235, sizeof(asset_235)},
    {"Other_Up.png", asset_236, sizeof(asset_236)},
    {"Other_Up_Right.png", asset_237, sizeof(asset_237)},
    {"Other_Wait.png", asset_238, sizeof(asset_238)},
    {"Other_Warning.png", asset_239, sizeof(asset_239)},
    {"Other_Water.png", asset_240, sizeof(asset_240)},
    {"Overworld_Castlle.png", asset_241, sizeof(asset_241)},
    {"Overworld_Cave.png", asset_242, sizeof(asset_242)},
    {"Overworld_House.png", asset_243, sizeof(asset_243)},
    {"Scroll-O-Sprites-by-Quale.png", asset_244, sizeof(asset_244)},
    {"Wall_ES.png", asset_245, sizeof(asset_245)},
    {"Wall_ESW.png", asset_246, sizeof(asset_246)},
    {"Wall_EW.png", asset_247, sizeof(asset_247)},
    {"Wall_NE.png", asset_248, sizeof(asset_248)},
    {"Wall_NES.png", asset_249, sizeof(asset_249)},
    {"Wall_NESW.png", asset_250, sizeof(asset_250)},
    {"Wall_NEW.png", asset_251, sizeof(asset_251)},
    {"Wall_NS.png", asset_252, sizeof(asset_252)},
    {"Wall_NSW.png", asset_253, sizeof(asset_253)},
    {"Wall_NW.png", asset_254, sizeof(asset_254)},
    {"Wall_SW.png", asset_255, sizeof(asset_255)},
};
static const int WAGNER_ASSET_COUNT = 256;
